fid,facility_id,facility_name,facility_other_names,sub_site_name,sub_site_other_names,facility_type,primary_commodity,commodities_products,facility_equipment,production_start,production_end,activity_status,activity_status_year,surface_area_sq_km,concession_area_sq_km,country,GID_0,GID_1,GID_2,GID_3,GID_4,source_id,comment
1,COM00001.00,"777",,,,Mine,Copper,"Copper, Zinc, Gold, Silver",Underground,,,,,,,Canada,CAN,CAN.3_1,CAN.3.13_1,CAN.3.13.2_1,,det_1149,
2,COM00002.00,A Narrain,,,,Mine,Iron,Iron ore,Open pit,,,,,,1.606,India,IND,IND.16_1,IND.16.11_1,IND.16.11.2_1,,det_1307,
3,COM00003.00,Absaloka,,,,Mine,Coal,Sub-bituminous coal,,1974,,,,,,United States of America,USA,USA.27_1,USA.27.2_1,,,det_1427,
4,COM00004.00,Abyz,,,,Mine,Gold,"Copper, Zinc, Gold, Silver",,,,,,,,Kazakhstan,KAZ,NA,NA,NA,NA,det_1123,
5,COM00005.00,Achinsk Alumina Refinery,,,,Refinery,Processing,"Alumina, Calcined soda",Sinter plant,1970,,,,,,Russian Federation,RUS,RUS.35_1,RUS.35.2_1,RUS.35.2.1_1,,det_1289,
6,COM00006.00,Acindar,,,,"Smelter, Refinery",Processing,"Steel, rebar, steel bar, steel meshes, wire rod, barbed wire","Direct reduction iron plant, electric arc furnace, ladle furnace, continuous casting, rolling mills, drawing mill",,,,,,,Argentina,ARG,ARG.1_1,ARG.1.111_1,,,det_1219,
7,COM00007.00,AGA Mineracao,,,,Mine,Gold,Gold,"Underground, Open pit, Heap leaching plant",,,,,,,Brazil,BRA,BRA.13_1,"BRA.13.662_1 ; BRA.13.672_1","BRA.13.662.2_1 ; BRA.13.662.4_1 ; BRA.13.672.1_1 ; BRA.13.672.2_1",,det_1057,
8,COM00008.00,Aguablanca,,,,Mine,Nickel,"Nickel, Copper, Cobalt, Gold, PGM",Underground,2005,2016,,,,,Spain,ESP,ESP.11_1,ESP.11.1_1,ESP.11.1.10_1,ESP.11.1.10.11_1,det_1205,
9,COM00009.00,Ahafo,,,,Mine,Gold,Gold,"Open pit, Underground",2006,,,,,,Ghana,GHA,GHA.2_1,GHA.2.3_1,,,det_1001,
10,COM00010.00,AHMSA Monclova Steel Plant,,,,"Smelter, Refinery",Processing,"Crude Steel, Hot-rolled steel sheet, Steel plate, Chrome plate, Tin plate, Cold-rolled sheet, Structural steel profiles","Blast furnace, Basic oxygen furnace, Electric arc furnace, Pellet plant, Sinter plant, Coke plant, Rolling mills, Continuous casters, cold rolling mill",,,,,,,Mexico,MEX,MEX.7_1,"MEX.7.6_1 ; MEX.7.18_1",,,det_1371,
11,COM00011.00,Air Quality,Air Quality No. 1,,,Mine,Coal,Thermal coal,Underground,,2012,,,,,United States of America,USA,USA.15_1,USA.15.42_1,,,det_1393,
12,COM00012.00,Airly,,,,Mine,Coal,Coal,Underground,,,,,,,Australia,AUS,AUS.5_1,AUS.5.83_1,,,det_1591,
13,COM00013.00,Aitik,,,,Mine,Copper,"Copper, Silver, Gold",Open pit,,,,,,,Sweden,SWE,SWE.10_1,SWE.10.5_1,,,det_1124,
14,COM00014.00,Akbastau,,,,Mine,Copper,"Copper, Zinc, Gold, Silver",,,,,,,,Kazakhstan,KAZ,KAZ.5_1,KAZ.5.2_1,,,det_1123,
15,COM00015.00,Aktogay,,,,Mine,Copper,"Copper, Silver, Copper cathode, Gold","Open pit, Heap leaching plant",2015,,,,,,Kazakhstan,KAZ,KAZ.5_1,KAZ.5.2_1,,,det_1118,
16,COM00016.00,Akyem,,,,Mine,Gold,Gold,Open pit,2013,,,,,,Ghana,GHA,GHA.4_1,GHA.4.6_1,,,det_1002,
17,COM00017.00,Al Ba’itha,,,,Mine,Aluminium,Bauxite,Open pit,2014,,,,,,Saudi Arabia,SAU,SAU.9_1,,,,det_1270,
18,COM00018.00,Alamo Dorado,,,,Mine,Silver,"Silver, Gold, Copper","Open pit, Leaching plant",2007,2017,,,,,Mexico,MEX,MEX.26_1,MEX.26.3_1,,,det_1383,
19,COM00019.00,Albras,,,,Smelter,Processing,Aluminium,,,,,,,,Brazil,BRA,BRA.14_1,BRA.14.18_1,BRA.14.18.2_1,,det_1166,
20,COM00020.00,Alexievskaya,"Aleksiyevskaya, Leninskoye",,,Mine,Coal,Coal,,1964,,,,,,Russian Federation,RUS,RUS.27_1,RUS.27.13_1,RUS.27.13.1_1,,det_1574,
21,COM00021.00,Aljustrel,,,,Mine,Zinc,"Zinc, Lead",,2007,,,,,,Portugal,PRT,PRT.3_1,PRT.3.1_1,PRT.3.1.1_1,,det_1207,
22,COM00022.00,Alma,,,,Smelter,Processing,"Aluminium rod, T-foundry, Molten metal, High purity, Remelt",,2000,,,,,,Canada,CAN,CAN.11_1,CAN.11.47_1,CAN.11.47.1_1,,det_1065,
23,COM00023.00,Alouette,,,,Smelter,Processing,"Aluminium high purity, Remelt",,,,,,,,Canada,CAN,CAN.11_1,CAN.11.94_1,CAN.11.94.17_1,,det_1065,
24,COM00024.00,Alpamarca,Alpamarca UEA,,,Mine,Silver,"Zinc, Silver, Lead, Copper","Open pit, Underground",,2018,,,,,Peru,PER,PER.12_1,PER.12.9_1,PER.12.9.7_1,,det_1375,
25,COM00025.00,Alpart,Alumina Partners of Jamaica,,,"Mine, Refinery",Aluminium,"Bauxite, Alumina",,,,,,,,Jamaica,JAM,JAM.9_1,,,,det_1284,
26,COM00026.00,ALSCON Aluminium Smelter,ALSCON,,,Smelter,Processing,Aluminium,,1997,,,,,,Nigeria,NGA,NGA.3_1,NGA.3.13_1,,,det_1301,
27,COM00027.00,Altar,,,,Mine,Other mine,"Copper, Gold",,,,Exploration,2018,,,Argentina,ARG,ARG.18_1,ARG.18.3_1,,,det_1092,
28,COM00028.00,Altonorte,,,,Smelter,Processing,Copper,,1993,,,,,,Chile,CHL,CHL.2_1,CHL.2.1_1,CHL.2.1.1_1,,det_1178,
29,COM00029.00,Alucam,,,,Smelter,Processing,Aluminium,,,,,,,,Cameroon,CMR,CMR.5_1,CMR.5.3_1,CMR.5.3.4_1,,det_1066,
30,COM00030.00,Alumar,Sao Luis Alumar,,,Refinery,Processing,Alumina,,1984,,,,,,Brazil,BRA,BRA.10_1,BRA.10.187_1,BRA.10.187.1_1,,det_1065,
31,COM00031.00,Alumbrera,,,,Mine,Copper,"Gold, Copper, Silver",,,,,,,,Argentina,ARG,ARG.2_1,ARG.2.5_1,,,det_1155,
32,COM00032.00,Alunorte,,,,Refinery,Processing,Alumina,,1995,,,,,,Brazil,BRA,BRA.14_1,BRA.14.18_1,BRA.14.18.2_1,,det_1165,
33,COM00033.00,Amandelbult,,,,Mine,Other (poly)-metallic,"Platinum, Palladium",,,,,,,,South Africa,ZAF,ZAF.5_1,ZAF.5.5_1,ZAF.5.5.6_1,ZAF.5.5.6.9_1,det_1103,
34,COM00034.00,Amapa,,,,Mine,Iron,Iron ore,,,,,,,,Brazil,BRA,BRA.3_1,BRA.3.10_1,BRA.3.10.1_1,,det_1113,
35,COM00035.00,Ambatovy,Ambatovy Joint Venture,,,"Mine, Refinery",Nickel,"Nickel, Cobalt",,2011,,,,,,Madagascar,MDG,MDG.5_1,MDG.5.1_1,MDG.5.1.5_1,MDG.5.1.5.18_1,det_1432,
36,COM00036.00,Amona,,,,"Refinery, Smelter",Processing,Pig iron,"Coke plant, blast furnace",1992,,,,,,India,IND,IND.10_1,IND.10.1_1,IND.10.1.1_1,,det_1307,
37,COM00037.00,Amonate,,,,Mine,Coal,Coal,"Underground, Surface",,,,,,,United States of America,USA,USA.47_1,USA.47.123_1,,,det_1418,
38,COM00038.00,Amurugol AO,JSC Amurugol,,,Company,Coal,Coal,,,,,,,,Russian Federation,RUS,RUS.3_1,"RUS.3.7_1 ; RUS.3.24_1","RUS.3.7.1_1 ; RUS.3.24.1_1",,det_1572,
39,COM00039.00,AMVEST Fola Complex,,,,Mine,Coal,Metallurgical coal,"Underground, Surface",,,,,,,United States of America,USA,USA.49_1,USA.49.8_1,,,det_1418,
40,COM00040.00,AMVEST Terry Eagle Complex,,,,Mine,Coal,Coal,"Underground, Surface",,,,,,,United States of America,USA,USA.49_1,USA.49.10_1,,,det_1419,
41,COM00041.00,Andina,División Andina,,,Mine,Copper,"Copper, Molybdenum, Silver","Open pit, Underground",1970,,,,,,Chile,CHL,CHL.16_1,CHL.16.2_1,CHL.16.2.2_1,,det_1171,
42,COM00042.00,Andorinhas,"Mamão, Lagoa Seca",,,Mine,Gold,Gold,,,,,,,,Brazil,BRA,BRA.14_1,BRA.14.49_1,BRA.14.49.1_1,,det_1464,
43,COM00043.00,Andrade,,,,Mine,Iron,Iron,Open pit,1944,,,,,,Brazil,BRA,BRA.13_1,BRA.13.414_1,BRA.13.414.1_1,,det_1218,
44,COM00044.00,Anglesey,,,,Smelter,Processing,Aluminium,,,2009,,,,,United Kingdom,GBR,GBR.4_1,GBR.4.11_1,GBR.4.11.1_1,,det_1068,
45,COM00045.00,Anglo American other coal mines South Africa,,,,Company,Coal,Thermal coal,,,,,,,,South Africa,ZAF,NA,NA,NA,NA,det_1103,"Anglo American often specifies coal mined by ""other"" mines. This Company entry records all coal mined by Anglo American specified as ""other""."
46,COM00046.00,Angul Aluminium Smelter,,,,Smelter,Processing,"Aluminium, Aluminium ingots, Aluminium sow ingots, Aluminium billets, wire rods, cast strips, cold-colled sheets, cold rolled coils","Continuous caster, strip casting machine, ingot casting machine, wire rod mills",,,,,,,India,IND,IND.26_1,IND.26.1_1,IND.26.1.1_1,,det_1306,
47,COM00047.00,Angus Place,,,,Mine,Coal,Coal,Underground,,,care and maintenance,2020,,,Australia,AUS,AUS.5_1,AUS.5.83_1,,,det_1591,
48,COM00048.00,Antamina,,,,Mine,Copper,"Copper, Zinc, Molybdenum, lead",Open pit,,,,,,,Peru,PER,PER.2_1,PER.2.10_1,PER.2.10.14_1,,det_1081,
49,COM00049.00,Antapaccay,,,,Mine,Copper,"Copper, Gold, Silver, Copper cathode",Open pit,,2012,,,,,Peru,PER,PER.8_1,PER.8.8_1,PER.8.8.4_1,,det_1175,
50,COM00050.00,Antapite,,,,Mine,Gold,"Gold, Silver",Underground,2001,,,,,,Peru,PER,PER.9_1,PER.9.6_1,PER.9.6.6_1,,det_1344,
51,COM00051.00,Antas,Mina Antas Norte,,,Mine,Copper,"Copper, Gold","Open pit, Underground",2016,,,,,,Brazil,BRA,BRA.14_1,BRA.14.42_1,BRA.14.42.1_1,,det_1454,
52,COM00052.00,Antelope,,,,Mine,Coal,Thermal coal,Surface,,,,,,,United States of America,USA,USA.51_1,USA.51.5_1,,,det_1077,
53,COM00053.00,Antonovskaya,,,,Mine,Coal,Coking coal,Underground,,,,,,,Russian Federation,RUS,RUS.27_1,RUS.27.20_1,RUS.27.20.1_1,,det_1561,
54,COM00054.00,Antucoya,,,,Mine,Copper,"Copper, Copper cathodes",,2016,,,,,,Chile,CHL,CHL.2_1,CHL.2.3_1,CHL.2.3.1_1,,det_1172,
55,COM00055.00,Anyuan,Ordos Neng Hua,,,Mine,Coal,Thermal coal,Underground,2004,,,,9.3,,China,CHN,CHN.19_1,CHN.19.7_1,"CHN.19.7.2_1 ; CHN.19.7.3_1",NA,det_1490,
56,COM00056.00,Araxa,,,,"Mine, Refinery",Other mine,Phosphate,Open pit,,,,,,,Brazil,BRA,BRA.13_1,BRA.13.804_1,BRA.13.804.1_1,,det_1161,
57,COM00057.00,Araxa CBBM,,,,"Mine, Refinery",Other mine,"Niobium, Ferroniobium",Open pit,,,,,,,Brazil,BRA,BRA.13_1,BRA.13.43_1,BRA.13.43.1_1,,det_1388,
58,COM00058.00,ArcelorMittal Bremen,,,,"Smelter, Refinery",Processing,"Steel, steel slab, hot-rolleds steel, pickled steel, cold-rolled steel, hot dip galvanized rolls","Sinter plant, blast furnace, basic oxygen converter, ladle furnace, continuous slab caster, hot strip mill, tandem mill, temper mill, hot dip galvanizing line,",,,,,,,Germany,DEU,DEU.5_1,DEU.5.1_1,DEU.5.1.1_1,DEU.5.1.1.1_1,det_1219,
59,COM00059.00,ArcelorMittal Cleveland,,,,"Smelter, Refinery",Processing,Steel,"Blast furnace, basic oxygen furnaces, slab casters, hot-strip mill, cold rolling mill, temper mill, hot dip galvanizing line",,,,,,,United States of America,USA,USA.36_1,USA.36.18_1,,,det_1219,
60,COM00060.00,ArcelorMittal Duisburg steel plant,,,,"Smelter, Refinery",Processing,"Steel, steel billet, steel bloom, steel bar, wire rod","Basic oxygen converter, bloom caster, billet caster, billet mill, wire rod mill",,,,,,,Germany,DEU,DEU.10_1,DEU.10.8_1,DEU.10.8.1_1,DEU.10.8.1.1_1,det_1219,
61,COM00061.00,ArcelorMittal Gipuzkoa,ArcelorMittal Olaberria-Bergara,,,"Smelter, Refinery",Processing,Steel,"Electric arc furnace, continuous casters, section rolling mill, wire rod rolling mill, bar rolling mill",,,,,,,Spain,ESP,ESP.16_1,ESP.16.2_1,ESP.16.2.1_1,ESP.16.2.1.27_1,det_1219,
62,COM00062.00,ArcelorMittal Hamburg steel plant,,,,"Smelter, Refinery",Processing,"Steel, steel billet, wire rod","DRI production facility (MIDREX), electric arc furnace, billet caster, wire rod mill, stretching plant",,,,,,,Germany,DEU,DEU.6_1,DEU.6.1_1,DEU.6.1.1_1,DEU.6.1.1.1_1,det_1219,
63,COM00063.00,ArcelorMittal Tubarao,,,,"Smelter, Refinery",Processing,"Steel, steel slab, hot-rolled coils","Coke plant, sinter plant, blast furnace, basic oxygen furnace converter, slab casters, hot strip mill",,,,,,,Brazil,BRA,BRA.8_1,BRA.8.70_1,BRA.8.70.2_1,,det_1219,
64,COM00064.00,ArcelorMittal Warszawa steel plant,AM Warszawa,,,"Smelter, Refinery",Processing,"Steel, steel bar, steel rebar","Electric arc furnace, continuous caster, rolling mill",,,,,,,Poland,POL,POL.7_1,POL.7.36_1,POL.7.36.1_1,,det_1221,
65,COM00065.00,Arch of West Virginia,,,,Mine,Coal,Coal,,,,,,,79.72393,United States of America,USA,NA,NA,NA,NA,det_1410,
66,COM00066.00,Arch of Wyoming,,,,Mine,Coal,Coal,Surface,,2012,,,,234.7202,United States of America,USA,NA,NA,NA,NA,det_1409,
67,COM00067.00,Argyle,,,,Mine,Other mine,Diamonds,,1983,,,,,,Australia,AUS,AUS.11_1,AUS.11.137_1,,,det_1065,
68,COM00068.00,Arnot,,,,Mine,Coal,Thermal coal,,,,,,,,South Africa,ZAF,ZAF.6_1,ZAF.6.3_1,ZAF.6.3.4_1,ZAF.6.3.4.27_1,det_1550,
69,COM00069.00,Artemyevsky,,,,Mine,Zinc,"Copper, Zinc, Gold, Silver",Underground,,,active,2019,,,Kazakhstan,KAZ,KAZ.5_1,KAZ.5.11_1,,,det_1121,
70,COM00070.00,Arvida,,,,Smelter,Processing,"Aluminium billet, Molten metal, Remelt",,1954,,,,,,Canada,CAN,CAN.11_1,CAN.11.53_1,CAN.11.53.4_1,,det_1065,
71,COM00071.00,Asam-Asam,,,,Mine,Coal,Sub-bituminous coal,Open pit,,,,,,,Indonesia,IDN,IDN.13_1,IDN.13.12_1,IDN.13.12.5_1,IDN.13.12.5.2_1,det_1510,Part of Bumi's subsidiary PT Arutmin Indonesia (Arutmin)
72,COM00072.00,Ashele,"Xinjiang Ashele Copper Co, Xinjiang Ashele",,,Mine,Copper,"Copper, Zinc, Silver",Underground,2004,,,,,,China,CHN,CHN.28_1,CHN.28.2_1,CHN.28.2.5_1,,det_1324,
73,COM00073.00,Atansore,,,,Mine,Iron,Iron,Open pit,,,,,,,Kazakhstan,KAZ,KAZ.2_1,KAZ.2.7_1,,,det_1218,
74,COM00074.00,Atasu,West Karazhal,,,Mine,Iron,Iron,Underground,1976,,,,,,Kazakhstan,KAZ,KAZ.9_1,KAZ.9.9_1,,,det_1218,
75,COM00075.00,Atlantic Copper,,,,"Smelter, Refinery",Processing,"Copper cathode, Copper anode",,,,,,,,Spain,ESP,ESP.1_1,ESP.1.5_1,ESP.1.5.4_1,ESP.1.5.4.6_1,det_1167,
76,COM00076.00,Aughinish Alumina,Aughinish Alumina Refinery,,,Refinery,Processing,"Alumina, Alumina hydrate",Bayer process plant,1983,,,,,,Ireland,IRL,IRL.13_1,,,,det_1286,
77,COM00077.00,Australia Sands,"Tiwest, Ticor Australia",,,Mine,Iron,"Zircon, Rutile, Ilmenite",,,,,,,,Australia,AUS,AUS.11_1,AUS.11.37_1,,,det_1109,
78,COM00078.00,Avdiivka Coke,PrJSC Avdiivka Coke Plant,,,Refinery,Processing,Coke,,,,,,,,Ukraine,UKR,UKR.6_1,UKR.6.9_1,,,det_1226,
79,COM00079.00,Aviles and Gijon steel plant,Asturias steel plant,,,"Smelter, Refinery",Processing,"Steel, railroad rails, wire rod, heavy plates, hot-rolled coils, galvanized sheet, tinplate, organic-coated sheet","Coke oven, sinter plant, blast furnace, steel plant, continuous casters for slabs, casters for blooms and billets, hot strip mill, heavy plate mill, wire rod mill, rail mil, pickling line, cold tandem mill, tinning line, galvanizing line, organic coating line",,,,,,,Spain,ESP,ESP.17_1,ESP.17.1_1,ESP.17.1.4_1,ESP.17.1.4.2_1,det_1219,
80,COM00080.00,Awaso,,,,Mine,Aluminium,Bauxite,,,,,,,,Ghana,GHA,GHA.10_1,GHA.10.4_1,,,det_1070,
81,COM00081.00,Azovstal,PrJSC Azovstal Iron and Steel Works,,,"Refinery, Smelter",Processing,"Coke, Steel","Coke-Oven, Blast Furnace, Oxygen Furnace",1933,,,,,,Ukraine,UKR,UKR.6_1,UKR.6.23_1,,,det_1228,
82,COM00082.00,Azul,,,,Mine,Other (poly)-metallic,Manganese,Open Pit,1985,,,,,,Brazil,BRA,BRA.14_1,BRA.14.90_1,BRA.14.90.1_1,,det_1159,
83,COM00083.00,Baal Bone,,,,Mine,Coal,Coal,"Underground, Open pit",,2011,,,,,Australia,AUS,AUS.5_1,AUS.5.83_1,,,det_1195,
84,COM00084.00,Bagdad,,,,Mine,Copper,"Copper, Molybdenum","Open pit, SX-EW",1945,,,,133.95239,,United States of America,USA,USA.3_1,USA.3.14_1,,,det_1167,
85,COM00085.00,Baie Comeau Aluminium Smelter,,,,Smelter,Processing,Aluminium,,,,,,,,Canada,CAN,CAN.11_1,CAN.11.72_1,CAN.11.72.1_1,,det_1270,
86,COM00086.00,Bakan,,,,Mine,Gold,Gold,Heap leaching plant,2004,,,,,581.5,Indonesia,IDN,IDN.29_1,"IDN.29.2_1 ; IDN.29.3_1","IDN.29.2.3_1 ; IDN.29.3.3_1","IDN.29.2.3.6_1 ; IDN.29.3.3.1_1",det_1532,
87,COM00087.00,Balangan,Balangan Coal Companies,,,Mine,Coal,Thermal coal,Open pit,,,,,,75,Indonesia,IDN,IDN.13_1,IDN.13.1_1,IDN.13.1.4_1,IDN.13.1.4.18_1,det_1508,
88,COM00088.00,Bald Mountain,,,,Mine,Gold,Gold,,,,,,,,United States of America,USA,USA.29_1,USA.29.17_1,,,det_1041,
89,COM00089.00,Balkhash Smelter,"Balhashcvetmet; BGMC; Balkhash Mining and Metallurgical Combine",,,Smelter,Processing,Copper cathodes,,,,,,,,Kazakhstan,KAZ,KAZ.9_1,KAZ.9.2_1,,,det_1123,
90,COM00090.00,Bangun Olahsarana Sukses,"PT. Bangun Olahsarana Sukses, BOS",,,Mine,Coal,Metallurgical coal,,,,,,,,Indonesia,IDN,IDN.15_1,IDN.15.5_1,IDN.15.5.16_1,IDN.15.5.16.1_1,det_1524,
91,COM00091.00,Bank,,,,Mine,Coal,Thermal coal,,,,,,,,South Africa,ZAF,NA,NA,NA,NA,det_1113,
92,COM00092.00,Bao Vista,,,,Mine,Other mine,"Niobium, Phosphates",,,,,,,,Brazil,BRA,NA,NA,NA,NA,det_1105,
93,COM00093.00,Baorixile Mines,"Shenhua Baorixile Energy Co., Shenbao Energy Company",,,Mine,Coal,Lignite,,,,,,,,China,CHN,CHN.19_1,CHN.19.6_1,CHN.19.6.3_1,,det_1376,
94,COM00094.00,Baotou Aluminum,Inner Mongolia Huayun,,,Smelter,Processing,Aluminium,,,,,,,,China,CHN,CHN.19_1,NA,NA,NA,det_1274,
95,COM00095.00,Baotou Mines,Shenhua Baotou Energy Co.,,,Mine,Coal,Thermal coal,,,,,,,,China,CHN,CHN.19_1,"CHN.19.5_1 ; CHN.19.7_1","CHN.19.5.5_1 ; CHN.19.7.2_1",,det_1376,
96,COM00096.00,Baralaba,,,,Mine,Coal,"Coal, Thermal coal",Surface,,,,,,,Australia,AUS,AUS.7_1,AUS.7.16_1,,,det_1392,
97,COM00097.00,Barbacena Ferroalloys plant,,,,Refinery,Processing,"ferro-silicon manganese, ferro-manganese medium carbon","refining furnaces, briquetting plant",,,,,,,Brazil,BRA,BRA.13_1,BRA.13.60_1,BRA.13.60.1_1,,det_1159,
98,COM00098.00,Barberton,"Fairview, Sheba, Consort",,,Mine,Gold,Gold,Carbon in Leach plant,,,,,,,South Africa,ZAF,ZAF.6_1,ZAF.6.1_1,ZAF.6.1.5_1,"ZAF.6.1.5.1_1 ; ZAF.6.1.5.8_1",det_1451,
99,COM00099.00,Barneys Canyon,,,,Mine,Gold,Gold,,,,,,,,United States of America,USA,USA.45_1,USA.45.18_1,,,det_1066,
100,COM00100.00,Barro Alto,,,,Mine,Nickel,"Nickel, Manganese",,,,,,,,Brazil,BRA,BRA.9_1,BRA.9.33_1,BRA.9.33.1_1,,det_1103,
101,COM00101.00,Barsingsar,,,,Mine,Coal,Lignite,Open pit,,,,,,,India,IND,IND.29_1,IND.29.8_1,IND.29.8.1_1,,det_1590,
102,COM00102.00,Baruun Noyon Uul,BNU,,,Mine,Coal,Thermal coal,,,,,,,,Mongolia,MNG,MNG.15_1,MNG.15.5_1,,,det_1547,
103,COM00103.00,Barzasskoye tovarischestvo,,,,Mine,Coal,Coking coal,,,,,,,,Russian Federation,RUS,RUS.27_1,RUS.27.10_1,RUS.27.10.1_1,,det_1561,
104,COM00104.00,Batu Hijau,,,,Mine,Copper,"Gold, Copper, Silver",Open pit,,,,,,,Indonesia,IDN,IDN.20_1,IDN.20.9_1,IDN.20.9.6_1,IDN.20.9.6.7_1,det_1013,
105,COM00105.00,Batulicin,Batu Licin,,,Mine,Coal,Coal,Open pit,,2013,,,,,Indonesia,IDN,IDN.13_1,IDN.13.11_1,IDN.13.11.9_1,IDN.13.11.9.4_1,det_1511,
106,COM00106.00,Bauxite Company of Guyana,Bauxite Company of Guyana Inc.,,,Mine,Aluminium,Bauxite,,,,,,,,Guyana,GUY,GUY.9_1,"GUY.9.3_1 ; GUY.9.4_1 ; GUY.9.5_1",,,det_1277,
107,COM00107.00,Bayovar,,,,Mine,Other mine,Phosphate,Open pit,,,,,,,Peru,PER,PER.21_1,PER.21.6_1,PER.21.6.5_1,,det_1161,
108,COM00108.00,Bayside,,,,Smelter,Processing,Aluminium,,,,,,,,South Africa,ZAF,ZAF.4_1,ZAF.4.10_1,ZAF.4.10.5_1,ZAF.4.10.5.12_1,det_1136,
109,COM00109.00,Bear Run,,,,Mine,Coal,Thermal coal,Surface,2010,,,,,,United States of America,USA,USA.15_1,USA.15.78_1,,,det_1390,
110,COM00110.00,Beatrix,,,,Mine,Gold,Gold,"Underground, Open pit",1983,,,,,,South Africa,ZAF,ZAF.2_1,ZAF.2.2_1,ZAF.2.2.1_1,ZAF.2.2.1.7_1,det_1092,
111,COM00111.00,Beauharnois,,,,Smelter,Processing,Aluminium,,,2009,,,,,Canada,CAN,CAN.11_1,CAN.11.10_1,CAN.11.10.4_1,,det_1068,
112,COM00112.00,Becancour,,,,Smelter,Processing,"Aluminium slab, Billet, T-foundry, Remelt, Molten metal",,1986,,,,,,Canada,CAN,CAN.11_1,CAN.11.11_1,CAN.11.11.1_1,,det_1065,
113,COM00113.00,Beckley,,,,Mine,Coal,Metallurgical coal,Underground,2007,,,,,,United States of America,USA,USA.49_1,USA.49.41_1,,,det_1400,
114,COM00114.00,Beeshoek,,,,Mine,Iron,Iron,Open pit,,,,,,,South Africa,ZAF,ZAF.8_1,ZAF.8.5_1,ZAF.8.5.6_1,ZAF.8.5.6.6_1,det_1265,
115,COM00115.00,Beisu,,,,Mine,Coal,Thermal coal,Underground,1976,,,,,,China,CHN,CHN.23_1,CHN.23.16_1,CHN.23.16.3_1,,det_1490,
116,COM00116.00,Belfast,,,,Mine,Coal,Thermal coal,Open cut,,,,,,,South Africa,ZAF,ZAF.6_1,ZAF.6.3_1,ZAF.6.3.2_1,ZAF.6.3.2.8_1,det_1549,
117,COM00117.00,Bell Bay,,,,Smelter,Processing,"Aluminium slab, molten metal, small form and t-foundry, remelt",,1955,,,,,,Australia,AUS,AUS.9_1,AUS.9.12_1,,,det_1065,
118,COM00118.00,Belmont,"Speidel, Shugert, Buttermilk, Egypt Valley Wildlife",,,Mine,Coal,Bituminous coal,Surface,1999,,,,,,United States of America,USA,NA,NA,NA,NA,det_1431,
119,COM00119.00,Belousovsky,,,,Mine,Copper,"Copper, Zinc, Gold, Silver",,,2012,,,,,Kazakhstan,KAZ,KAZ.5_1,KAZ.5.5_1,,,det_1120,"in 2012, mining activities were discontinued. However, the concentrator was still in use up to the year 2019 and processed ore from other mines in KAZ Minerals East region. In 2019, the site was completely closed."
120,COM00120.00,Beltana,,,,Mine,Coal,Coal,,,,,,,,Australia,AUS,AUS.5_1,AUS.5.118_1,,,det_1180,
121,COM00121.00,Belval and Differdange steel plant,,,,"Smelter, Refinery",Processing,"Steel, steel sheet piles, railroad rails, heavy angles","Electric arc furnace, continuous slab casters, long section rolling mills, sheet piles rolling mill",,,,,,,Luxembourg,LUX,LUX.3_1,LUX.3.2_1,LUX.3.2.2_1,LUX.3.2.2.1_1,det_1221,
122,COM00122.00,Bembele,Bembe′ le′,,,Mine,Other (poly)-metallic,Manganese,Open pit,,,,,,,Gabon,GAB,GAB.3_1,GAB.3.1_1,NA,NA,det_1358,
123,COM00123.00,Benga,,,,Mine,Coal,"Thermal coal, Hard coking coal",,2012,,,,,,Mozambique,MOZ,MOZ.10_1,MOZ.10.9_1,MOZ.10.9.2_1,,det_1066,
124,COM00124.00,Bengalla,,,,Mine,Coal,"Thermal coal, Coal",,,,,,,,Australia,AUS,AUS.5_1,AUS.5.95_1,,,det_1065,
125,COM00125.00,Berezovskaya,,,,Mine,Coal,Metallurgical coal,,1958,,,,,,Russian Federation,RUS,RUS.27_1,RUS.27.10_1,RUS.27.10.1_1,,det_1220,Coordinates are approximate
126,COM00126.00,Berezovskiy,,,,Mine,Coal,Coking coal,Open pit,,,,,,,Russian Federation,RUS,RUS.27_1,RUS.27.24_1,RUS.27.24.1_1,,det_1561,
127,COM00127.00,Bergsöe,,,,Smelter,Processing,"Lead, Lead alloys",,,,,,,,Sweden,SWE,SWE.13_1,SWE.13.16_1,,,det_1124,
128,COM00128.00,Beulah,,,,Mine,Coal,Lignite,,1963,,,,,,United States of America,USA,USA.35_1,USA.35.29_1,,,det_1427,
129,COM00129.00,Bharat Coking Coal Limited,BCCL,,,Mine,Coal,"Coking coal, Thermal coal","Open pit, Underground",,,,,,,India,IND,IND.15_1,IND.15.4_1,"IND.15.4.1_1 ; IND.15.4.2_1",,det_1503,
130,COM00130.00,Bibiani,,,,Mine,Gold,Gold,Open pit,,,,,,,Ghana,GHA,GHA.10_1,GHA.10.4_1,,,det_1060,
131,COM00131.00,Big Mountain,Big Mountain/White's Branch,,,Mine,Coal,"Coal, Thermal coal",Underground,,2012,,,,,United States of America,USA,USA.49_1,USA.49.3_1,,,det_1397,
132,COM00132.00,Big Sky,,,,Mine,Coal,Thermal coal,,,2003,,,,,United States of America,USA,USA.27_1,USA.27.44_1,,,det_1396,
133,COM00133.00,Bingham Canyon,,,,Mine,Copper,"Copper, Gold, Molybdenum, Silver",,,,,,,,United States of America,USA,USA.45_1,USA.45.18_1,,,det_1065,
134,COM00134.00,Binungan,,,,Mine,Coal,Coal,Open pit,,,,,,,Indonesia,IDN,IDN.15_1,IDN.15.2_1,IDN.15.2.8_1,"IDN.15.2.8.2_1 ; IDN.15.2.8.6_1 ; IDN.15.2.8.9_1",det_1515,
135,COM00135.00,Birch River,Eastern,,,Mine,Coal,Coal,Surface,,2012,,,,,United States of America,USA,USA.49_1,USA.49.51_1,,,det_1406,
136,COM00136.00,Birchtree,,,,Mine,Nickel,Nickel,,,,,,,,Canada,CAN,CAN.3_1,CAN.3.14_1,CAN.3.14.11_1,,det_1159,
137,COM00137.00,Birdwell/Miller Creek,Miller Creek,,,Mine,Coal,Thermal coal,Surface,,,,,,,United States of America,USA,USA.15_1,USA.15.28_1,,,det_1392,
138,COM00138.00,Black Mesa,,,,Mine,Coal,Thermal coal,,,2005,,,,,United States of America,USA,USA.3_1,USA.3.10_1,,,det_1394,
139,COM00139.00,Black Mountain,,,,Mine,Other (poly)-metallic,"Zinc, Lead, Silver, Copper","Open pit, Underground",1980,,,,,,South Africa,ZAF,ZAF.8_1,ZAF.8.3_1,ZAF.8.3.4_1,ZAF.8.3.4.4_1,det_1108,
140,COM00140.00,Black Rock,Nchwaning and Gloria,,,Mine,Other (poly)-metallic,Manganese,Underground,,,,,,,South Africa,ZAF,ZAF.8_1,ZAF.8.2_1,ZAF.8.2.3_1,ZAF.8.2.3.10_1,det_1265,
141,COM00141.00,Black Thunder,,,,Mine,Coal,Thermal coal,Surface,,,,,,,United States of America,USA,USA.51_1,USA.51.3_1,,,det_1399,
142,COM00142.00,Blacksville,Blacksville #2,,,Mine,Coal,"Thermal coal, Metallurgical coal",Underground,1970,,,,,,United States of America,USA,USA.49_1,USA.49.31_1,,,det_1419,
143,COM00143.00,Blackwater,,,,Mine,Coal,Metallurgical bituminous coal,Open pit,1967,,,,,,Australia,AUS,AUS.7_1,AUS.7.16_1,,,det_1135,
144,COM00144.00,Blair Athol,,,,Mine,Coal,Thermal coal,,,,,,,,Australia,AUS,AUS.7_1,AUS.7.34_1,,,det_1070,
145,COM00145.00,Bleomhoek,,,,Mine,Other mine,Gold,,,,Project,2018,,,South Africa,ZAF,NA,NA,NA,NA,det_1093,
146,COM00146.00,Bloom Lake,,,,Mine,Iron,"Iron, Iron ore pellets",Open pit,2010,,,,,,Canada,CAN,CAN.11_1,CAN.11.94_1,CAN.11.94.2_1,,det_1234,
147,COM00147.00,Blue Ridge,,,,Mine,Other mine,PGM,,,,Project,2018,,,South Africa,ZAF,NA,NA,NA,NA,det_1092,
148,COM00148.00,Bluegrass,,,,Mine,Coal,Thermal coal,"Surface, Underground",,2012,,,,,United States of America,USA,NA,NA,NA,NA,det_1397,
149,COM00149.00,Bocaina,Arcos,,,Mine,Other mine,"Limestone, Dolomite",Open pit,,,,,,,Brazil,BRA,BRA.13_1,BRA.13.45_1,BRA.13.45.1_1,,det_1222,
150,COM00150.00,Bodai-Daldali,,,,Mine,Aluminium,"Bauxite, Alumina",Open pit,2004,,,,,6.3,India,IND,IND.7_1,IND.7.14_1,IND.7.14.1_1,,det_1307,
151,COM00151.00,Boddington,,,,Mine,Gold,"Gold, Copper",Open pit,2009,,,,,,Australia,AUS,AUS.11_1,AUS.11.9_1,,,det_1003,"not to be mistaken for the Worsley bauxite mine, which is near the town Boddington"
152,COM00152.00,Boffa,,,,Mine,Other mine,Bauxite,Open pit,,,,,,,Guinea,GIN,GIN.1_1,GIN.1.1_1,GIN.1.1.1_1,,det_1274,
153,COM00153.00,Bogatyr,,,,Mine,Coal,Coal,,,,,,,,Kazakhstan,KAZ,KAZ.8_1,KAZ.8.4_1,,,det_1277,
154,COM00154.00,Boggabri,,,,Mine,Coal,Semi-soft coking coal,Open cut,2006,,,,,,Australia,AUS,AUS.5_1,AUS.5.97_1,,,det_1543,
155,COM00155.00,Bogoslovsk,"Bogoslovsk Alumina Refinery, Bogoslovsk Aluminium Smelter",,,"Refinery, Smelter",Processing,"Alumina, Aluminium trihydrate oxide sand, Soda-sulphate silicate rocks, Aluminium",Bayer process plant,1943,,,,,,Russian Federation,RUS,RUS.66_1,RUS.66.23_1,RUS.66.23.1_1,,det_1289,
156,COM00156.00,Bokoni,,,,Mine,Other mine,Platinum,,,,,,,,South Africa,ZAF,ZAF.5_1,ZAF.5.3_1,ZAF.5.3.3_1,ZAF.5.3.3.4_1,det_1105,
157,COM00157.00,Bolivar,,,,Mine,Copper,"Copper, Zinc, Silver, Gold",Underground,,,,,,68,Mexico,MEX,MEX.6_1,MEX.6.64_1,,,det_1385,
158,COM00158.00,Bolshevik,,,,Mine,Coal,Coking coal,,,,,,,,Russian Federation,RUS,RUS.27_1,RUS.27.20_1,RUS.27.20.1_1,,det_1561,
159,COM00159.00,Bonikro,,,,Mine,Gold,"Gold, Silver",Open pit,,,,,,,Cote d'Ivoire,CIV,CIV.5_1,CIV.5.1_1,CIV.5.1.2_1,CIV.5.1.2.2_1,det_1096,
160,COM00160.00,Bosjesspruit,,,,Mine,Coal,Coal,Underground,,,,,,,South Africa,ZAF,ZAF.6_1,ZAF.6.2_1,ZAF.6.2.4_1,ZAF.6.2.4.15_1,det_1581,Part of Sasol Secunda Synfuels Complex
161,COM00161.00,Boxitogorsk Alumina Refinery,,,,Refinery,Processing,"Alumina, Corundum products",,1938,,,,,,Russian Federation,RUS,RUS.38_1,RUS.38.2_1,RUS.38.2.1_1,,det_1291,
162,COM00162.00,Boyne Island,,,,Smelter,Processing,Aluminium,,,,,,,,Australia,AUS,AUS.7_1,AUS.7.27_1,,,det_1065,
163,COM00163.00,Bozshakol,,,,Mine,Copper,"Gold, Copper, Silver",Open pit,2015,,,,,,Kazakhstan,KAZ,KAZ.8_1,KAZ.8.4_1,,,det_1117,
164,COM00164.00,Bozymchak,,,,Mine,Copper,"Copper, Gold, Silver",Open pit,2014,,,,,,Kyrgyzstan,KGZ,KGZ.4_1,KGZ.4.2_1,,,det_1119,
165,COM00165.00,Bracemac-McLeod,"Matagami, Matagami/Perseverance, Perseverance",,,Mine,Zinc,"Zinc, Lead, Copper",,,,,,,,Canada,CAN,CAN.11_1,CAN.11.84_1,CAN.11.84.6_1,,det_1183,
166,COM00166.00,Brandspruit,,,,Mine,Coal,Coal,Underground,,2020,,,,,South Africa,ZAF,ZAF.6_1,ZAF.6.2_1,ZAF.6.2.3_1,ZAF.6.2.3.2_1,det_1581,Part of Sasol Secunda Synfuels Complex
167,COM00167.00,Bratsk Aluminium Smelter,,,,Smelter,Processing,"Aluminium, Aluminium slabs, Aluminium ingots, Aluminium T-bars, electrical wire rod",,,,,,,,Russian Federation,RUS,RUS.18_1,RUS.18.10_1,RUS.18.10.1_1,,det_1292,
168,COM00168.00,Breapampa,,,,Mine,Gold,"Gold, Silver",,2012,2015,,,,,Peru,PER,PER.5_1,PER.5.7_1,PER.5.7.1_1,,det_1342,
169,COM00169.00,Broadlea,,,,Mine,Coal,"Thermal coal, Metallurgical coal",Open pit,,,,,,,Australia,AUS,AUS.7_1,AUS.7.34_1,,,det_1161,
170,COM00170.00,Broadmeadow,,,,Mine,Other mine,Metallurgical bituminous coal,Underground,2005,,,,,,Australia,AUS,AUS.7_1,AUS.7.34_1,,,det_1135,
171,COM00171.00,Brocks Creek,,,,Mine,Other mine,Gold,,,2000,,,,,Australia,AUS,AUS.6_1,AUS.6.14_1,,,det_1063,
172,COM00172.00,Broken Hill,,,,Mine,Silver,"Silver, Lead, Zinc",,,,,,,,Australia,AUS,AUS.5_1,AUS.5.22_1,,,det_1480,
173,COM00173.00,BRPM,,,,Mine,Other mine,Platinum,,,,,,,,South Africa,ZAF,ZAF.7_1,ZAF.7.1_1,ZAF.7.1.5_1,ZAF.7.1.5.1_1,det_1105,
174,COM00174.00,Brunswick,,,,Mine,Zinc,"Zinc, Lead, Copper, Silver",,,,,,,,Canada,CAN,CAN.4_1,CAN.4.4_1,CAN.4.4.3_1,,det_1180,
175,COM00175.00,Bryansky,,,,Mine,Coal,Coal,Open pit,,,,,,,Russian Federation,RUS,RUS.27_1,RUS.27.3_1,RUS.27.3.1_1,,det_1573,
176,COM00176.00,Buchanan,,,,Mine,Coal,Bituminous coal,Underground,1983,,,,,,United States of America,USA,USA.47_1,USA.47.17_1,,,det_1416,
177,COM00177.00,Buckingham,,,,Mine,Coal,Bituminous coal,,2007,,,,,,United States of America,USA,USA.36_1,USA.36.65_1,,,det_1427,
178,COM00178.00,Buenavista,"Cananea, Buenavista del Cobre",,,Mine,Copper,"Copper, Molybdenum, Copper Cathode, Silver","Open pit, SX-EW plant",1899,,,,,,Mexico,MEX,MEX.26_1,MEX.26.18_1,,,det_1014,
179,COM00179.00,Bulga,,,,Mine,Coal,"Metallurgical coal, Thermal coal",,,,,,,,Australia,AUS,AUS.5_1,AUS.5.118_1,,,det_1184,
180,COM00180.00,Bulyanhulu,,,,Mine,Gold,"Gold, Copper","Underground, CIL Circuit",,,,,,,Tanzania,TZA,TZA.23_1,TZA.23.2_1,TZA.23.2.5_1,,det_1132,
181,COM00181.00,Burbanks,,,,Mine,Gold,Gold,Underground,,2015,,,,,Australia,AUS,AUS.11_1,AUS.11.28_1,,,det_1496,
182,COM00182.00,Burns Harbor,,,,"Smelter, Refinery",Processing,"Steel, hot-rolled sheet, cold-rolled sheet, hot dip galvanized sheet, steel plates","Coke plant, sinter plant, blast furnace, basic oxygen furnace, slab casters, hot strip mill, tandem mill, temper mill, hot dip galvanizing line",,,,,,,United States of America,USA,USA.15_1,USA.15.65_1,,,det_1219,
183,COM00183.00,Burnstone,,,,Mine,Other mine,Gold,,,,,,,,South Africa,ZAF,ZAF.6_1,ZAF.6.2_1,ZAF.6.2.2_1,ZAF.6.2.2.2_1,det_1092,
184,COM00184.00,Burton,,,,Mine,Coal,"Thermal coal, Metallurgical coal",Surface,,2016,,,,,Australia,AUS,AUS.7_1,AUS.7.34_1,,,det_1391,
185,COM00185.00,Buruktal,,,,Mine,Nickel,Nickel,,,,,,,,Russian Federation,RUS,RUS.53_1,RUS.53.40_1,RUS.53.40.1_1,,det_1564,
186,COM00186.00,Buzwagi,,,,Mine,Gold,"Gold, Copper",Open Pit,,,,,,,Tanzania,TZA,TZA.23_1,TZA.23.1_1,TZA.23.1.13_1,,det_1132,
187,COM00187.00,Bwana,Bwana Mkubwa,,,Refinery,Processing,Copper cathode,SX-EW Facility,,,,,,,Zambia,ZMB,ZMB.2_1,ZMB.2.10_1,,,det_1131,Processed Ore from Lonshi Mine by leaching
188,COM00188.00,Bystrinsky GOK,GRK Bystrinkoye,,,Mine,Copper,"Copper, Iron, Gold",Open pit,2018,,,,,,Russian Federation,RUS,RUS.83_1,RUS.83.12_1,RUS.83.12.1_1,,det_1201,
189,COM00189.00,Caballo,,,,Mine,Coal,Thermal coal,Surface,,,,,,,United States of America,USA,USA.51_1,USA.51.3_1,,,det_1390,
190,COM00190.00,Cadia,,,,Mine,Gold,"Gold, Copper, Silver","Underground, Open pit",,,,,,,Australia,AUS,AUS.5_1,"AUS.5.14_1 ; AUS.5.25_1",,,det_1096,
191,COM00191.00,Cadiz,,,,Mine,Coal,Bituminous coal,Surface,2000,,,,,,United States of America,USA,USA.36_1,USA.36.34_1,,,det_1431,
192,COM00192.00,Cagdianao,,,,Mine,Other (poly)-metallic,Nickel,,,,,,,,Philippines,PHL,PHL.30_1,PHL.30.2_1,PHL.30.2.5_1,,det_1445,
193,COM00193.00,Cairn Hill,,,,Mine,Iron,Iron ore,,,,,,,,Australia,AUS,AUS.8_1,AUS.8.61_1,,,det_1484,
194,COM00194.00,Cajati,,,,Mine,Other mine,Phosphate,Open pit,,,,,,,Brazil,BRA,BRA.25_1,BRA.25.104_1,BRA.25.104.1_1,,det_1161,
195,COM00195.00,Callide,,,,Mine,Coal,Thermal coal,,,,,,,,Australia,AUS,AUS.7_1,AUS.7.3_1,,,det_1114,
196,COM00196.00,Canadian Malartic,,,,Mine,Gold,"Gold, Silver",Open pit,,,,,,,Canada,CAN,CAN.11_1,CAN.11.98_1,CAN.11.98.8_1,,det_1212,
197,COM00197.00,Candelaria,,,,Mine,Copper,"Copper, Gold, Silver",Open pit,1993,,,,54.22846,,Chile,CHL,CHL.5_1,CHL.5.2_1,CHL.5.2.2_1,,det_1168,
198,COM00198.00,Cannington,,,,Mine,Silver,"Silver, Lead, Zinc",Underground,,,,,,,Australia,AUS,AUS.7_1,AUS.7.43_1,,,det_1147,
199,COM00199.00,CAP Acero,"Compañía Siderúrgica Huachipato S.A., CSH,  CAP Talcahuano Steel plant",,,"Smelter, Refinery",Processing,"Crude steel, rolled slabs, rolled plates","Blast furnace, steel mill",,,,,,,Chile,CHL,CHL.6_1,CHL.6.3_1,CHL.6.3.8_1,,det_1370,
200,COM00200.00,CAP Huasco Pellet Plant,,,,Refinery,Processing,Iron ore pellets,Pelletizing plant,1987,,,,,,Chile,CHL,CHL.5_1,CHL.5.3_1,CHL.5.3.3_1,,det_1369,
201,COM00201.00,Capcoal,,,,Mine,Coal,"Metallurgical coal, Thermal coal",,,,,,,,Australia,AUS,AUS.7_1,"AUS.7.16_1 ; AUS.7.34_1",,,det_1115,
202,COM00202.00,Carbones del Guasare,,,,Mine,Coal,Coal,,,,,,,,Venezuela,VEN,VEN.25_1,VEN.25.13_1,,,det_1113,
203,COM00203.00,Carborough Downs,,,,Mine,Coal,Metallurgical coal,,,,,,,,Australia,AUS,AUS.7_1,AUS.7.34_1,,,det_1162,
204,COM00204.00,Cardinal River,,,,Mine,Coal,Coal,Surface,,,,,,,Canada,CAN,CAN.1_1,CAN.1.5_1,CAN.1.5.4_1,,det_1423,
205,COM00205.00,Carlin,,,,Mine,Gold,Gold,"Open pit, Underground, grinding circuit, roasting circuit, carbon-in leach circuit",1983,,,,,,United States of America,USA,USA.29_1,"USA.29.5_1 ; USA.29.7_1",,,det_1006,
206,COM00206.00,Carlota,,,,Mine,Copper,Copper,Open pit,,,,,,,United States of America,USA,USA.3_1,USA.3.4_1,,,det_1199,
207,COM00207.00,Carmen de Andacollo,,,,Mine,Copper,"Copper, Gold",Open pit,,,,,,,Chile,CHL,CHL.7_1,CHL.7.2_1,CHL.7.2.2_1,,det_1082,
208,COM00208.00,Carosue Dam,CDO,,,Mine,Gold,Gold,,2010,,,,,,Australia,AUS,AUS.11_1,AUS.11.61_1,,,det_1499,
209,COM00209.00,Carrapateena,,,,Mine,Other mine,"Copper, Gold",Underground,2019,,,,,,Australia,AUS,AUS.8_1,AUS.8.61_1,,,det_1453,
210,COM00210.00,Casa de Pedra,,,,Mine,Iron,Iron,Open pit,1913,,,,,,Brazil,BRA,BRA.13_1,BRA.13.202_1,BRA.13.202.2_1,,det_1222,
211,COM00211.00,Casposo,,,,Mine,Gold,"Gold, Silver","Underground, Open pit",,,,,,,Argentina,ARG,ARG.18_1,ARG.18.3_1,,,det_1465,
212,COM00212.00,Catalao,,,,Mine,Other (poly)-metallic,Niobium,,,,,,,,Brazil,BRA,BRA.9_1,BRA.9.168_1,BRA.9.168.1_1,,det_1111,
213,COM00213.00,Catalao Phosphate,,,,"Mine, Refinery",Other mine,Phosphate,Open pit,,,,,,,Brazil,BRA,BRA.9_1,BRA.9.59_1,BRA.9.59.1_1,,det_1161,
214,COM00214.00,Cato Ridge,Cato Ridge Works,,,Smelter,Processing,Ferromanganese,,,,,,,,South Africa,ZAF,ZAF.4_1,ZAF.4.2_1,ZAF.4.2.1_1,ZAF.4.2.1.1_1,det_1265,
215,COM00215.00,Caval Ridge,,,,Mine,Coal,Metallurgical bituminous coal,Open pit,2014,,,,,,Australia,AUS,AUS.7_1,AUS.7.34_1,,,det_1135,
216,COM00216.00,Cayeli,,,,Mine,Copper,"Copper, Zinc",,,,,,,,Turkey,TUR,TUR.65_1,TUR.65.3_1,,,det_1089,
217,COM00217.00,CBG Sangaredi,Boke,,,Mine,Aluminium,Bauxite,,1973,,,,,,Guinea,GIN,GIN.5_1,GIN.5.5_1,GIN.5.5.7_1,,det_1065,
218,COM00218.00,Cedynia Wire Rod Plant,,,,Refinery,Processing,Copper wire rod,,,,,,,,Poland,POL,POL.1_1,POL.1.13_1,POL.1.13.3_1,,det_1199,
219,COM00219.00,CEMESA,"CEMESA Unit, Cerro del Mercado",,,Mine,Iron,Iron ore,Open pit,,,,,,,Mexico,MEX,MEX.10_1,MEX.10.5_1,,,det_1371,
220,COM00220.00,Centinela,,,,Mine,Copper,"Copper, Copper cathodes, Molybdenum, Gold, Silver",SX-EW,,,,,,,Chile,CHL,CHL.2_1,CHL.2.1_1,CHL.2.1.3_1,,det_1173,
221,COM00221.00,Central Coalfields Limited,CCL,,,Mine,Coal,"Coking coal, Thermal coal","Open pit, Underground",,,,,,,India,IND,IND.15_1,"IND.15.1_1 ; IND.15.2_1 ; IND.15.7_1 ; IND.15.10_1 ; IND.15.20_1","IND.15.1.1_1 ; IND.15.1.2_1 ; IND.15.2.1_1 ; IND.15.7.1_1 ; IND.15.10.1_1 ; IND.15.20.1_1",,det_1503,
222,COM00222.00,Central GOK,"CGOK, JSC Central Mining and Processing Works, TsGok",,,Mine,Iron,Iron,"Open pit, Underground",,,,,,,Ukraine,UKR,UKR.5_1,UKR.5.7_1,,,det_1224,
223,COM00223.00,Central Murchison Gold Project,"CMGP, Big Bell Gold Operations Pty Ltd",,,Mine,Gold,Gold,"Underground, Open pit, Carbon-in-pulp plant",,,,,,,Australia,AUS,AUS.11_1,AUS.11.34_1,,,det_1439,
224,COM00224.00,Century,,,,Mine,Zinc,"Lead, Zinc, Silver",Open pit,1999,2016,,,,,Australia,AUS,AUS.7_1,AUS.7.12_1,,,det_1102,
225,COM00225.00,Cerrejon,,,,Mine,Coal,Thermal bituminous coal,Open pit,1976,,,,,,Colombia,COL,COL.18_1,COL.18.4_1,,,det_1135,
226,COM00226.00,Cerro Bayo,Fachinal,,,Mine,Gold,"Gold, Silver",,1995,,,,,,Chile,CHL,CHL.1_1,CHL.1.4_1,CHL.1.4.1_1,,det_1480,
227,COM00227.00,Cerro de Pasco,Cerro de Pasco UEA,,,Mine,Zinc,"Zinc, Silver, Lead, Copper, Gold","Open pit, Underground, Leaching plant",,,,,,,Peru,PER,PER.20_1,PER.20.3_1,PER.20.3.9_1,,det_1374,
228,COM00228.00,Cerro Matoso,CMSA,,,"Mine, Smelter",Nickel,Nickel,,,,,,,,Colombia,COL,COL.13_1,COL.13.11_1,,,det_1136,
229,COM00229.00,Cerro Moro,,,,Mine,Gold,"Gold, Silver, Copper","Open pit, Underground",2018,,,,,,Argentina,ARG,ARG.20_1,ARG.20.2_1,,,det_1209,
230,COM00230.00,Cerro Negro,,,,Mine,Gold,"Gold, Silver","Open pit, underground",2014,,,,,215.48,Argentina,ARG,ARG.20_1,ARG.20.5_1,,,det_1152,
231,COM00231.00,Cerro Negro Norte,Copiapo Valley,,,Mine,Iron,Iron ore,,2014,,,,,,Chile,CHL,CHL.5_1,CHL.5.2_1,CHL.5.2.2_1,,det_1369,
232,COM00232.00,Cerro Vanguardia,,,,Mine,Gold,Gold,,,,,,,,Argentina,ARG,ARG.20_1,ARG.20.2_1,,,det_1057,
233,COM00233.00,Cerro Verde,,,,Mine,Copper,"Copper, Molybdenum, Silver","Open pit, SX-EW",1976,,,,,736.5358,Peru,PER,PER.4_1,PER.4.1_1,PER.4.1.29_1,,det_1167,
234,COM00234.00,Chagres,,,,Smelter,Processing,Copper,,,,,,,,Chile,CHL,CHL.16_1,CHL.16.6_1,CHL.16.6.2_1,,det_1103,
235,COM00235.00,Chaijiagou,Shaanxi Jihua Chaijiagou Mining Co.,,,Mine,Coal,Coal,,,,,,,,China,CHN,CHN.22_1,NA,NA,NA,det_1377,
236,COM00236.00,Chain Valley,,,,Mine,Coal,Thermal coal,Underground,,,,,,,Australia,AUS,AUS.5_1,AUS.5.151_1,,,det_1392,
237,COM00237.00,Chalco Chongqing Branch,,,,Refinery,Processing,Alumina,,2010,,,,,,China,CHN,CHN.26_1,CHN.26.2_1,CHN.26.2.3_1,NA,det_1274,
238,COM00238.00,Chalco Henan Branch,"Chalco Mining, Chalco Mining Branch, Henan plant",,,"Refinery, Smelter",Processing,"Alumina, Aluminium",,1966,,,,,,China,CHN,CHN.12_1,CHN.12.7_1,CHN.12.7.3_1,NA,det_1274,
239,COM00239.00,Chalco Qinghai Branch,Qinghai plant,,,Smelter,Processing,Aluminium,,1987,,,,,,China,CHN,CHN.21_1,NA,NA,NA,det_1274,
240,COM00240.00,Chalco Shandong Branch,,,,"Refinery, Smelter",Processing,"Alumina, Aluminium",,1954,,,,,,China,CHN,CHN.23_1,NA,NA,NA,det_1274,
241,COM00241.00,Chalco Shanxi Other Mines,,,,Region,Aluminium,Bauxite,,,,,,,,China,CHN,CHN.25_1,NA,NA,NA,det_1273,
242,COM00242.00,Chanderiya Smelter,,,,"Smelter, Refinery",Processing,"Lead, Zinc, Silver, Sulphuric acid","Pyrometallurgical lead-zinc smelter, Hydrometallurgical zinc smelter, Power plant, Sulphuric acid plant",,,,,,,India,IND,IND.29_1,IND.29.10_1,IND.29.10.4_1,,det_1307,
243,COM00243.00,Changgou,,,,Mine,Other (poly)-metallic,Manganese,Underground,,,,,,,China,CHN,CHN.8_1,NA,NA,NA,det_1358,
244,COM00244.00,Chapada,,,,Mine,Copper,"Copper, Gold, Silver",Open pit,2006,,,,,,Brazil,BRA,BRA.9_1,BRA.9.168_1,BRA.9.168.1_1,,det_1202,
245,COM00245.00,Chapadao,,,,Mine,Other mine,"Niobium, Phosphates",,,,,,,,Brazil,BRA,NA,NA,NA,NA,det_1105,
246,COM00246.00,Charbon,,,,Mine,Coal,Coal,Underground,,,,,,,Australia,AUS,AUS.5_1,AUS.5.90_1,,,det_1592,
247,COM00247.00,Cheremshansky,,,,Mine,Coal,Coal,Open pit,,,,,,,Russian Federation,RUS,RUS.27_1,RUS.27.3_1,RUS.27.3.1_1,,det_1573,
248,COM00248.00,Cherepovets Steel,,,,"Refinery, Smelter",Processing,Steel,"Coke batteries, Sintering machines, Blast furnace,",1955,,,,,,Russian Federation,RUS,RUS.78_1,RUS.78.5_1,RUS.78.5.1_1,,det_1251,
249,COM00249.00,Chernigovets,,,,Mine,Coal,Thermal coal,,,,,,,,Russian Federation,RUS,RUS.27_1,RUS.27.10_1,RUS.27.10.1_1,,det_1569,
250,COM00250.00,Chibuluma South,"Chifupu, Chibuluma Mines plc, Chibuluma",,,Mine,Copper,Copper,"Underground, Open pit",2006,,,,,,Zambia,ZMB,ZMB.2_1,ZMB.2.6_1,,,det_1450,
251,COM00251.00,Chifeng,,,,Refinery,Processing,Zinc,,,,,,,,China,CHN,CHN.19_1,CHN.19.4_1,CHN.19.4.5_1,,det_1109,
252,COM00252.00,China Coal Energy,,,,Company,Coal,"Thermal coal, Metallurgical coal",,,,,,,,China,CHN,"CHN.15_1 ; CHN.19_1 ; CHN.25_1",NA,NA,NA,det_1578,"Includes Pingshou, Datun, Liliu, Dongpo, Nanliang mines from the year 2016 onwards"
253,COM00253.00,Chino,,,,Mine,Copper,Copper,"Open pit, SX-EW",1910,,,,474.70137,,United States of America,USA,USA.32_1,USA.32.10_1,,,det_1167,
254,COM00254.00,Chirano,,,,Mine,Gold,"Gold, Silver",Underground,,,,,,,Ghana,GHA,GHA.10_1,GHA.10.4_1,,,det_1052,
255,COM00255.00,Chongli,Hebei Chongli Zijin Mining Company Limited,,,Mine,Gold,Gold,,,,,,,,China,CHN,CHN.10_1,CHN.10.11_1,CHN.10.11.2_1,,det_1321,
256,COM00256.00,Chotia,,,,Mine,Coal,Thermal coal,Open pit,2006,,,,,,India,IND,IND.7_1,IND.7.16_1,IND.7.16.1_1,,det_1307,
257,COM00257.00,Chungar,Chungar UEA,,,Mine,Zinc,"Zinc, Silver, Lead, Copper",Underground,,,,,,,Peru,PER,PER.20_1,PER.20.3_1,PER.20.3.4_1,,det_1374,
258,COM00258.00,Cienega,,,,Mine,Gold,"Silver, Gold, Lead, Zinc",Underground,1992,,,,,,Mexico,MEX,MEX.10_1,MEX.10.35_1,,,det_1125,
259,COM00259.00,Clairton Plant,Mon Valley Works Clairton Plant,,,Refinery,Processing,Coke,Coke oven,,,,,,,United States of America,USA,USA.39_1,USA.39.2_1,,,det_1258,Part of US Steel's Mon Valley Works
260,COM00260.00,Clarence,,,,Mine,Coal,Coal,Underground,,,,,,,Australia,AUS,AUS.5_1,AUS.5.83_1,,,det_1591,
261,COM00261.00,Clermont,,,,Mine,Coal,Thermal coal,,2010,,,,,,Australia,AUS,AUS.7_1,AUS.7.34_1,,,det_1066,
262,COM00262.00,Cliffs,Cliffs Mine,,,Mine,Other mine,Nickel,Underground,2008,,,,,,Australia,AUS,AUS.11_1,AUS.11.72_1,,,det_1135,
263,COM00263.00,Cliffs Logan County Coal,CLCC,,,Mine,Coal,"Metallurgical coal, Thermal coal","Open pit, Underground",,,,,,,United States of America,USA,USA.49_1,"USA.49.3_1 ; USA.49.23_1 ; USA.49.55_1",,,det_1237,
264,COM00264.00,Climax,,,,Mine,Other (poly)-metallic,Molybdenum,Open pit,2012,,,,61.10819,,United States of America,USA,USA.6_1,USA.6.35_1,,,det_1167,
265,COM00265.00,Coal Creek,,,,Mine,Coal,Thermal coal,Surface,,,,,,,United States of America,USA,USA.51_1,USA.51.3_1,,,det_1399,
266,COM00266.00,Coal Valley,,,,Mine,Coal,Bituminous coal,Surface,1978,,,,,,Canada,CAN,CAN.1_1,CAN.1.5_1,CAN.1.5.4_1,,det_1427,
267,COM00267.00,Coal‑Mac,,,,Mine,Coal,Thermal coal,Surface,,,,,,186.1574,United States of America,USA,USA.49_1,USA.49.23_1,,,det_1402,
268,COM00268.00,Coatesville,,,,"Smelter, Refinery",Processing,"Steel, steel plates","Electric arc furnace, slab caster, plate mill",,,,,,,United States of America,USA,USA.39_1,USA.39.15_1,,,det_1219,
269,COM00269.00,Cobre Las Cruces,Las Cruces,,,Mine,Copper,"Copper, Copper cathode","Open pit, Leaching tanks",2009,,,,,,Spain,ESP,ESP.1_1,ESP.1.8_1,ESP.1.8.1_1,ESP.1.8.1.13_1,det_1090,
270,COM00270.00,Cobre Panama,,,,Mine,Other mine,"Copper, Gold, Molybdenum, Silver",,,,Under construction,2018,,,Panama,PAN,PAN.4_1,PAN.4.3_1,PAN.4.3.6_1,,det_1089,
271,COM00271.00,Cockatoo Island,,,,Mine,Iron,"Iron, Iron ore fines",Open pit,1993,,,,,,Australia,AUS,AUS.11_1,AUS.11.40_1,,,det_1236,
272,COM00272.00,Codelco Norte,,,,Mine,Copper,"Copper, Copper cathodes, Molybdenum, Gold, Silver",Open pit,1997,,,,,,Chile,CHL,CHL.2_1,CHL.2.2_1,CHL.2.2.1_1,,det_1171,
273,COM00273.00,Codemin,,,,Mine,Nickel,"Nickel, Manganese",,,,,,,,Brazil,BRA,BRA.9_1,BRA.9.155_1,BRA.9.155.1_1,,det_1103,
274,COM00274.00,Coermotibo and Onverdacht,,,,Mine,Aluminium,Bauxite,Open pit,1922,2015,,,,,Suriname,SUR,"SUR.4_1 ; SUR.6_1","SUR.4.4_1 ; SUR.6.4_1",,,det_1271,
275,COM00275.00,Coleman,McCreedy East,,,Mine,Nickel,"Nickel, Copper",,,,,,,,Canada,CAN,CAN.9_1,CAN.9.11_1,CAN.9.11.1_1,,det_1159,
276,COM00276.00,Collahuasi,,,,Mine,Copper,"Copper, Copper cathode",Open Pit,,,,,,,Chile,CHL,CHL.15_1,CHL.15.1_1,CHL.15.1.5_1,,det_1103,
277,COM00277.00,Collingwood,,,,Mine,Other (poly)-metallic,Tin,Underground,2006,2008,,,,,Australia,AUS,AUS.7_1,AUS.7.20_1,,,det_1438,
278,COM00278.00,Collinsville,,,,Mine,Coal,Thermal coal,,,,,,,,Australia,AUS,AUS.7_1,AUS.7.70_1,,,det_1185,
279,COM00279.00,Colowyo,,,,Mine,Coal,Thermal coal,,,,,,,,United States of America,USA,USA.6_1,USA.6.42_1,,,det_1070,
280,COM00280.00,Colstrip,Rosebud Mine,,,Mine,Coal,Sub-bituminous coal,,1968,,,,,,United States of America,USA,USA.27_1,USA.27.44_1,,,det_1427,
281,COM00281.00,Conga,,,,Mine,Other mine,"Gold, Silver, Copper",,2011,,,,,,Peru,PER,PER.6_1,PER.6.2_1,PER.6.2.5_1,,det_1009,
282,COM00282.00,Consolidated Murchison,,,,Mine,Gold,"Antimony, Gold",,,,,,,,South Africa,ZAF,ZAF.5_1,ZAF.5.2_1,ZAF.5.2.1_1,ZAF.5.2.1.2_1,det_1451,
283,COM00283.00,Constancia,,,,Mine,Copper,"Copper, Molybdenum, Gold, Silver",Open pit,2014,,,,,,Peru,PER,PER.8_1,PER.8.6_1,PER.8.6.8_1,,det_1150,
284,COM00284.00,Contrecoeur steel plant,,,,"Smelter, Refinery",Processing,"Steel, steel slab","Electric arc furnace, DRI plant, bar mill, rod mill",,,,,,,Canada,CAN,CAN.11_1,CAN.11.48_1,CAN.11.48.3_1,,det_1219,
285,COM00285.00,Cooke,,,,Mine,Gold,Gold,"Underground, Open pit",,,,,,,South Africa,ZAF,ZAF.3_1,ZAF.3.5_1,"ZAF.3.5.3_1 ; ZAF.3.5.4_1","ZAF.3.5.3.6_1 ; ZAF.3.5.4.1_1 ; ZAF.3.5.4.4_1 ; ZAF.3.5.4.8_1",det_1092,
286,COM00286.00,Copebras,,,,Mine,Other mine,"Sodium tripolyphosphate, Phosphates",,,,,,,,Brazil,BRA,BRA.9_1,BRA.9.168_1,BRA.9.168.1_1,,det_1113,
287,COM00287.00,Coppabella,,,,Mine,Coal,"Pulverized Coal Injection, PCI Metallurgical coal",Surface,,,,,,,Australia,AUS,AUS.7_1,AUS.7.34_1,,,det_1390,
288,COM00288.00,Copper Cliff North,,,,Mine,Nickel,"Nickel, Copper",,,,,,,,Canada,CAN,CAN.9_1,CAN.9.11_1,CAN.9.11.1_1,,det_1159,
289,COM00289.00,Copper Cliff South,,,,Mine,Nickel,"Nickel, Copper",,,2009,,,,,Canada,CAN,CAN.9_1,CAN.9.11_1,CAN.9.11.1_1,,det_1161,
290,COM00290.00,COR Industri Indonesia,"PT COR Industri Indonesia, CORII",,,Smelter,Processing,Ferronickel,,2018,,,,,,Indonesia,IDN,IDN.27_1,IDN.27.5_1,IDN.27.5.12_1,IDN.27.5.12.6_1,det_1525,
291,COM00291.00,Coral Bay Nickel Corporation,CBNC,,,Refinery,Processing,"Nickel, Cobalt, Nickel-Cobalt Mixed Sulfide",High Pressure Acid Leaching plant,2005,,,,,,Philippines,PHL,PHL.59_1,PHL.59.5_1,PHL.59.5.13_1,,det_1446,
292,COM00292.00,Cordero Rojo,,,,Mine,Coal,Thermal coal,Surface,,,,,,,United States of America,USA,USA.51_1,USA.51.3_1,,,det_1077,
293,COM00293.00,Corridor G,"Hobet 21, Job 21, Hill Fork",,,Mine,Coal,Thermal coal,Surface,,,,,,,United States of America,USA,USA.49_1,"USA.49.3_1 ; USA.49.22_1",,,det_1397,
294,COM00294.00,Cortez,,,,Mine,Gold,Gold,"Open pit, Underground, Oxide mill, CIL Circuit, Heap Leach",,,,,,,United States of America,USA,USA.29_1,USA.29.9_1,,,det_1025,
295,COM00295.00,Corumba,,,,Mine,Iron,Iron,"Open Pit, Benefication Plant",,,,,,,Brazil,BRA,BRA.11_1,BRA.11.68_1,BRA.11.68.1_1,,det_1159,Part of Vale's Midwestern System
296,COM00296.00,Cosmos,,,,Mine,Nickel,Nickel,,,,,,,,Australia,AUS,AUS.11_1,AUS.11.72_1,,,det_1180,
297,COM00297.00,Cowal,,,,Mine,Gold,Gold,,,,,,,,Australia,AUS,AUS.5_1,AUS.5.13_1,,,det_1036,
298,COM00298.00,Coyote Creek,Coyote Creek Mining Company,,,Mine,Coal,Lignite,Surface,2016,,,,,,United States of America,USA,USA.35_1,USA.35.29_1,,,det_1373,
299,COM00299.00,Cozamin,,,,Mine,Copper,"Copper, Silver, Gold, Zinc, Lead",Underground,,,,,,,Mexico,MEX,MEX.32_1,MEX.32.50_1,,,det_1143,
300,COM00300.00,Cracow,,,,Mine,Gold,"Gold, Silver",Underground,2004,,,,,,Australia,AUS,AUS.7_1,AUS.7.3_1,,,det_1095,
301,COM00301.00,Creighton,,,,Mine,Nickel,"Nickel, Copper",,,,,,,,Canada,CAN,CAN.9_1,CAN.9.11_1,CAN.9.11.1_1,,det_1159,
302,COM00302.00,Cripple Creek & Victor,"CC&V, Cripple Creek & Victor (CC&V)",,,Mine,Gold,"Gold, Silver","Open pit, Heap leaching plant",1976,,,,,,United States of America,USA,USA.6_1,USA.6.61_1,,,det_1008,4 surface operations
303,COM00303.00,CRL Queensland,,,,Region,Iron,"Zircon, Rutile, Ilmenite",,,,,,,,Australia,AUS,NA,NA,NA,NA,det_1476,
304,COM00304.00,CSA,Cobar,,,Mine,Copper,"Copper, Silver",Underground,,,,,,,Australia,AUS,AUS.5_1,AUS.5.34_1,,,det_1179,
305,COM00305.00,Cuajone,,,,Mine,Copper,"Copper, Molybdenum, Silver","Open pit, SX plant",1976,,,,,,Peru,PER,PER.19_1,PER.19.3_1,PER.19.3.6_1,,det_1014,
306,COM00306.00,Cubatao,"José Bonifácio de Andrada e Silva Plant, Cosipa",,,"Refinery, Smelter",Processing,Crude steel,,,,,,,,Brazil,BRA,BRA.25_1,BRA.25.150_1,BRA.25.150.1_1,,det_1365,
307,COM00307.00,Cumberland River,,,,Mine,Coal,"Metallurgical coa, Thermal coal","Underground, Surface",,2014,,,,134.76177,United States of America,USA,USA.47_1,USA.47.131_1,,,det_1403,
308,COM00308.00,Cumnock,,,,Mine,Coal,Thermal coal,,,2010,,,,,Australia,AUS,AUS.5_1,AUS.5.118_1,,,det_1180,
309,COM00309.00,Curragh,,,,Mine,Coal,"Coking coal, Pulverized Coal Injection, Thermal coal",Open pit,,,,,,,Australia,AUS,AUS.7_1,AUS.7.16_1,,,det_1426,
310,COM00310.00,Cusi,,,,Mine,Silver,"Silver, Gold, Zinc, Lead",,,,,,,119.77,Mexico,MEX,MEX.6_1,MEX.6.19_1,,,det_1386,
311,COM00311.00,Damanjodi Refinery,,,,Refinery,Processing,Alumina hydrate,,,,,,,,India,IND,IND.26_1,IND.26.20_1,IND.26.20.2_1,,det_1305,
312,COM00312.00,Darby,"Powell Mountain, Middle Splint",,,Mine,Coal,Coal,,,,,,,,United States of America,USA,USA.18_1,USA.18.48_1,,,det_1405,
313,COM00313.00,Dariba Smelter,,,,Smelter,Processing,"Lead, Zinc, Zinc cathodes, Anode slime, Sulphuric acid","Hydrometallurgical zinc smelter, Sulphuric acid plant, Lead smelter",2010,,,,,,India,IND,IND.29_1,IND.29.28_1,IND.29.28.7_1,,det_1307,
314,COM00314.00,Darling Range Mines,"ML1SA, Darling Range Mines ML1SA",,,Mine,Aluminium,Bauxite,Open pit,1963,,,,,7128.81,Australia,AUS,AUS.11_1,AUS.11.128_1,,,det_1269,
315,COM00315.00,Darlot,,,,Mine,Gold,Gold,,,,,,,,Australia,AUS,AUS.11_1,AUS.11.72_1,,,det_1041,
316,COM00316.00,Dartbrook,,,,Mine,Coal,Coal,,,,,,,,Australia,AUS,AUS.5_1,AUS.5.131_1,,,det_1116,
317,COM00317.00,Datong Coal Industry,,,,Mine,Coal,Coal,Underground,,,,,,,China,CHN,CHN.25_1,"CHN.25.2_1 ; CHN.25.9_1","CHN.25.2.1_1 ; CHN.25.2.8_1 ; CHN.25.9.5_1",,det_1584,
318,COM00318.00,Datun,Shanghai Energy Company,,,Mine,Coal,Coal,Underground,,,,,,,China,CHN,CHN.15_1,CHN.15.10_1,CHN.15.10.2_1,,det_1579,"Is consolidatedly reported with other mines under ""China Coal Energy"" from the year 2016 onwards."
319,COM00319.00,Daunia,,,,Mine,Coal,Metallurgical bituminous coal,Open pit,2013,,,,,,Australia,AUS,AUS.7_1,AUS.7.34_1,,,det_1135,
320,COM00320.00,Dawson,Dawson Complex,,,Mine,Coal,"Metallurgical coal, Thermal coal",,,,,,,,Australia,AUS,AUS.7_1,AUS.7.3_1,,,det_1115,
321,COM00321.00,Daxin,,,,"Mine, Refinery",Other (poly)-metallic,"Manganese, Electrolytic manganese metal, Manganese briquette, Electrolytic manganese dioxide, Manganese sulfate","Open pit, Underground",1958,,,,,,China,CHN,CHN.7_1,CHN.7.3_1,CHN.7.3.2_1,NA,det_1357,
322,COM00322.00,De Bron Merriespruit,,,,Mine,Other mine,Gold,,,,Project,2018,,,South Africa,ZAF,NA,NA,NA,NA,det_1093,
323,COM00323.00,Debari Smelter,,,,Smelter,Processing,"Zinc, Sulphuric acid","Hydrometallurgical zinc smelter, Sulphuric acid plant",1968,,,,,,India,IND,IND.29_1,IND.29.33_1,IND.29.33.8_1,,det_1307,
324,COM00324.00,Decker,,,,Mine,Coal,Thermal coal,,,,,,,,United States of America,USA,USA.27_1,USA.27.2_1,,,det_1070,
325,COM00325.00,Deerni,"Qinghai Deerni, Qinghai West Copper Co",,,Mine,Copper,"Copper, Copper cathode",Open Pit,2007,,,,,,China,CHN,CHN.21_1,CHN.21.1_1,CHN.21.1.3_1,,det_1326,
326,COM00326.00,Deflector,,,,Mine,Gold,"Gold, Copper",Underground,2016,,,,,,Australia,AUS,AUS.11_1,AUS.11.138_1,,,det_1500,
327,COM00327.00,DeGrussa,,,,Mine,Copper,"Copper, Gold","Open pit, Underground",2012,,,,,,Australia,AUS,AUS.11_1,AUS.11.75_1,,,det_1485,
328,COM00328.00,Delma,,,,Mine,Coal,Thermal coal,,,,,,,,South Africa,ZAF,ZAF.6_1,ZAF.6.3_1,ZAF.6.3.6_1,ZAF.6.3.6.7_1,det_1138,
329,COM00329.00,Denisovskiy,,,,Mine,Coal,Coking coal,Open pit,2016,,,,,,Russian Federation,RUS,RUS.60_1,RUS.60.18_1,RUS.60.18.1_1,,det_1566,
330,COM00330.00,Deschambault Aluminium Smelter,,,,Smelter,Processing,Aluminium,,,,,,,,Canada,CAN,CAN.11_1,CAN.11.87_1,CAN.11.87.2_1,,det_1270,
331,COM00331.00,Dian Dian,"Dian Diane Diane Project, COBAD",,,Mine,Aluminium,Bauxite,,2017,,,,,,Guinea,GIN,GIN.1_1,GIN.1.2_1,GIN.1.2.2_1,,det_1283,
332,COM00332.00,Diavik,,,,Mine,Other mine,Diamonds,,2003,,,,,,Canada,CAN,CAN.6_1,CAN.6.1_1,CAN.6.1.8_1,,det_1065,
333,COM00333.00,Didipio,,,,Mine,Gold,"Gold, Copper, Silver","Open Pit, Underground",2013,,,,,102.66,Philippines,PHL,PHL.63_1,PHL.63.5_1,PHL.63.5.8_1,,det_1359,
334,COM00334.00,Dilworth,,,,Mine,Coal,Coal,Underground,1984,2002,,,,,United States of America,USA,USA.39_1,USA.39.30_1,,,det_1425,
335,COM00335.00,Dodge Hill,,,,Mine,Coal,Thermal coal,Underground,,,,,,,United States of America,USA,USA.18_1,USA.18.113_1,,,det_1397,
336,COM00336.00,Dofasco Hamilton,ArcelorMittal Dofasco,,,"Smelter, Refinery",Processing,"Steel, hot-rolled steel, cold-rolled steel, galvanized steel, tinplate","Coke plant, blast furnace, basic oxygen steel-making plant, electric arc furnace, slab caster, hot strip rolling mill, cold rolling mill,  temper mills, hydrogen bases, galvanizing lines, electrolytic tinning and chromium coating line, tube mills",,,,,,,Canada,CAN,CAN.9_1,CAN.9.16_1,CAN.9.16.1_1,,det_1219,
337,COM00337.00,Dolomit,,,,Mine,Other mine,Dolomite,Open pit,,,,,,,Russian Federation,RUS,RUS.39_1,RUS.39.3_1,RUS.39.3.1_1,,det_1363,
338,COM00338.00,Dolores,,,,Mine,Gold,"Silver, Gold","Open pit, Underground, cyanide heap leaching plant, Merrill Crowe plant",2008,,,,,,Mexico,MEX,MEX.6_1,MEX.6.40_1,,,det_1381,
339,COM00339.00,Dongpo,Dongpo Coal Mine,,,Mine,Coal,Coal,Underground,,,,,,,China,CHN,CHN.25_1,CHN.25.7_1,CHN.25.7.2_1,,det_1579,"Is consolidatedly reported with other mines under ""China Coal Energy"" from the year 2016 onwards."
340,COM00340.00,Donlin Creek,,,,Mine,Other mine,Gold,,,,,,,,United States of America,USA,USA.2_1,USA.2.4_1,,,det_1041,
341,COM00341.00,Dotiki Complex,Webster County Coal,,,Mine,Coal,Coal,Underground,1966,2019,,,,,United States of America,USA,USA.18_1,USA.18.117_1,,,det_1411,
342,COM00342.00,Drayton,,,,Mine,Coal,Thermal coal,,,,,,,,Australia,AUS,AUS.5_1,AUS.5.95_1,,,det_1114,
343,COM00343.00,DRDGOLD,,,,Company,Other mine,Gold,,,,,,,,South Africa,ZAF,NA,NA,NA,NA,det_1092,DRDGOLD is a tailings treament provider parly owned by Sibanye.
344,COM00344.00,Driefontein,,,,Mine,Gold,Gold,"Underground, Surface",1952,,,,,,South Africa,ZAF,ZAF.3_1,ZAF.3.5_1,ZAF.3.5.1_1,ZAF.3.5.1.7_1,det_1092,
345,COM00345.00,Drummond Cesar,,,,Mine,Coal,Coal,Open pit,,,,,,,Colombia,COL,COL.11_1,"COL.11.2_1 ; COL.11.4_1 ; COL.11.14_1",,,det_1593,
346,COM00346.00,DTEK Dobropolyeugol,,,,Mine,Coal,Coal,,,,,,,,Ukraine,UKR,UKR.6_1,"UKR.6.4_1 ; UKR.6.5_1",,,det_1585,
347,COM00347.00,DTEK Obukhovskaya,,,,Mine,Coal,Coal,,,,,,,,Russian Federation,RUS,RUS.58_1,RUS.58.19_1,RUS.58.19.1_1,,det_1588,
348,COM00348.00,DTEK Pavlohradcoal,"DTEK Pavlogradcoa, DTEK Pavlogradugol",,,Mine,Coal,Coal,,,,,,,,Ukraine,UKR,UKR.5_1,UKR.5.18_1,,,det_1585,
349,COM00349.00,DTEK Rovenkyanthracite,,,,Mine,Coal,Coal,Underground,,,,,,,Ukraine,UKR,UKR.15_1,"UKR.15.2_1 ; UKR.15.3_1",,,det_1586,
350,COM00350.00,DTEK Sverdlovanthracite,,,,Mine,Coal,Coal,Underground,,,,,,,Ukraine,UKR,UKR.15_1,UKR.15.31_1,,,det_1587,
351,COM00351.00,Duck Pond,,,,Mine,Copper,"Copper, Zinc",,,2015,,,,,Canada,CAN,CAN.5_1,CAN.5.8_1,CAN.5.8.6_1,,det_1088,
352,COM00352.00,Dugald River,,,,Mine,Zinc,"Zinc, Lead, Silver",,2018,,,,,,Australia,AUS,AUS.7_1,AUS.7.19_1,,,det_1099,
353,COM00353.00,Dugout Canyon,,,,Mine,Coal,Coal,Underground,,,,,,75.1590268,United States of America,USA,USA.45_1,USA.45.4_1,,,det_1409,
354,COM00354.00,Duketon,,,,Mine,Gold,Gold,,2010,,,,,,Australia,AUS,AUS.11_1,AUS.11.71_1,,,det_1498,
355,COM00355.00,Dunkerque,,,,Smelter,Processing,Aluminium,,,,,,,,France,FRA,FRA.7_1,FRA.7.2_1,FRA.7.2.4_1,FRA.7.2.4.12_1,det_1065,
356,COM00356.00,Dunkirk steel plant,,,,"Smelter, Refinery",Processing,"Steel, steel slab","Coke plant, sinter plant, blast furnace, basic oxygen converter, continuous casters for slabs, hot strip mill",,,,,,,France,FRA,FRA.7_1,FRA.7.2_1,FRA.7.2.4_1,FRA.7.2.4.11_1,det_1219,
357,COM00357.00,Duobaoshan,"Heilongjiang Duobaoshan, Heilongjiang Duobaoshan Copper Co",,,Mine,Copper,"Copper, Copper cathode","Open Pit, Underground",,,,,,,China,CHN,CHN.11_1,CHN.11.5_1,CHN.11.5.4_1,,det_1325,
358,COM00358.00,Durnacol,,,,Mine,Coal,Thermal coal,,,,,,,,South Africa,ZAF,ZAF.4_1,ZAF.4.1_1,ZAF.4.1.1_1,ZAF.4.1.1.1_1,det_1552,
359,COM00359.00,Dvoinoye,,,,Mine,Other mine,Gold,Underground,,,,,,,Russian Federation,RUS,RUS.12_1,RUS.12.4_1,RUS.12.4.1_1,,det_1048,
360,COM00360.00,Dwarsrivier,,,,Mine,Other (poly)-metallic,Chrome,,,,,,,,South Africa,ZAF,ZAF.5_1,ZAF.5.3_1,ZAF.5.3.4_1,ZAF.5.3.4.25_1,det_1268,
361,COM00361.00,Dynamic Energy,,,,Mine,Coal,"Coking coal, Thermal coal","Underground, Open pit",,,,,,,United States of America,USA,USA.49_1,USA.49.55_1,,,det_1563,
362,COM00362.00,Dzhebariki-Khaya,,,,Mine,Coal,Thermal coal,Open pit,,,,,,1.1,Russian Federation,RUS,RUS.60_1,RUS.60.28_1,RUS.60.28.1_1,,det_1561,Part of Yakutugol JSHC
363,COM00363.00,Eagle,,,,Mine,Nickel,"Nickel, Copper",Underground,2014,,,,,,United States of America,USA,USA.23_1,USA.23.56_1,,,det_1203,
364,COM00364.00,Eagle Pass,Camino Real Fuels,,,Mine,Coal,"Bituminous coal, Sub-bituminous coal",Surface,2015,,,,,,United States of America,USA,USA.44_1,USA.44.159_1,,,det_1373,"Micare Unit is comprised of two mines, one in Coahuila, Mexico, and one in Eagle Pass, Texas, US. The one in Eagle Pass is operated by NACCO Industries, thus for production data of the mine in Coahuila, production data for the whole Micare Unit minus the production of the Eagle Pass mine is taken."
365,COM00365.00,East Boulder,,,,Mine,Other mine,PGM,Underground,,,,,,,United States of America,USA,USA.27_1,USA.27.49_1,,,det_1092,
366,COM00366.00,Eastern Coalfields Limited,ECL,,,Mine,Coal,"Coking coal, Thermal coal","Open pit, Underground",,,,,,,India,IND,"IND.15_1 ; IND.36_1","IND.15.3_1 ; IND.15.4_1 ; IND.15.8_1 ; IND.36.2_1 ; IND.36.3_1","IND.15.3.1_1 ; IND.15.4.2_1 ; IND.15.8.1_1 ; IND.36.2.1_1 ; IND.36.3.1_1 ; IND.36.3.3_1",,det_1504,
367,COM00367.00,Edgar Thomson Plant,Mon Valley Works Edgar Thomson Plant,,,Smelter,Processing,Steel,Blast furnace,,,,,,,United States of America,USA,USA.39_1,USA.39.2_1,,,det_1257,Part of US Steel's Mon Valley Works
368,COM00368.00,Edikan,"EGM, Edikan Gold Mine, Central Ashanti Gold Project, CAGP",,,Mine,Gold,Gold,Open pit,2012,,,,,,Ghana,GHA,GHA.3_1,GHA.3.13_1,,,det_1455,
369,COM00369.00,Edna May,,,,Mine,Gold,Gold,"Underground, Open pit",,,,,,,Australia,AUS,AUS.11_1,AUS.11.130_1,,,det_1495,
370,COM00370.00,Eisenhüttenstadt steel plant,,,,"Smelter, Refinery",Processing,"Steel, hot-rolled steel rolls, cold-rolled steel rolls, hot dip galvanized steel rolls, organic-coated rolls","Sinter plant, blast furnace, steel plant, continuous casters for slabs, casters for blooms, hot strip mill, coil box, cold rolling mill, hot dip galvanizing line, organic coating facility",,,,,,,Germany,DEU,DEU.4_1,DEU.4.11_1,DEU.4.11.3_1,DEU.4.11.3.1_1,det_1219,
371,COM00371.00,Ekati,,,,Mine,Other mine,Diamonds,,,,,,,,Canada,CAN,CAN.6_1,CAN.6.1_1,CAN.6.1.8_1,,det_1148,
372,COM00372.00,El Abra,,,,Mine,Copper,Copper,"Open pit, SX-EW",1996,,,,,728.442,Chile,CHL,CHL.2_1,CHL.2.2_1,CHL.2.2.1_1,,det_1167,
373,COM00373.00,El Algarrobo,,,,Mine,Iron,Iron ore,,,,inactive,2019,,,Chile,CHL,CHL.5_1,CHL.5.3_1,CHL.5.3.4_1,,det_1369,
374,COM00374.00,El Arco,,,,Mine,Other mine,Copper,,,,in development,,,,Mexico,MEX,MEX.3_1,MEX.3.1_1,,,det_1021,
375,COM00375.00,El Hatillo,,,,Mine,Coal,Thermal coal,,,,,,,96.93,Colombia,COL,COL.11_1,COL.11.10_1,,,det_1161,
376,COM00376.00,El Penon,,,,Mine,Gold,"Gold, Silver",Underground,,,,,,,Chile,CHL,CHL.2_1,CHL.2.1_1,CHL.2.1.1_1,,det_1210,
377,COM00377.00,El Pilar,,,,Mine,Other mine,Copper,,,,in development,,,,Mexico,MEX,MEX.26_1,NA,NA,NA,det_1014,
378,COM00378.00,El Romeral,"Elqui Valley, Romeral",,,Mine,Iron,Iron ore,,,,,,,,Chile,CHL,CHL.7_1,CHL.7.2_1,CHL.7.2.4_1,,det_1369,
379,COM00379.00,El Sauzal,,,,Mine,Gold,Gold,,,2015,,,,,Mexico,MEX,MEX.6_1,MEX.6.8_1,,,det_1155,
380,COM00380.00,El Segundo/Lee Ranch,,,,Mine,Coal,Thermal coal,Surface,,,,,,,United States of America,USA,USA.32_1,USA.32.4_1,,,det_1390,
381,COM00381.00,El Soldado,,,,Mine,Copper,"Copper, Copper cathode","Open pit, Underground",,,,,,,Chile,CHL,CHL.16_1,CHL.16.4_1,CHL.16.4.1_1,,det_1103,
382,COM00382.00,El Teniente,División El Teniente,,,"Mine, Smelter",Copper,"Copper, Copper anodes, Molybdenum, Gold, Silver","Open pit, Underground",1904,,,,,,Chile,CHL,CHL.8_1,CHL.8.1_1,CHL.8.1.7_1,,det_1171,
383,COM00383.00,El Volcan,,,,Mine,Iron,Iron,Open pit,2009,2019,,,,4.2613857,Mexico,MEX,MEX.26_1,MEX.26.49_1,,,det_1218,
384,COM00384.00,Elang,,,,Mine,Other mine,"Gold, Copper, Silver",,,,,,,,Indonesia,IDN,IDN.20_1,IDN.20.10_1,IDN.20.10.10_1,IDN.20.10.10.3_1,det_1013,
385,COM00385.00,Electrosteel Steels Limited,ESL,,,"Smelter, Refinery",Processing,"Steel, Thermo mechanically treated steel bars, Steel wire rod, Steel pipe, Pig iron, Steel billet, Granulated slag","Coke oven, Sinter plant, Blast furnace, Oxygen plant, Calcination plant, Steel melting shop, Rolling mill, Wire rod mill, Bar mill, DI pipe plant, Power plant",,,,,,,India,IND,IND.15_1,IND.15.1_1,IND.15.1.2_1,,det_1307,
386,COM00386.00,Eleonore,,,,Mine,Gold,Gold,Underground,2015,,,,,,Canada,CAN,CAN.11_1,CAN.11.84_1,CAN.11.84.6_1,,det_1152,
387,COM00387.00,Elgaugol,Elga,,,Mine,Coal,"Coking coal, Thermal coal",Open pit,2011,,,,,144.1,Russian Federation,RUS,RUS.60_1,RUS.60.18_1,RUS.60.18.1_1,,det_1562,
388,COM00388.00,Ellen,Crean Hill,,,Mine,Nickel,"Nickel, Copper",,,,,,,,Canada,CAN,CAN.9_1,CAN.9.11_1,CAN.9.11.1_1,,det_1159,
389,COM00389.00,Emery,,,,Mine,Coal,Coal,"Underground, Surface",1945,,,,,,United States of America,USA,USA.45_1,USA.45.8_1,,,det_1420,
390,COM00390.00,Empire,,,,Mine,Iron,"Iron, Iron ore pellets",Open pit,1963,2016,,,,,United States of America,USA,USA.23_1,USA.23.56_1,,,det_1233,
391,COM00391.00,Endeavor,,,,Mine,Silver,"Silver, Lead, Zinc, Copper",,,,,,,,Australia,AUS,AUS.5_1,AUS.5.34_1,,,det_1478,
392,COM00392.00,Energy Resources of Australia,,,,Mine,Other (poly)-metallic,Uranium,,,,,,,,Australia,AUS,AUS.6_1,AUS.6.17_1,,,det_1065,
393,COM00393.00,Ensham,,,,Mine,Coal,Thermal coal,"Open cut, Underground",1993,,,,,,Australia,AUS,AUS.7_1,AUS.7.16_1,,,det_1544,
394,COM00394.00,Ergo,,,,Mine,Gold,Gold,,,,,,,,South Africa,ZAF,ZAF.3_1,ZAF.3.3_1,ZAF.3.3.1_1,ZAF.3.3.1.74_1,det_1062,
395,COM00395.00,Ernest Henry and Mount Isa,,,,Mine,Copper,"Copper, Gold",Underground,,,,,,,Australia,AUS,AUS.7_1,"AUS.7.19_1 ; AUS.7.46_1 ; AUS.7.67_1",,,det_1178,"From Glencore website: Copper mining and processing operations at our Queensland Metals business involves a three-step process: Firstly, we mine the ore at our two underground copper mines at Mount Isa Mines and Ernest Henry Mining. Secondly, we smelt the ore into copper anode at our Mount Isa Mines copper smelter. This 99.7% pure copper anode is transported by rail and road to our copper refinery in Townsville. Finally, we refine the copper anode at CRL (Townsville) by using the IsaKIDD electrolytic refining process."
396,COM00396.00,Escobal,,,,Mine,Silver,"Silver, Gold, Zinc, Lead",Underground,2013,,inactive,2019,,29.2,Guatemala,GTM,GTM.18_1,GTM.18.10_1,,,det_1382,
397,COM00397.00,Escondida,,,,Mine,Copper,"Copper, Copper cathode, Gold, Silver","Open pit,  Oxide leaching, Sulphide leaching",1990,,,,,,Chile,CHL,CHL.2_1,CHL.2.1_1,CHL.2.1.1_1,,det_1065,
398,COM00398.00,Eskay Creek,,,,Mine,Gold,Gold,,,,,,,,Canada,CAN,CAN.2_1,CAN.2.15_1,CAN.2.15.20_1,,det_1041,
399,COM00399.00,Estevan,"Boundary Dam, Bienfait",,,Mine,Coal,"Lignite, Coal",Surface,1973,,,,,,Canada,CAN,CAN.12_1,CAN.12.10_1,"CAN.12.10.15_1 ; CAN.12.10.18_1",,det_1427,
400,COM00400.00,Eurallumina,,,,Refinery,Processing,"Alumina, Alumina hydrate",Bayer process plant,,,inactive,2020,,,Italy,ITA,ITA.14_1,ITA.14.2_1,ITA.14.2.16_1,,det_1288,
401,COM00401.00,EVRAZ VGOK,"Vysokogorsky GOK, EVRAZ Vysokogorsky Ore Mining and Processing Company",,,Mine,Iron,Iron ore,,,,,,,,Russian Federation,RUS,RUS.66_1,RUS.66.31_1,RUS.66.31.1_1,,det_1559,
402,COM00402.00,Evrazruda,,,,Mine,Iron,Iron ore,Underground,,,,,,,Russian Federation,RUS,RUS.27_1,RUS.27.27_1,RUS.27.27.1_1,,det_1558,
403,COM00403.00,Extension Hill/Iron Hill,Mid-West Operations,,,Mine,Iron,"Direct shipping iron ore, Iron ore",,2011,2021,,,,,Australia,AUS,AUS.11_1,AUS.11.138_1,,,det_1502,
404,COM00404.00,Exxaro Coal Central,ECC,,,Mine,Coal,Thermal coal,,,,,,,,South Africa,ZAF,ZAF.6_1,"ZAF.6.2_1 ; ZAF.6.3_1","ZAF.6.2.3_1 ; ZAF.6.3.3_1 ; ZAF.6.3.4_1","ZAF.6.2.3.7_1 ; ZAF.6.3.3.18_1 ; ZAF.6.3.4.23_1",det_1549,
405,COM00405.00,Fabrica,,,,Refinery,Processing,Iron ore pellets,,,,,,,,Brazil,BRA,BRA.13_1,BRA.13.523_1,BRA.13.523.1_1,,det_1159,
406,COM00406.00,Fairfield Works,,,,"Refinery, Smelter",Processing,Steel,,,,,,,,United States of America,USA,USA.1_1,USA.1.37_1,,,det_1260,
407,COM00407.00,Falcondo,,,,Mine,Nickel,Nickel,,,,,,,,Dominican Republic,DOM,DOM.16_1,DOM.16.1_1,,,det_1180,
408,COM00408.00,Falkirk,The Falkirk Mining Company,,,Mine,Coal,Lignite,Surface,1978,,,,,186.1452593,United States of America,USA,USA.35_1,USA.35.28_1,,,det_1373,
409,COM00409.00,Farmersburg,,,,Mine,Coal,Thermal coal,Surface,,2010,,,,,United States of America,USA,USA.15_1,USA.15.78_1,,,det_1392,
410,COM00410.00,Fazenda,Fazenda Brasileiro,,,Mine,Gold,Gold,Open pit,,,,,634,,Brazil,BRA,BRA.5_1,BRA.5.375_1,BRA.5.375.1_1,,det_1215,
411,COM00411.00,Federal,Federal No. 2,,,Mine,Coal,Thermal coal,Underground,,,,,,,United States of America,USA,USA.49_1,USA.49.31_1,,,det_1397,
412,COM00412.00,Fernandinho,,,,Mine,Iron,Iron,Open pit,1950,,,,,,Brazil,BRA,BRA.13_1,BRA.13.642_1,BRA.13.642.1_1,,det_1222,
413,COM00413.00,Ferrexpo Poltava Mining,"FPM, GPL, FYM, Yerystivske, Gorishne-Plavninske-Lavrykivske, Bilanivske, Galeschynske, Vasylivske, Kharchenkivske, Manuilivske, Brovarkivske, Zarudenske",,,Mine,Iron,Iron ore,"Open pit, Pelletizing plant",,,,,,,Ukraine,UKR,UKR.18_1,UKR.18.10_1,,,det_1368,
414,COM00414.00,Five Forks,Demery Resources Company,,,Mine,Coal,Lignite,Surface,,,,,,,United States of America,USA,USA.19_1,USA.19.35_1,,,det_1373,
415,COM00415.00,Fjardaal Aluminium Smelter,Fjarðaál Aluminium Smelter,,,Smelter,Processing,Aluminium,,,,,,,,Iceland,ISL,ISL.1_1,ISL.1.8_1,,,det_1270,
416,COM00416.00,Flint Ridge,,,,Mine,Coal,Coal,Underground,,2012,,,,,United States of America,USA,USA.18_1,USA.18.13_1,,,det_1407,
417,COM00417.00,FNI Cagdianao,,,,Mine,Nickel,Nickel,,2007,,,,,,Philippines,PHL,PHL.74_1,PHL.74.4_1,PHL.74.4.5_1,,det_1448,
418,COM00418.00,Fort Knox,,,,Mine,Other (poly)-metallic,Gold,Open pit,,,,,,,United States of America,USA,USA.2_1,USA.2.8_1,,,det_1046,
419,COM00419.00,Fort Site,,,,Refinery,Processing,"Refined Nickel, Refined Cobalt, Fertilizer, Sulphuric acid",,,,,,,,Canada,CAN,CAN.1_1,CAN.1.2_1,CAN.1.2.14_1,,det_1432,
420,COM00420.00,Fortaleza,Mineracao Serra da Fortaleza Ltda,,,Mine,Nickel,Nickel,,,,,,,,Brazil,BRA,BRA.13_1,BRA.13.296_1,BRA.13.296.1_1,,det_1072,
421,COM00421.00,Fortescue Pilbara Region,"Solomon Hub, Chichester Hub, Western Hub, Cloudbreak, Christmas Creek, Firetail, Kings Valley, Cloudbreak mine, Christmas Creek mine, Firetail mine, Kings Valley mine, Eliwana, Eliwana mine",,,Region,Iron,Iron ore,Open pit,2008,,,,,,Australia,AUS,AUS.11_1,"AUS.11.3_1 ; AUS.11.46_1",,,det_1355,
422,COM00422.00,Fortnum Gold Operations,"Fortnum Gold Operations (FGO), FGO",,,Mine,Gold,Gold,"Open pit, Underground, Carbon-in-leach plant",2017,,,,,,Australia,AUS,AUS.11_1,AUS.11.75_1,,,det_1439,
423,COM00423.00,Fos-sur-Mer steel plant,,,,"Smelter, Refinery",Processing,Steel,"Coke oven, sinter plant, blast furnace, basic oxygen converter, continuous casters for slabs, hot strip mill, pickling line",,,,,,,France,FRA,FRA.13_1,FRA.13.3_1,FRA.13.3.3_1,FRA.13.3.3.4_1,det_1219,
424,COM00424.00,Foxleigh,,,,Mine,Coal,Metallurgical coal,,,,,,,,Australia,AUS,AUS.7_1,AUS.7.34_1,,,det_1114,
425,COM00425.00,Francisco,,,,Mine,Coal,Thermal coal,"Surface, Underground",2005,,,,,,United States of America,USA,USA.15_1,USA.15.26_1,,,det_1390,
426,COM00426.00,Franke,,,,Mine,Copper,Copper cathodes,Open pit,,,,,,,Chile,CHL,CHL.5_1,CHL.5.1_1,CHL.5.1.2_1,,det_1199,
427,COM00427.00,Freda-Rebecca,,,,Mine,Gold,Gold,,,,,,,,Zimbabwe,ZWE,ZWE.4_1,ZWE.4.1_1,,,det_1061,
428,COM00428.00,Freedom,The Coteau Properties Company,,,Mine,Coal,Lignite,Surface,1983,,,,,135.9717931,United States of America,USA,USA.35_1,USA.35.29_1,,,det_1373,
429,COM00429.00,Fresnillo,,,,Mine,Silver,"Silver, Gold, Lead, Zinc",Underground,1554,,,,,,Mexico,MEX,MEX.32_1,MEX.32.11_1,,,det_1125,
430,COM00430.00,Friguia,,,,"Mine, Refinery",Aluminium,"Bauxite, Alumina, Alumina hydrate",,,,,,,,Guinea,GIN,GIN.1_1,GIN.1.3_1,GIN.1.3.3_1,,det_1281,
431,COM00431.00,Frontier,,,,Mine,Copper,Copper,Open pit,2007,,,,,,DR Congo,COD,COD.3_1,COD.3.9_1,,,det_1091,
432,COM00432.00,Fruta del Norte,,,,Mine,Other mine,Gold,,,,,,,,Ecuador,ECU,ECU.24_1,ECU.24.8_1,ECU.24.8.2_1,,det_1055,
433,COM00433.00,Fujairah Refinery,Fujairah Gold FZC,,,Refinery,Processing,"Copper rod, Gold, Silver","doré anode plant, copper rod plant",2009,,,,,,United Arab Emirates,ARE,ARE.4_1,ARE.4.1_1,ARE.4.1.1_1,,det_1307,
434,COM00434.00,Fujian Makeng,Fujian Makeng Mining Company Limited,,,Mine,Iron,Iron ore,,,,,,,,China,CHN,CHN.4_1,NA,NA,NA,det_1332,
435,COM00435.00,Fushun Aluminum,,,,"Smelter, Refinery",Processing,"Aluminium, Anode carbon",,,,,,,,China,CHN,CHN.18_1,NA,NA,NA,det_1274,
436,COM00436.00,Gabriela Mistral,"División Gabriela Mistral, Gaby",,,Mine,Copper,"Copper, Copper cathodes",Open pit,2008,,,,,,Chile,CHL,CHL.2_1,CHL.2.2_1,CHL.2.2.3_1,,det_1171,
437,COM00437.00,Galati steel plant,,,,"Smelter, Refinery",Processing,"Steel, steel plates, hot-rolled steel coils, cold rolled steel coils, galvanized steel","Blast furnace, basic oxygen converter, continuous casters for slabs, hot strip mill, heavy plate mills, cold rolling mill, hot dip galvanizing line",,,,,,,Romania,ROU,ROU.19_1,ROU.19.25_1,,,det_1221,
438,COM00438.00,Galena,,,,Mine,Silver,"Silver, Copper",,,,,,,,United States of America,USA,USA.13_1,USA.13.40_1,,,det_1481,
439,COM00439.00,Galmoy,,,,Mine,Zinc,"Zinc, Lead, Silver",Underground,,2012,,,,,Ireland,IRL,IRL.10_1,,,,det_1206,
440,COM00440.00,Gansu Hualu,,,,Smelter,Processing,Aluminium,,,,,,,,China,CHN,CHN.5_1,NA,NA,NA,det_1274,
441,COM00441.00,Gaohe,,,,Mine,Coal,Coal,Underground,,,,,,,China,CHN,CHN.25_1,CHN.25.1_1,CHN.25.1.12_1,,det_1591,
442,COM00442.00,Garpenberg,,,,Mine,Zinc,"Zinc, Silver, Lead, Copper, Gold",Underground,,,,,,,Sweden,SWE,SWE.2_1,SWE.2.6_1,,,det_1124,
443,COM00443.00,Garson,,,,Mine,Nickel,"Nickel, Copper",,,,,,,,Canada,CAN,CAN.9_1,CAN.9.11_1,CAN.9.11.1_1,,det_1159,
444,COM00444.00,Gary Works,Gary,,,"Refinery, Smelter",Processing,Steel,Blast furnace,,,,,,,United States of America,USA,USA.15_1,USA.15.45_1,,,det_1255,
445,COM00445.00,Gateway North,Gateway,,,Mine,Coal,Thermal coal,Underground,,,,,,,United States of America,USA,USA.14_1,USA.14.80_1,,,det_1390,
446,COM00446.00,Geita,,,,Mine,Gold,Gold,,,,,,,,Tanzania,TZA,TZA.4_1,TZA.4.3_1,TZA.4.3.25_1,,det_1057,
447,COM00447.00,GEMCO,Groote Eylandt Mining Company operation,,,Mine,Other mine,Manganese,Open pit,,,,,,,Australia,AUS,AUS.6_1,AUS.6.7_1,,,det_1128,
448,COM00448.00,Genesee,,,,Mine,Coal,Sub-bituminous coal,Surface,1988,,,,,,Canada,CAN,CAN.1_1,CAN.1.2_1,CAN.1.2.22_1,,det_1427,
449,COM00449.00,Gent steel plant,,,,"Smelter, Refinery",Processing,"Steel, flat steel","Coke plant, sinter plant, blast furnace, basic oxygen converter, continuous casters for slabs, hot strip mill, ladle furnace, pickling mill, rolling mill",,,,,,,Belgium,BEL,BEL.2_1,BEL.2.3_1,BEL.2.3.4_1,BEL.2.3.4.7_1,det_1219,
450,COM00450.00,Georgetown,,,,"Smelter, Refinery",Processing,"Steel, wire rod","Electric arc furnace, ladle furnace,billet caster, rod rolling mill",,,,,,,United States of America,USA,USA.41_1,USA.41.22_1,,,det_1221,
451,COM00451.00,Gerdau Aconorte,Siderúrgica Açonorte,,,"Refinery, Smelter",Processing,"Crude steel, Rebar, merchant bars, wire rod, drawn products, nails","EAF mini-mill, rolling mill, drawing mill, nail and clamp factory",,,,,,,Brazil,BRA,BRA.17_1,BRA.17.129_1,BRA.17.129.2_1,,det_1367,
452,COM00452.00,Gerdau Barao de Cocais,,,,"Refinery, Smelter",Processing,"Crude steel, Merchant bars","Integrated/blast furnace, LD converter, rolling mill",,,,,,,Brazil,BRA,BRA.13_1,BRA.13.58_1,BRA.13.58.1_1,,det_1367,
453,COM00453.00,Gerdau Cambridge,,,,"Refinery, Smelter",Processing,"Crude steel, Rebar, merchant bars","EAF mini-mill, rolling mill",,,,,,,Canada,CAN,CAN.9_1,CAN.9.51_1,CAN.9.51.1_1,,det_1367,
454,COM00454.00,Gerdau Cartersville,,,,"Refinery, Smelter",Processing,"Crude steel, Merchant bars, structural shapes, beams","EAF mini-mill, rolling mill",,,,,,,United States of America,USA,USA.11_1,USA.11.8_1,,,det_1367,
455,COM00455.00,Gerdau Cearense,,,,"Refinery, Smelter",Processing,"Crude steel, Rebar, merchant bars","EAF mini-mill, rolling mill",,,,,,,Brazil,BRA,BRA.6_1,BRA.6.104_1,BRA.6.104.1_1,,det_1367,
456,COM00456.00,Gerdau Charlotte,,,,"Refinery, Smelter",Processing,"Crude steel, Rebar, merchant bars","EAF mini-mill, rolling mill",,,,,,,United States of America,USA,USA.34_1,USA.34.60_1,,,det_1367,
457,COM00457.00,Gerdau Charqueadas,,,,"Refinery, Smelter",Processing,"Crude steel, Bars, special profiles, wires, wire rod, cold finished bar","EAF mini-mill, rolling mill and finishing",,,,,,,Brazil,BRA,BRA.21_1,BRA.21.96_1,BRA.21.96.1_1,,det_1367,
458,COM00458.00,Gerdau Contagem,,,,"Refinery, Smelter",Processing,Pig iron,Blast furnace,,,,,,,Brazil,BRA,BRA.13_1,BRA.13.207_1,BRA.13.207.2_1,,det_1367,
459,COM00459.00,Gerdau Cosigua,,,,"Refinery, Smelter",Processing,"Crude steel, Rebar, merchant bars, wire rod, drawn products, nails","EAF mini-mill, rolling mill, drawing mill, nail and clamp factory",,,,,,,Brazil,BRA,BRA.19_1,BRA.19.67_1,BRA.19.67.26_1,,det_1367,
460,COM00460.00,Gerdau Divinopolis,,,,"Refinery, Smelter",Processing,"Crude steel, Rebar and merchant bars","Integrated/blast furnace, EOF converter and rolling mill",,,,,,,Brazil,BRA,BRA.13_1,BRA.13.249_1,BRA.13.249.1_1,,det_1367,
461,COM00461.00,Gerdau Fort Smith,,,,"Refinery, Smelter",Processing,"Crude steel, Special bars and shapes and cold finished bar","EAF mini-mill, rolling mill and finishing",,,,,,,United States of America,USA,USA.4_1,USA.4.66_1,,,det_1367,
462,COM00462.00,Gerdau Guaira,iderúrgica Guaíra,,,"Refinery, Smelter",Processing,"Crude steel, Billet",EAF mini-mill,,,,,,,Brazil,BRA,BRA.16_1,BRA.16.23_1,BRA.16.23.1_1,,det_1367,
463,COM00463.00,Gerdau Jackson - Michigan,,,,"Refinery, Smelter",Processing,"Crude steel, Special bars and shapes and cold finished bar","EAF mini-mill, rolling mill and finishing",,,,,,,United States of America,USA,USA.23_1,USA.23.38_1,,,det_1367,
464,COM00464.00,Gerdau Jackson - Tennessee,,,,"Refinery, Smelter",Processing,"Crude steel, Rebar, merchant bars","EAF mini-mill, rolling mill",,,,,,,United States of America,USA,USA.43_1,USA.43.55_1,,,det_1367,
465,COM00465.00,Gerdau Manitoba - MRM,,,,"Refinery, Smelter",Processing,"Crude steel, Special sections, merchant bars, rebar","EAF mini-mill, rolling mill",,,,,,,Canada,CAN,CAN.3_1,CAN.3.4_1,CAN.3.4.4_1,,det_1367,
466,COM00466.00,Gerdau Midlothian,,,,"Refinery, Smelter",Processing,"Crude steel, Rebar, merchant bar, beams","EAF mini-mill, rolling mill",,,,,,,United States of America,USA,USA.44_1,USA.44.71_1,,,det_1367,
467,COM00467.00,Gerdau Mogi das Cruzes,,,,"Refinery, Smelter",Processing,"Crude steel, Bars, special profiles","EAF mini-mill, rolling mill and finishing",,,,,,,Brazil,BRA,BRA.25_1,BRA.25.345_1,BRA.25.345.3_1,,det_1367,
468,COM00468.00,Gerdau Monroe,,,,"Refinery, Smelter",Processing,"Crude steel, Special bars and shapes and cold finished bar","EAF mini-mill, rolling mill and finishing",,,,,,,United States of America,USA,USA.36_1,USA.36.44_1,,,det_1367,
469,COM00469.00,Gerdau Ouro Branco,Gerdau Acominas,,,"Refinery, Smelter",Processing,"Crude steel, billets, blooms, slabs, wire rod, heavy structural shapes, HRC","Blast furnace, LD converter, rolling mills",,,,,,,Brazil,BRA,BRA.13_1,BRA.13.202_1,BRA.13.202.3_1,,det_1367,
470,COM00470.00,Gerdau Petersburg,,,,"Refinery, Smelter",Processing,"Crude steel, Merchant bar, beams","EAF mini-mill, rolling mill",,,,,,,United States of America,USA,USA.47_1,USA.47.37_1,,,det_1367,
471,COM00471.00,Gerdau Pindamonhangaba,,,,"Refinery, Smelter",Processing,"Crude steel, Bars, wires, wire rod, finished and rolled bar, rolling mill rolls","EAF mini-mill, rolling mill, finishing and foundry",,,,,,,Brazil,BRA,BRA.25_1,BRA.25.429_1,BRA.25.429.1_1,,det_1367,
472,COM00472.00,Gerdau Riograndense,,,,"Refinery, Smelter",Processing,"Crude steel, Rebar, merchant bars, wire rod, drawn products, nails","EAF mini-mill, rolling mill, drawing mill, nail and clamp factory",,,,,,,Brazil,BRA,BRA.21_1,BRA.21.391_1,BRA.21.391.1_1,,det_1367,
473,COM00473.00,Gerdau Sao Paulo,Acacariguama,,,"Refinery, Smelter",Processing,"Crude steel, Billets, rebars, coil rebar","EAF mini-mill, rolling mill",,,,,,,Brazil,BRA,BRA.25_1,BRA.25.31_1,BRA.25.31.1_1,,det_1367,
474,COM00474.00,Gerdau Sete Lagoas,,,,"Refinery, Smelter",Processing,Pig iron,Blast furnace,,,,,,,Brazil,BRA,BRA.13_1,BRA.13.792_1,BRA.13.792.18_1,,det_1367,
475,COM00475.00,Gerdau St. Paul,,,,"Refinery, Smelter",Processing,"Crude steel, Rebar, merchant bars, special bars (SBQ), round bars","EAF mini-mill, rolling mill",,,,,,,United States of America,USA,USA.24_1,USA.24.63_1,,,det_1367,
476,COM00476.00,Gerdau Usiba,,,,"Refinery, Smelter",Processing,"Crude steel, Rebar, merchant bars, wire rod, drawn products","DRI, EAF mini-mill, rolling mill, drawing mill",,,,,,,Brazil,BRA,BRA.5_1,BRA.5.377_1,BRA.5.377.1_1,,det_1367,
477,COM00477.00,Gerdau Whitby,,,,"Refinery, Smelter",Processing,"Crude steel, Structural shapes, rebar, merchant bars	 ","EAF mini-mill, rolling mill",,,,,,,Canada,CAN,CAN.9_1,CAN.9.7_1,CAN.9.7.9_1,,det_1367,
478,COM00478.00,Gerdau Wilton,,,,"Refinery, Smelter",Processing,"Crude steel, Rebar, merchant bars","EAF mini-mill, rolling mill",,,,,,,United States of America,USA,USA.16_1,USA.16.70_1,,,det_1367,
479,COM00479.00,Gertrude,,,,Mine,Nickel,"Nickel, Copper",,,,,,,,Canada,CAN,CAN.9_1,CAN.9.11_1,CAN.9.11.1_1,,det_1162,
480,COM00480.00,Gibson Complex,Gibson County Coal,,,Mine,Coal,Coal,Underground,,,,,,,United States of America,USA,USA.15_1,USA.15.26_1,,,det_1411,
481,COM00481.00,Glogow metallurgical complex,,,,"Smelter, Refinery",Processing,"Copper, Copper cathodes, Lead, Silver, Gold, Sulphuric acid",,,,,,,,Poland,POL,POL.1_1,POL.1.3_1,POL.1.3.1_1,,det_1199,
482,COM00482.00,Goedehoop,,,,Mine,Coal,Thermal coal,,,,,,,,South Africa,ZAF,ZAF.6_1,ZAF.6.3_1,ZAF.6.3.4_1,ZAF.6.3.4.26_1,det_1103,
483,COM00483.00,Goedgevonden,GGV,,,Mine,Coal,Thermal coal,Open pit,,,,,,,South Africa,ZAF,ZAF.6_1,ZAF.6.3_1,ZAF.6.3.3_1,ZAF.6.3.3.24_1,det_1267,
484,COM00484.00,Golden Grove,,,,Mine,Copper,"Zinc, Copper, PGM, Copper, Lead, Gold, Silver","Open pit, Underground",1990,,,,,,Australia,AUS,AUS.11_1,AUS.11.138_1,,,det_1102,
485,COM00485.00,Golden Sunlight,,,,Mine,Gold,Gold,,,,,,,,United States of America,USA,USA.27_1,USA.27.22_1,,,det_1029,
486,COM00486.00,Goldex,,,,Mine,Gold,Gold,Underground,2008,,,,,,Canada,CAN,CAN.11_1,CAN.11.98_1,CAN.11.98.15_1,,det_1349,
487,COM00487.00,Goldrush - Fourmile,,,,Mine,Other mine,Gold,,,,construction,2019,,,United States of America,USA,USA.29_1,USA.29.7_1,,,det_1024,
488,COM00488.00,Goldstrike,,,,"Mine, Refinery",Gold,Gold,"Open pit, Underground, Roaster, Autoclaves",,,,,,,United States of America,USA,USA.29_1,"USA.29.5_1 ; USA.29.7_1",,,det_1026,
489,COM00489.00,Goonyella Riverside,,,,Mine,Coal,"Metallurgical bituminous coal, Thermal bituminous coal",Open pit,1971,,,,,,Australia,AUS,AUS.7_1,AUS.7.34_1,,,det_1135,Goonyella merged with Riverside Mine in 1989
490,COM00490.00,Gosowong,Toguraci,,,Mine,Gold,"Gold, Silver","Underground, Open pit",,,,,,,Indonesia,IDN,IDN.18_1,IDN.18.5_1,IDN.18.5.5_1,IDN.18.5.5.1_1,det_1096,
491,COM00491.00,Gove,,,,"Mine, Refinery",Aluminium,"Bauxite, Alumina",Open pit,1970,,,,,,Australia,AUS,AUS.6_1,AUS.6.7_1,,,det_1065,Refinery closed in 2014
492,COM00492.00,Gramalote,,,,Mine,Other mine,Gold,,,,,,,,Colombia,COL,COL.2_1,COL.2.98_1,NA,NA,det_1064,
493,COM00493.00,Grande-Baie,,,,Smelter,Processing,Aluminium,,1980,,,,,,Canada,CAN,CAN.11_1,CAN.11.53_1,CAN.11.53.6_1,,det_1065,
494,COM00494.00,Granite City Works,,,,"Refinery, Smelter",Processing,Steel,Blast furnace,,,,,,,United States of America,USA,USA.14_1,USA.14.58_1,,,det_1259,
495,COM00495.00,Granny Smith,,,,Mine,Other mine,Gold,,,,,,,,Australia,AUS,AUS.11_1,AUS.11.71_1,,,det_1039,
496,COM00496.00,Grasberg,,,,Mine,Copper,"Copper, Gold, Silver","Open pit, Underground",1967,,,,,,Indonesia,IDN,IDN.23_1,IDN.23.17_1,IDN.23.17.12_1,IDN.23.17.12.6_1,det_1071,
497,COM00497.00,Great Lakes Works,,,,"Refinery, Smelter",Processing,Steel,Blast furnace,,,,,,,United States of America,USA,USA.23_1,USA.23.86_1,,,det_1256,
498,COM00498.00,Great Noligwa,,,,Mine,Gold,Gold,,,,,,,,South Africa,ZAF,ZAF.2_1,ZAF.2.1_1,ZAF.2.1.3_1,ZAF.2.1.3.17_1,det_1057,
499,COM00499.00,Greenbrier,,,,Mine,Coal,"Pulverized Coal Injection, Thermal coal",,,,,,,,United States of America,USA,USA.49_1,USA.49.13_1,,,det_1426,
500,COM00500.00,Greens Creek,,,,Mine,Silver,"Gold, Lead, Silver, Zinc",,,,,,,,United States of America,USA,USA.2_1,USA.2.10_1,,,det_1073,
501,COM00501.00,Greenside,,,,Mine,Coal,Thermal coal,,,,,,,,South Africa,ZAF,ZAF.6_1,ZAF.6.3_1,ZAF.6.3.3_1,ZAF.6.3.3.11_1,det_1103,
502,COM00502.00,Gregory,,,,Mine,Coal,"Thermal bituminous coal, Metallurgical coal",Open pit,1979,2012,,,,,Australia,AUS,AUS.7_1,AUS.7.16_1,,,det_1135,
503,COM00503.00,Griffin,,,,Mine,Coal,Thermal coal,,1927,,,,,,Australia,AUS,AUS.11_1,AUS.11.27_1,,,det_1548,
504,COM00504.00,Grootegeluk,,,,Mine,Coal,"Metallurgical coal, Thermal coal",Open cut,,,,,,,South Africa,ZAF,ZAF.5_1,ZAF.5.5_1,ZAF.5.5.2_1,ZAF.5.5.2.5_1,det_1549,
505,COM00505.00,Grosvenor,,,,Mine,Coal,Metallurgical coal,,,,,,,,Australia,AUS,AUS.7_1,AUS.7.34_1,,,det_1115,
506,COM00506.00,Gualcamayo,,,,Mine,Gold,Gold,"Open pit, Underground",2009,,,,,,Argentina,ARG,ARG.18_1,ARG.18.8_1,,,det_1213,
507,COM00507.00,Guanaco and Amancaya,"Guanaco, Amancaya",,,Mine,Gold,"Gold, Silver","Open pit, Underground, agitation leach plant",,,,,,,Chile,CHL,CHL.2_1,CHL.2.1_1,CHL.2.1.4_1,,det_1468,
508,COM00508.00,Guelb Moghrein,,,,"Mine, Smelter",Copper,"Copper, Gold",,,,,,,,Mauritania,MRT,MRT.9_1,MRT.9.1_1,,,det_1089,
509,COM00509.00,Guizhou,,,,"Mine, Refinery, Smelter",Aluminium,"Bauxite, Alumina, Aluminium","Open pit, Underground",1978,,active,2019,,,China,CHN,CHN.8_1,CHN.8.3_1,"CHN.8.3.1_1 ; CHN.8.3.3_1 ; CHN.8.3.5_1",,det_1274,
510,COM00510.00,Guizhou Huajin Alumina,,,,Refinery,Processing,Alumina,,2014,,,,,,China,CHN,CHN.8_1,CHN.8.3_1,CHN.8.3.3_1,NA,det_1274,
511,COM00511.00,Guizhou Huaren Aluminium Smelter,,,,Smelter,Processing,Aluminium,,2017,,,,,,China,CHN,CHN.8_1,CHN.8.3_1,CHN.8.3.3_1,NA,det_1274,
512,COM00512.00,Gunnedah,,,,"Mine, Refinery",Coal,Coal,Open cut,2002,,active,2020,,,Australia,AUS,AUS.5_1,"AUS.5.59_1 ; AUS.5.97_1",,,det_1541,
513,COM00513.00,Gurimbang,,,,Mine,Other mine,Coal,Open pit,,,,,,,Indonesia,IDN,IDN.15_1,IDN.15.2_1,IDN.15.2.8_1,IDN.15.2.8.3_1,det_1515,
514,COM00514.00,Guston Run,Patriot Mining Company,,,Mine,Coal,Coal,Surface,,2012,,,,,United States of America,USA,USA.49_1,USA.49.31_1,,,det_1405,
515,COM00515.00,Hail Creek,,,,Mine,Coal,"Thermal coal, Hard coking coal",,,,,,,,Australia,AUS,AUS.7_1,AUS.7.34_1,,,det_1065,
516,COM00516.00,Haile,HGM,,,Mine,Gold,Gold,"Open Pit, Underground",1837,,,,,,United States of America,USA,USA.41_1,USA.41.29_1,,,det_1359,
517,COM00517.00,Halls Creek,Nicolsons,,,Mine,Gold,Gold,Underground,2015,,,,,,Australia,AUS,AUS.11_1,AUS.11.55_1,,,det_1494,
518,COM00518.00,Hamersley - Channar,,,,Mine,Iron,Iron ore,Open Pit,,,,,,,Australia,AUS,AUS.11_1,AUS.11.3_1,,,det_1069,
519,COM00519.00,Hamersley - Eastern Range,,,,Mine,Iron,Iron ore,Open Pit,,,,,,,Australia,AUS,AUS.11_1,AUS.11.3_1,,,det_1069,
520,COM00520.00,Hamersley Mines,"Hamersley, Hamersley Iron",,,Mine,Iron,Iron ore,Open Pit,,,,,,,Australia,AUS,AUS.11_1,"AUS.11.3_1 ; AUS.11.46_1",,,det_1065,
521,COM00521.00,Hamilton Complex,Hamilton County Coal,,,Mine,Coal,Coal,Underground,2013,,,,,,United States of America,USA,USA.14_1,USA.14.33_1,,,det_1411,
522,COM00522.00,Hamilton Works,"Stelco Hamilton, Stelco Hamilton Works",,,"Refinery, Smelter",Processing,Steel,Coke battery,,,,,,,Canada,CAN,CAN.9_1,CAN.9.16_1,CAN.9.16.1_1,,det_1261,
523,COM00523.00,Haquira,,,,Mine,Other mine,"Copper, Gold, Molybdenum, Silver",,,,Advanced exploration,2018,,,Peru,PER,PER.3_1,PER.3.6_1,PER.3.6.1_1,,det_1089,
524,COM00524.00,Haridwar,,,,"Smelter, Refinery",Processing,"Refined Zinc, Refined Lead","Zinc ingot refining plant, Lead ingot refining plant",,,,,,,India,IND,IND.35_1,IND.35.7_1,IND.35.7.1_1,,det_1307,
525,COM00525.00,Harjavalta,Pori,,,Smelter,Processing,"Copper, Nickel, Gold, Silver, Sulphuric acid",,,,,,,,Finland,FIN,FIN.5_1,FIN.5.7_1,FIN.5.7.2_1,FIN.5.7.2.1_1,det_1124,
526,COM00526.00,Haystack,,,,Mine,Other mine,Sub-bituminous coal,,,,,,,,United States of America,USA,USA.51_1,USA.51.21_1,,,det_1427,
527,COM00527.00,Hazard,ICG Hazard,,,Mine,Coal,Thermal coal,Surface,,,,,,482.39048,United States of America,USA,USA.18_1,USA.18.97_1,,,det_1403,
528,COM00528.00,Hebi Zhong Tai,"Hebi Zhong Tai Mining Co., Ltd., Hebi",,,Mine,Coal,Coal,Underground,,,,,,,China,CHN,CHN.12_1,CHN.12.2_1,NA,NA,det_1591,
529,COM00529.00,Hemlo,Williams,,,Mine,Gold,Gold,"Open pit, Underground",,,,,,,Canada,CAN,CAN.9_1,CAN.9.48_1,CAN.9.48.31_1,,det_1030,
530,COM00530.00,Henderson,,,,Mine,Other (poly)-metallic,Molybdenum,Open pit,1976,,,,67.58323,,United States of America,USA,USA.6_1,USA.6.11_1,,,det_1167,
531,COM00531.00,Henty,,,,Mine,Other mine,Gold,,,,,,,,Australia,AUS,AUS.9_1,AUS.9.29_1,,,det_1041,
532,COM00532.00,Hercules,"MINOSA, Hercules Unit",,,Mine,Iron,Iron ore,"Open pit, Underground",,,,,,,Mexico,MEX,MEX.7_1,MEX.7.34_1,,,det_1371,Hercules Unit currently operates 7 iron ore pits and two underground mines
533,COM00533.00,Herradura,La Herradura,,,Mine,Gold,"Gold, Silver","Open pit, Heap leach, Merrill-Crowe, Dynamic leaching plant",1997,,,,,,Mexico,MEX,MEX.26_1,MEX.26.48_1,,,det_1125,
534,COM00534.00,Hibbing,Hibbing Taconite,,,Mine,Iron,Iron,Open pit,1976,,,,,,United States of America,USA,USA.24_1,USA.24.70_1,,,det_1218,
535,COM00535.00,Hidden Valley,,,,Mine,Gold,"Gold, Silver",Open pit,,,,,,,Papua New Guinea,PNG,PNG.14_1,PNG.14.1_1,,,det_1097,
536,COM00536.00,Higginsville Gold Operations,HGO,,,Mine,Gold,Gold,"Open pit, Underground",,,,,,,Australia,AUS,AUS.11_1,AUS.11.28_1,,,det_1440,
537,COM00537.00,Highland,"Camps/ Highland, Camp",,,Mine,Coal,Thermal coal,Underground,,,,,,,United States of America,USA,USA.18_1,USA.18.113_1,,,det_1397,
538,COM00538.00,Highland Valley Copper,,,,Mine,Copper,"Copper, Molybdenum",,,,,,,,Canada,CAN,CAN.2_1,CAN.2.28_1,CAN.2.28.35_1,,det_1080,
539,COM00539.00,Highvale,Sundance,,,Mine,Coal,Thermal coal,,1970,,,,,,Canada,CAN,CAN.1_1,CAN.1.2_1,CAN.1.2.30_1,,det_1429,
540,COM00540.00,Hillside,,,,Smelter,Processing,Aluminium,,,,,,,,South Africa,ZAF,ZAF.4_1,ZAF.4.10_1,ZAF.4.10.5_1,ZAF.4.10.5.12_1,det_1147,
541,COM00541.00,Hinatuan,Tagana-an Nickel Project,,,Mine,Other (poly)-metallic,Nickel,,,,,,,,Philippines,PHL,PHL.74_1,PHL.74.20_1,PHL.74.20.40_1,,det_1444,
542,COM00542.00,Hoedspruit,,,,Mine,Other mine,PGM,,,,Project,2018,,,South Africa,ZAF,NA,NA,NA,NA,det_1092,
543,COM00543.00,Holt-McDermott,,,,Mine,Gold,Gold,,,,,,,,Canada,CAN,CAN.9_1,CAN.9.5_1,CAN.9.5.2_1,,det_1044,
544,COM00544.00,Hope Downs,,,,Mine,Iron,Iron ore,Open Pit,2007,,,,,,Australia,AUS,AUS.11_1,AUS.11.46_1,,,det_1078,
545,COM00545.00,Hopkins Complex,"Hopkins County Coal, Elk Creek",,,Mine,Coal,Coal,Underground,,2016,,,,,United States of America,USA,USA.6_1,USA.6.27_1,,,det_1411,
546,COM00546.00,Hotazel,,,,Mine,Other mine,Manganese,"Underground, Open Pit",,,,,,,South Africa,ZAF,ZAF.8_1,ZAF.8.2_1,ZAF.8.2.3_1,ZAF.8.2.3.10_1,det_1127,
547,COM00547.00,Huaron,,,,Mine,Silver,"Silver, Gold, Zinc, Lead, Copper",Underground,,,,,,293.44,Peru,PER,PER.20_1,PER.20.3_1,PER.20.3.4_1,,det_1380,
548,COM00548.00,Huaxing,Shanxi Huaxing,,,"Mine, Refinery",Aluminium,"Bauxite, Alumina",Underground,,,active,2019,,,China,CHN,CHN.25_1,CHN.25.6_1,CHN.25.6.12_1,NA,det_1274,
549,COM00549.00,Humphrey,,,,Mine,Coal,Coal,Underground,1956,2002,,,,,United States of America,USA,USA.49_1,USA.49.31_1,,,det_1425,
550,COM00550.00,Hunedoara steel plant,,,,"Smelter, Refinery",Processing,Steel,"Electric arc furnace, ladle furnace, continuous caster, section rolling mill",,,,,,,Romania,ROU,ROU.23_1,ROU.23.34_1,,,det_1221,
551,COM00551.00,Hunter Valley Operations,"Hunter Valley Operations (HVO), HVO, HVO JV, JVMC, West Pit, Howick, Hunter Valley No. 1, Lemington",,,Mine,Coal,"Thermal coal, Semi-soft coking coal",Open cut,,,,,,,Australia,AUS,AUS.5_1,AUS.5.118_1,,,det_1487,
552,COM00552.00,Huolinhe Holingol,,,,Mine,Coal,Coal,Open pit,,,,,,,China,CHN,CHN.19_1,CHN.19.8_1,"CHN.19.8.3_1 ; CHN.19.8.5_1",,det_1589,
553,COM00553.00,Iduapriem,,,,Mine,Gold,Gold,Open pit,,,,,,,Ghana,GHA,GHA.10_1,GHA.10.13_1,,,det_1057,
554,COM00554.00,Illawarra,,,,Mine,Coal,"Thermal coal, Metallurgical coal",,,,,,,,Australia,AUS,AUS.5_1,AUS.5.149_1,,,det_1136,
555,COM00555.00,ILO,,,,"Refinery, Smelter",Processing,"Blister anode, Copper anode, Copper cathode, Silver",,,,,,,,Peru,PER,PER.19_1,PER.19.2_1,PER.19.2.3_1,,det_1023,
556,COM00556.00,Iluka Florida/Georgia,,,,Region,Iron,"Zircon, Rutile, Ilmenite, Leucoxene",,,,,,,,United States of America,USA,NA,NA,NA,NA,det_1475,
557,COM00557.00,Iluka Virginia,,,,"Mine, Refinery",Iron,"Zircon, Ilmenite",,,,,,,,United States of America,USA,USA.47_1,USA.47.55_1,,,det_1473,
558,COM00558.00,Iluka Western Australia,,,,"Mine, Refinery",Iron,"Zircon, Rutile, Ilmenite, Refined Zircon, Refined Rutile, Monazite, Synthetic Rutile",Open pit,,,,,,,Australia,AUS,AUS.11_1,"AUS.11.20_1 ; AUS.11.21_1 ; AUS.11.37_1 ; AUS.11.50_1",,,det_1472,
559,COM00559.00,Ilyich Steel,PrJSC Ilyich Iron and Steel Works,,,"Refinery, Smelter",Processing,"Iron, Steel","Sinter plant, Blast furnace",,,,,,,Ukraine,UKR,UKR.6_1,UKR.6.23_1,,,det_1229,
560,COM00560.00,IMMSA - Charcas,,,,Mine,Zinc,"Zinc, Lead, Copper",,1911,,,,,,Mexico,MEX,MEX.24_1,MEX.24.11_1,,,det_1016,
561,COM00561.00,IMMSA - San Martin,,,,Mine,Copper,"Zinc, Lead, Copper","Underground, Flotation plant",,,,,,,Mexico,MEX,MEX.32_1,MEX.32.41_1,,,det_1019,
562,COM00562.00,IMMSA - Santa Barbara,,,,Mine,Zinc,"Zinc, Lead, Copper","Underground, Flotation plant",,,,,,,Mexico,MEX,MEX.6_1,"MEX.6.44_1 ; MEX.6.60_1",,,det_1018,
563,COM00563.00,IMMSA - Santa Eulalia,,,,Mine,Zinc,"Zinc, Lead",,,,,,,,Mexico,MEX,MEX.6_1,MEX.6.4_1,,,det_1017,
564,COM00564.00,IMMSA - Taxco,,,,Mine,Zinc,"Zinc, Lead","Underground, Flotation",1918,,stopped 31.12.2013,,,,Mexico,MEX,MEX.15_1,MEX.15.57_1,,,det_1015,
565,COM00565.00,Impumelelo,,,,Mine,Coal,Coal,Underground,2015,,,,,,South Africa,ZAF,ZAF.6_1,ZAF.6.2_1,ZAF.6.2.2_1,ZAF.6.2.2.6_1,det_1581,Part of Sasol Secunda Synfuels Complex
566,COM00566.00,Impunzi,"iMpunzi, ATCOM/ATCOM East",,,Mine,Coal,Thermal coal,,,,,,,,South Africa,ZAF,ZAF.6_1,ZAF.6.3_1,ZAF.6.3.3_1,ZAF.6.3.3.26_1,det_1267,
567,COM00567.00,Inaglinskiy,,,,Mine,Coal,Coking coal,Open pit,2016,,,,,,Russian Federation,RUS,RUS.60_1,RUS.60.18_1,RUS.60.18.1_1,,det_1566,
568,COM00568.00,Indiana Harbor,,,,"Smelter, Refinery",Processing,"Steel, hot-rolled sheet, cold-rolled sheet, hot dip galvanized sheet","Sintering plant, blast furnace, basic oxygen furnaces, slab casters, hot strip mill, tandem mill, temper mill, hot dip galvanizing line, aluminizing line",,,,,,,United States of America,USA,USA.15_1,USA.15.45_1,,,det_1218,
569,COM00569.00,Ingulets GOK,"InGOK, JSC Ingulets Mining and Processing Works",,,Mine,Iron,Iron,Open pit,1965,,,,,,Ukraine,UKR,UKR.5_1,UKR.5.23_1,,,det_1224,
570,COM00570.00,Intalco Aluminium Smelter,,,,Smelter,Processing,Aluminium,,,,,,,,United States of America,USA,USA.48_1,USA.48.37_1,,,det_1270,
571,COM00571.00,Integra Coal,,,,Mine,Coal,"Thermal coal, Metallurgical coal","Open Pit, Underground",,,,,,,Australia,AUS,AUS.5_1,AUS.5.118_1,,,det_1162,
572,COM00572.00,Inyanda,,,,Mine,Coal,Thermal coal,Open pit,,,,,,,South Africa,ZAF,ZAF.6_1,ZAF.6.3_1,ZAF.6.3.3_1,ZAF.6.3.3.4_1,det_1551,
573,COM00573.00,Ipatinga,"Intendente Câmara Plant, Usiminas",,,"Refinery, Smelter",Processing,Crude steel,,,,,,,,Brazil,BRA,BRA.13_1,BRA.13.360_1,BRA.13.360.2_1,,det_1365,
574,COM00574.00,Irbeysky,,,,Mine,Coal,Coal,Open pit,,,,,,,Russian Federation,RUS,RUS.35_1,RUS.35.24_1,RUS.35.24.1_1,,det_1570,
575,COM00575.00,Irkutsk Aluminium Smelter,IrkAZ,,,Smelter,Processing,"Aluminium, Aluminium strips, Aluminium alloys, Aluminium bars, wire rod",,1962,,,,,,Russian Federation,RUS,RUS.18_1,RUS.18.30_1,RUS.18.30.1_1,,det_1297,
576,COM00576.00,Iron Ore Company of Canada Labrador City,,,,Mine,Iron,Iron ore,,,,,,,,Canada,CAN,CAN.5_1,CAN.5.1_1,CAN.5.1.6_1,,det_1065,
577,COM00577.00,Iron Valley,,,,Mine,Iron,Iron,,2015,,,,,,Australia,AUS,AUS.11_1,AUS.11.46_1,,,det_1238,
578,COM00578.00,Irtyshsky,,,,Mine,Copper,"Copper, Zinc, Gold, Silver",Underground,,,,,,,Kazakhstan,KAZ,KAZ.5_1,KAZ.5.5_1,,,det_1120,"Had own concentrating facilities until 2013, from then onwards until 2019 its ore was processed at the Belousovsky concentrator, and from 2019 onwards it is processed at the Nikolayevsky concentrator."
579,COM00579.00,Isaac Plains,,,,Mine,Coal,"Thermal coal, Metallurgical coal",Open pit,,,,,,,Australia,AUS,AUS.7_1,AUS.7.34_1,,,det_1162,
580,COM00580.00,ISAL,,,,Smelter,Processing,Aluminium,,1969,,,,,,Iceland,ISL,ISL.3_1,ISL.3.3_1,,,det_1065,
581,COM00581.00,Ishihuinca,,,,Mine,Gold,"Gold, Copper, Zinc, Lead",Underground,,,,,,,Peru,PER,PER.4_1,PER.4.3_1,PER.4.3.6_1,,det_1345,
582,COM00582.00,Isibonelo,,,,Mine,Coal,Thermal coal,,,,,,,,South Africa,ZAF,ZAF.6_1,ZAF.6.2_1,ZAF.6.2.3_1,ZAF.6.2.3.7_1,det_1103,
583,COM00583.00,Itabira,,,,Mine,Gold,"Iron, Gold","Open Pit, Benefication Plant",,,,,,,Brazil,BRA,BRA.13_1,BRA.13.364_1,BRA.13.364.2_1,,det_1159,Part of Vale's Southeastern System
584,COM00584.00,Itatiaiucu,,,,Mine,Iron,Iron ore,Open pit,,,,,,,Brazil,BRA,BRA.13_1,BRA.13.384_1,BRA.13.384.2_1,,det_1364,
585,COM00585.00,Itmann No. 5 Mine,,,,Mine,Other mine,Metallurgical coal,Underground,,,in development,2019,,,United States of America,USA,USA.49_1,USA.49.55_1,,,det_1415,
586,COM00586.00,Jabal Sayid,,,,Mine,Copper,Copper,,2016,,,,,,Saudi Arabia,SAU,SAU.5_1,,,,det_1034,
587,COM00587.00,Jacinth-Ambrosia,"Jacinth, Ambrosia",,,"Mine, Refinery",Iron,"Zircon, Rutile, Ilmenite",Open pit,2009,,,,,,Australia,AUS,AUS.8_1,AUS.8.61_1,,,det_1471,
588,COM00588.00,Jacobina,,,,Mine,Gold,Gold,Underground,1983,,,,,,Brazil,BRA,BRA.5_1,BRA.5.209_1,BRA.5.209.4_1,,det_1208,
589,COM00589.00,Jamalco,,,,"Mine, Refinery",Aluminium,"Bauxite, Alumina",Open pit,1963,,,,,,Jamaica,JAM,"JAM.1_1 ; JAM.4_1",,,,det_1272,
590,COM00590.00,Jaurdi,,,,Mine,Gold,Gold,,,,,,,,Australia,AUS,AUS.11_1,AUS.11.28_1,,,det_1491,
591,COM00591.00,Jellinbah,Jellinbah East,,,Mine,Coal,"Metallurgical coal, Thermal coal",,,,,,,,Australia,AUS,AUS.7_1,AUS.7.16_1,,,det_1115,
592,COM00592.00,Jerritt Canyon,,,,Mine,Gold,Gold,,,,,,,,United States of America,USA,USA.29_1,USA.29.5_1,,,det_1061,
593,COM00593.00,Jewett,,,,Mine,Coal,Lignite,,1985,2017,,,,,United States of America,USA,USA.44_1,USA.44.147_1,,,det_1427,
594,COM00594.00,Jharsuguda Aluminium Smelter,,,,Smelter,Processing,"Aluminium, Aluminium ingot, Aluminium billet, Aluminium wire rod, Aluminium slab",,2009,,,,,,India,IND,IND.26_1,IND.26.14_1,IND.26.14.1_1,,det_1307,
595,COM00595.00,Jiaozuo,,,,Mine,Aluminium,Bauxite,"Open pit, Underground",,,active,2019,,,China,CHN,CHN.12_1,CHN.12.3_1,NA,NA,det_1274,
596,COM00596.00,Jiaozuo Wanfang,,,,Smelter,Processing,Aluminium,,,,,,,,China,CHN,CHN.12_1,CHN.12.3_1,NA,NA,det_1275,
597,COM00597.00,Jimblebar,,,,Mine,Iron,Iron,Open pit,1989,,,,,,Australia,AUS,AUS.11_1,AUS.11.46_1,,,det_1135,
598,COM00598.00,Jingtieshan,,,,Mine,Other mine,Iron ore,,,,,,,,China,CHN,CHN.5_1,CHN.5.14_1,CHN.5.14.5_1,,det_1366,
599,COM00599.00,Jinzhong,Inner Mongolia Jinzhong Mining Company Limited,,,Mine,Gold,Gold,,,,,,,,China,CHN,CHN.19_1,NA,NA,NA,det_1321,
600,COM00600.00,Joao Monlevade,,,,"Smelter, Refinery",Processing,"Steel, wire rod",,,,,,,,Brazil,BRA,BRA.13_1,BRA.13.414_1,BRA.13.414.1_1,,det_1221,
601,COM00601.00,Jones Fork Complex,,,,Mine,Coal,Coal,"Underground, Surface",1992,,,,,,United States of America,USA,USA.18_1,USA.18.60_1,,,det_1419,
602,COM00602.00,Jonquiere,,,,Refinery,Processing,Alumina,,,,,,,,Canada,CAN,CAN.11_1,CAN.11.53_1,CAN.11.53.4_1,,det_1065,
603,COM00603.00,Julcani,,,,Mine,Silver,"Gold, Silver, Lead, Copper",Underground,1953,,,,,,Peru,PER,PER.9_1,PER.9.2_1,PER.9.2.3_1,,det_1336,
604,COM00604.00,Julietta,,,,Mine,Other mine,Gold,,,,,,,,Russian Federation,RUS,RUS.40_1,RUS.40.4_1,RUS.40.4.1_1,,det_1056,
605,COM00605.00,Jundee,,,,Mine,Gold,Gold,"Open pit, Underground",,,,,,,Australia,AUS,AUS.11_1,AUS.11.133_1,,,det_1012,
606,COM00606.00,Jupiter,,,,Mine,Other mine,Coal,"Surface, Underground",,2008,,,,,United States of America,USA,USA.49_1,USA.49.3_1,,,det_1398,
607,COM00607.00,Juruti,,,,Mine,Aluminium,Bauxite,Open pit,2009,,,,,,Brazil,BRA,BRA.14_1,BRA.14.62_1,BRA.14.62.1_1,,det_1270,
608,COM00608.00,Justice Energy,,,,Mine,Coal,"Coking coal, Thermal coal",Underground,,,,,,,United States of America,USA,USA.49_1,USA.49.55_1,,,det_1563,
609,COM00609.00,Kabanga,,,,Mine,Other mine,Gold,,,,,,,,Tanzania,TZA,TZA.6_1,TZA.6.9_1,TZA.6.9.1_1,,det_1035,
610,COM00610.00,Kachkanar GOK,"EVRAZ KGOK, KGOK",,,Mine,Iron,Iron ore,Open pit,,,,,,,Russian Federation,RUS,RUS.66_1,RUS.66.16_1,RUS.66.16.1_1,,det_1554,
611,COM00611.00,Kalgoorlie,"Super Pit, KCGM, Kalgoorlie Consolidated Gold Mines Pty Ltd",,,Mine,Gold,Gold,"Open pit, Underground",1989,,,,,,Australia,AUS,AUS.11_1,AUS.11.61_1,,,det_1004,Not to be mistaken for the Kalgoorlie Smelter
612,COM00612.00,Kalgoorlie Smelter,,,,Smelter,Processing,Nickel matte,Smelter,,,,,,,Australia,AUS,AUS.11_1,AUS.11.61_1,,,det_1135,Not to be mistaken for the Kalgoorlie Gold mine!
613,COM00613.00,Kanawha Eagle,Guyan,,,Mine,Coal,"Thermal coal, Metallurgical coal",Underground,,,,,,,United States of America,USA,USA.49_1,USA.49.20_1,,,det_1397,
614,COM00614.00,Kandalaksha Aluminium Smelter,,,,Smelter,Processing,"Aluminium, Aluminium billets, wire rod",,1951,,,,,,Russian Federation,RUS,RUS.45_1,RUS.45.2_1,RUS.45.2.1_1,,det_1298,
615,COM00615.00,Kangala,Kangala Colliery,,,Mine,Coal,Thermal coal,Open pit,2014,,,,,,South Africa,ZAF,ZAF.6_1,ZAF.6.3_1,ZAF.6.3.6_1,ZAF.6.3.6.7_1,det_1546,
616,COM00616.00,Kangalassky,,,,Mine,Coal,Thermal coal,Open pit,1962,,,,,7.7,Russian Federation,RUS,RUS.60_1,RUS.60.36_1,RUS.60.36.1_1,,det_1561,Part of Yakutugol JSHC
617,COM00617.00,Kanowna Belle,Kanowa,,,Mine,Gold,Gold,,,,,,,,Australia,AUS,AUS.11_1,AUS.11.61_1,,,det_1037,
618,COM00618.00,Kansanshi,,,,"Mine, Smelter",Copper,"Copper, Gold, Copper cathode",High pressure leaching,,,,,,,Zambia,ZMB,ZMB.7_1,ZMB.7.6_1,,,det_1089,
619,COM00619.00,Karaganda,,,,Mine,Coal,"Coking coal, Thermal coal",Underground,1996,,,,,,Kazakhstan,KAZ,KAZ.9_1,"KAZ.9.1_1 ; KAZ.9.3_1",,,det_1218,
620,COM00620.00,Karagaylinskoye,,,,Mine,Coal,Coal,,,,,,,,Russian Federation,RUS,RUS.27_1,RUS.27.24_1,RUS.27.24.1_1,,det_1574,
621,COM00621.00,Karakansky-South,,,,Mine,Coal,Coal,Open pit,,,,,,,Russian Federation,RUS,RUS.27_1,RUS.27.3_1,RUS.27.3.1_1,,det_1573,
622,COM00622.00,Karelsky Okatysh,Kostomukshinsky,,,Mine,Iron,"Iron, Iron concentrate, Iron ore pellets",,1982,,,,,,Russian Federation,RUS,RUS.26_1,RUS.26.8_1,RUS.26.8.1_1,,det_1247,
623,COM00623.00,Karouni,,,,Mine,Gold,Gold,Open pit,,,,,,,Guyana,GUY,GUY.2_1,GUY.2.8_1,,,det_1463,
624,COM00624.00,Katanga Mining Complex,,,,Mine,Copper,"Copper, Cobalt","Underground, Open pit",,,,,,,DR Congo,COD,COD.15_1,COD.15.6_1,,,det_1177,Website not available anymore (07/2020)
625,COM00625.00,Kayad,,,,Mine,Zinc,"Lead, Zinc",Underground,2014,,,,,,India,IND,IND.29_1,IND.29.1_1,IND.29.1.1_1,,det_1307,
626,COM00626.00,Kayenta,,,,Mine,Coal,Thermal coal,Surface,,2019,,,,,United States of America,USA,USA.3_1,USA.3.10_1,,,det_1390,
627,COM00627.00,Kazzinc,,,,Region,Zinc,"Zinc, Lead, Copper, Gold, Silver",,,,,,,,Kazakhstan,KAZ,"KAZ.2_1 ; KAZ.5_1 ; KAZ.9_1","KAZ.2.15_1 ; KAZ.5.9_1 ; KAZ.5.13_1 ; KAZ.5.17_1 ; KAZ.9.9_1",,,det_1178,
628,COM00628.00,Keetac,Keewatin,,,Mine,Iron,"Iron, Iron ore pellets","Open pit, Pellet plant",,,,,,,United States of America,USA,USA.24_1,USA.24.70_1,,,det_1254,
629,COM00629.00,Kelian,,,,Mine,Gold,Gold,,,,,,,,Indonesia,IDN,IDN.15_1,IDN.15.5_1,IDN.15.5.7_1,IDN.15.5.7.11_1,det_1074,
630,COM00630.00,Kemmerer,,,,Mine,Coal,Sub-bituminous coal,Surface,1950,,,,,,United States of America,USA,USA.51_1,USA.51.12_1,,,det_1431,
631,COM00631.00,Kensington,,,,Mine,Gold,Gold,Underground,2010,,,,,,United States of America,USA,USA.2_1,USA.2.10_1,,,det_1477,
632,COM00632.00,Kentobe,,,,Mine,Iron,Iron,Open pit,1983,,,,,,Kazakhstan,KAZ,KAZ.9_1,KAZ.9.4_1,,,det_1218,
633,COM00633.00,Kestrel,,,,Mine,Coal,"Thermal coal, Hard coking coal",,,,,,,,Australia,AUS,AUS.7_1,AUS.7.16_1,,,det_1065,
634,COM00634.00,Kettle River,Kettle river - Buckhorn,,,Mine,Gold,Gold,,,2017,,,,,United States of America,USA,USA.48_1,USA.48.10_1,,,det_1054,Inactive between november 2005 and 2008
635,COM00635.00,Kevitsa,,,,Mine,Nickel,"Nickel, Copper, Gold, Platinum, Palladium, Cobalt",Open pit,,,,,,,Finland,FIN,FIN.2_1,FIN.2.1_1,FIN.2.1.3_1,FIN.2.1.3.2_1,det_1124,
636,COM00636.00,Keystone,,,,Mine,Coal,"Coking coal, Thermal coal","Underground, Open pit",,,,,,,United States of America,USA,USA.49_1,USA.49.27_1,,,det_1563,
637,COM00637.00,Khakas Aluminium Smelter,,,,Smelter,Processing,"Aluminium, Aluminium alloys",,2006,,,,,,Russian Federation,RUS,RUS.29_1,RUS.29.2_1,RUS.29.2.1_1,,det_1296,
638,COM00638.00,Khumani,"Bruce 544, King 561, Mokaning 560, BKM Project,",,,Mine,Iron,Iron,Open pit,2008,,,,,,South Africa,ZAF,ZAF.8_1,ZAF.8.2_1,ZAF.8.2.2_1,ZAF.8.2.2.3_1,det_1264,
639,COM00639.00,Khutala,,,,Mine,Coal,Thermal coal,,,,,,,,South Africa,ZAF,ZAF.6_1,ZAF.6.3_1,ZAF.6.3.3_1,ZAF.6.3.3.24_1,det_1136,
640,COM00640.00,Khwezela,,,,Mine,Coal,Thermal coal,,,,,,,,South Africa,ZAF,ZAF.6_1,ZAF.6.3_1,ZAF.6.3.3_1,ZAF.6.3.3.11_1,det_1103,
641,COM00641.00,Kia-Shaltyr,Kiya Shaltyr Nepheline Syenite,,,Mine,Other mine,Nepheline ore,Open pit,1963,,,,,,Russian Federation,RUS,RUS.27_1,RUS.27.29_1,RUS.27.29.1_1,,det_1285,
642,COM00642.00,Kibali,,,,Mine,Gold,Gold,"Open pit, Underground",,,,,,,DR Congo,COD,COD.5_1,COD.5.10_1,,,det_1024,
643,COM00643.00,Kidd,Kidd Creek,,,"Mine, Refinery",Copper,"Zinc, Copper, Silver, Refined Zinc",Underground,,,,,,,Canada,CAN,CAN.9_1,CAN.9.5_1,CAN.9.5.23_1,,det_1178,
644,COM00644.00,Kideco,PT Kideco Jaya Agung,,,Mine,Coal,Sub-bituminous coal,Open pit,1982,,,,,509.21,Indonesia,IDN,IDN.15_1,IDN.15.10_1,IDN.15.10.2_1,IDN.15.10.2.7_1,det_1514,
645,COM00645.00,Kijang,,,,Mine,Aluminium,Bauxite,,,2009,,,,,Indonesia,IDN,IDN.16_1,IDN.16.2_1,IDN.16.2.8_1,IDN.16.2.8.1_1,det_1311,
646,COM00646.00,KIM BLOK,"PT Kuansing Inti Makmur dan Entitas Anak, KIM",,,Mine,Coal,Thermal coal,Open pit,,,,,,26.1,Indonesia,IDN,IDN.8_1,IDN.8.2_1,IDN.8.2.7_1,IDN.8.2.7.7_1,det_1528,
647,COM00647.00,Kindia,,,,Mine,Aluminium,Bauxite,,,,,,,,Guinea,GIN,GIN.5_1,GIN.5.4_1,GIN.5.4.7_1,,det_1282,
648,COM00648.00,Kinsenda,,,,Mine,Copper,Copper,Underground,2018,,,,,,DR Congo,COD,COD.3_1,COD.3.9_1,,,det_1449,
649,COM00649.00,Kinsevere,,,,Mine,Copper,"Copper, Copper cathode","Open pit, HMS, SX-EW",2007,,,,,,DR Congo,COD,COD.3_1,COD.3.3_1,,,det_1098,
650,COM00650.00,Kintap,,,,Mine,Coal,Sub-bituminous coal,Open pit,,,,,,,Indonesia,IDN,IDN.13_1,IDN.13.12_1,IDN.13.12.6_1,IDN.13.12.6.5_1,det_1510,Part of Bumi's subsidiary PT Arutmin Indonesia (Arutmin)
651,COM00651.00,Kipoi,,,,Mine,Copper,"Copper, Copper cathode","Open pit, SX-EW plant",2011,,,,,,DR Congo,COD,COD.3_1,COD.3.1_1,,,det_1483,SX-EW plant comissioned in 2014
652,COM00652.00,Kiruna,"Division North, Northern Division",,,Mine,Iron,"Iron, Iron ore pellets",Underground,,,,,,,Sweden,SWE,SWE.10_1,SWE.10.9_1,,,det_1232,
653,COM00653.00,Kiselevsky,,,,Mine,Coal,Thermal coal,"Open pit, Underground",,,,,,,Russian Federation,RUS,RUS.27_1,RUS.27.24_1,RUS.27.24.1_1,,det_1569,
654,COM00654.00,Kitimat,,,,Smelter,Processing,Aluminium,,1954,,,,,,Canada,CAN,CAN.2_1,CAN.2.15_1,CAN.2.15.19_1,,det_1065,
655,COM00655.00,Kittila,,,,Mine,Gold,"Gold, Silver","Open pit, Underground",2009,,,,,,Finland,FIN,FIN.2_1,FIN.2.1_1,FIN.2.1.6_1,FIN.2.1.6.2_1,det_1352,
656,COM00656.00,Klipspruit,,,,Mine,Coal,Thermal coal,,,,,,,,South Africa,ZAF,ZAF.6_1,ZAF.6.3_1,ZAF.6.3.3_1,ZAF.6.3.3.24_1,det_1136,
657,COM00657.00,Kloof,,,,Mine,Gold,Gold,"Underground, Open pit",,,,,,,South Africa,ZAF,ZAF.3_1,ZAF.3.5_1,ZAF.3.5.4_1,ZAF.3.5.4.1_1,det_1092,
658,COM00658.00,KMAruda,,,,Mine,Iron,Iron ore,Underground,,,,,,,Russian Federation,RUS,RUS.7_1,RUS.7.9_1,RUS.7.9.1_1,,det_1577,
659,COM00659.00,Knott County mines,Calvary,,,Mine,Coal,Coal,Underground,,,,,,,United States of America,USA,USA.18_1,USA.18.60_1,,,det_1405,
660,COM00660.00,Kokkola,,,,Smelter,Processing,"Zinc, Zinc alloys",,,,,,,,Finland,FIN,FIN.5_1,FIN.5.2_1,FIN.5.2.2_1,FIN.5.2.2.4_1,det_1124,
661,COM00661.00,Kolomela,,,,Mine,Iron,Iron ore,,,,,,,,South Africa,ZAF,ZAF.8_1,ZAF.8.5_1,ZAF.8.5.6_1,ZAF.8.5.6.5_1,det_1103,
662,COM00662.00,Kolwezi,"La Compagnie Minière de Musonoie Global SAS, Noyka",,,Mine,Copper,Copper,Open Pit,2017,,,,,3.36,DR Congo,COD,COD.15_1,COD.15.6_1,,,det_1323,
663,COM00663.00,Komsomolets Donbassa,,,,Mine,Coal,Coal,Underground,,,,,,,Ukraine,UKR,UKR.6_1,UKR.6.37_1,,,det_1585,
664,COM00664.00,Koniambo,,,,Mine,Nickel,Nickel,,,,,,,,New Caledonia,NCL,NCL.2_1,NCL.2.18_1,,,det_1178,
665,COM00665.00,Koolan Island,,,,Mine,Iron,Iron ore,Open pit,1965,,,,,,Australia,AUS,AUS.11_1,AUS.11.40_1,,,det_1502,
666,COM00666.00,Koolyanobbing,"Mount Jackson, Windarling",,,Mine,Iron,"Iron, Iron ore lumps, Iron ore fines",Open pit,,,,,,,Australia,AUS,AUS.11_1,AUS.11.139_1,,,det_1235,
667,COM00667.00,Koornfontein,,,,Mine,Coal,Thermal coal,Underground,,,,,,,South Africa,ZAF,ZAF.6_1,ZAF.6.3_1,ZAF.6.3.4_1,ZAF.6.3.4.26_1,det_1137,
668,COM00668.00,Kopanang,,,,Mine,Gold,Gold,,,,,,,,South Africa,ZAF,ZAF.2_1,ZAF.2.1_1,ZAF.2.1.3_1,ZAF.2.1.3.17_1,det_1057,
669,COM00669.00,Korba,,,,"Refinery, Smelter",Processing,"Alumina, Aluminium, Aluminium ingot, wire rod, cold-rolled sheets, cold-rolled coils, hot-rolled sheets","Aluminium smelter, Alumina refinery, Continuous rod casters, ingot casting machine, hot rolling mill, cold rolling mill",,,,,,,India,IND,IND.7_1,IND.7.16_1,IND.7.16.2_1,,det_1307,
670,COM00670.00,Korshunov,,,,Mine,Iron,Iron ore,Open pit,,,,,,,Russian Federation,RUS,RUS.18_1,RUS.18.23_1,RUS.18.23.1_1,,det_1561,
671,COM00671.00,Kosmurun,,,,Mine,Copper,"Copper, Zinc, Gold, Silver",,,,,,,,Kazakhstan,KAZ,KAZ.5_1,KAZ.5.2_1,,,det_1123,
672,COM00672.00,Kostromovskaya,OJSC Belon,,,Mine,Coal,Coking coal,Underground,2008,,,,,,Russian Federation,RUS,RUS.27_1,"RUS.27.7_1 ; RUS.27.13_1","RUS.27.7.1_1 ; RUS.27.13.1_1",,det_1568,
673,COM00673.00,Kounrad,Konyrat,,,Mine,Copper,"Copper, Gold, Silver",,,,,,,,Kazakhstan,KAZ,KAZ.9_1,KAZ.9.2_1,,,det_1123,
674,COM00674.00,Kovdorskiy GOK,,,,Mine,Iron,"Iron ore, Phosphate",Open pit,,,,,,,Russian Federation,RUS,RUS.45_1,RUS.45.5_1,RUS.45.5.1_1,,det_1576,
675,COM00675.00,Krasnodon Coal,"PrJSC Krasnodon Coal Company, Krasnodonvugillia",,,Mine,Coal,Coking coal,Underground,,,,,,,Ukraine,UKR,UKR.15_1,UKR.15.9_1,,,det_1230,
676,COM00676.00,Krasnogorsky,,,,Mine,Coal,"Thermal coal, Anthracite",Open pit,1954,,,,,25.2,Russian Federation,RUS,RUS.27_1,RUS.27.20_1,RUS.27.20.1_1,,det_1561,part of Southern Kuzbass Coal Company PJSC
677,COM00677.00,Krasnoyarsk Aluminium Smelter,,,,Smelter,Processing,"Aluminium, Aluminium slabs, Aluminium ingots, Aluminium T-bars, Aluminium billets",,1964,,,,,,Russian Federation,RUS,RUS.35_1,RUS.35.33_1,RUS.35.33.1_1,,det_1293,
678,COM00678.00,Krasnoyarskkraiugol,Krasnoyarskkraiugol OAO,,,Company,Coal,Coal,,,,,,,,Russian Federation,RUS,RUS.35_1,"RUS.35.1_1 ; RUS.35.45_1","RUS.35.1.1_1 ; RUS.35.45.1_1",,det_1572,
679,COM00679.00,Kriel,,,,Mine,Coal,Thermal coal,,,,,,,,South Africa,ZAF,ZAF.6_1,ZAF.6.3_1,ZAF.6.3.3_1,ZAF.6.3.3.26_1,det_1103,
680,COM00680.00,Kroondal,,,,Mine,Other (poly)-metallic,PGM,Underground,,,,,,,South Africa,ZAF,ZAF.7_1,ZAF.7.1_1,ZAF.7.1.5_1,ZAF.7.1.5.29_1,det_1092,
681,COM00681.00,Kryvyi Rih,"AMKR, Kirova, Kryvorizhstal, PJSC ArcelorMittal Kryvyi Rih, AM Kryvyi Rih",,,"Mine, Refinery, Smelter",Iron,"Iron, Steel, steel billets, rebars, wire rods, steel angles, merchant steel bar","Open pit, Underground, coke oven batteries, sintering plant, blast furnaces, basic oxygen converters, twin open hearth furnace, continuous billet caster, blooming mill, light section bar mill, wire rod mill",1933,,,,,,Ukraine,UKR,UKR.5_1,UKR.5.8_1,,,det_1219,
682,COM00682.00,KUBAL Aluminium Smelter,"Kubikenborg Aluminium AB, Kubikenborg Aluminium",,,Smelter,Processing,"Aluminium, Aluminium slabs, Aluminium billets",,1942,,,,,,Sweden,SWE,SWE.19_1,SWE.19.6_1,,,det_1302,
683,COM00683.00,Kundana,,,,Mine,Gold,Gold,Underground,,,,,,,Australia,AUS,AUS.11_1,AUS.11.28_1,,,det_1492,
684,COM00684.00,Kupol,,,,Mine,Gold,"Gold, Silver",Underground,,,,,,,Russian Federation,RUS,RUS.12_1,RUS.12.1_1,RUS.12.1.1_1,,det_1049,
685,COM00685.00,Kuprinsky,,,,Mine,Coal,Thermal coal,Open pit,,,,,,,Russian Federation,RUS,RUS.27_1,RUS.27.24_1,RUS.27.24.1_1,,det_1569,
686,COM00686.00,Kusheki,Kuu-Chekinsky,,,Mine,Coal,Coal,,,,,,,,Kazakhstan,KAZ,KAZ.9_1,KAZ.9.6_1,,,det_1123,
687,COM00687.00,Kuzbassrazrezugol,,,,Mine,Coal,Coking coal,,,,,,,,Russian Federation,RUS,RUS.27_1,"RUS.27.7_1 ; RUS.27.10_1 ; RUS.27.13_1 ; RUS.27.20_1 ; RUS.27.24_1","RUS.27.7.1_1 ; RUS.27.10.1_1 ; RUS.27.13.1_1 ; RUS.27.20.1_1 ; RUS.27.24.1_1",,det_1565,
688,COM00688.00,Kwinana Alumina Refinery,,,,Refinery,Processing,Alumina,,,,,,,,Australia,AUS,AUS.11_1,AUS.11.69_1,,,det_1270,
689,COM00689.00,Kylylahti,,,,Mine,Copper,"Copper, Gold, Zinc, Nickel, Cobalt",Underground,,,,,,,Finland,FIN,FIN.1_1,FIN.1.1_1,FIN.1.1.2_1,FIN.1.1.2.7_1,det_1124,
690,COM00690.00,Kyzyl-Tash Turk,"Russia Longxing Co, Longxing",,,Mine,Zinc,"Zinc, Lead, Copper","Open Pit, Underground",2015,,,,,,Russian Federation,RUS,RUS.71_1,RUS.71.16_1,RUS.71.16.1_1,,det_1327,
691,COM00691.00,KZN Sands,KwaZulu-Natal Sands,,,Mine,Iron,"Zircon, Rutile, Ilmenite",,,,,,,,South Africa,ZAF,ZAF.4_1,ZAF.4.10_1,ZAF.4.10.5_1,ZAF.4.10.5.17_1,det_1109,
692,COM00692.00,La Arena,,,,Mine,Gold,Gold,"Open pit, Leaching plant",,,,,,308.57,Peru,PER,PER.13_1,PER.13.9_1,PER.13.9.4_1,,det_1382,
693,COM00693.00,La Caridad,,,,"Mine, Smelter, Refinery",Copper,"Copper, Molybdenum, Copper Cathode, Silver","Open pit, SX-EW plant",1979,,,,,,Mexico,MEX,MEX.26_1,MEX.26.41_1,,,det_1014,
694,COM00694.00,La Coipa,,,,Mine,Gold,"Gold, Silver",,,,,,,,Chile,CHL,CHL.5_1,CHL.5.2_1,CHL.5.2.2_1,,det_1050,
695,COM00695.00,La Colorada,,,,Mine,Silver,"Silver, Gold, Zinc, Lead","Underground, Oxide leach plant",1925,,,,,88.4,Mexico,MEX,MEX.26_1,MEX.26.35_1,,,det_1380,
696,COM00696.00,La India,,,,Mine,Gold,"Gold, Silver",Open pit,2014,,,,,,Mexico,MEX,MEX.26_1,MEX.26.52_1,,,det_1354,
697,COM00697.00,La Perla,"MINOSA, La Perla Unit",,,Mine,Other mine,Iron ore,Open pit,,,,,,,Mexico,MEX,MEX.6_1,MEX.6.11_1,,,det_1371,La Perla Unit operates 2 iron ore pits
698,COM00698.00,La Zanja,,,,Mine,Gold,"Gold, Silver","Open Pit, Carbon-in-column circuit, Merrill-Crowe circuit",2010,,,,,,Peru,PER,PER.6_1,PER.6.13_1,PER.6.13.6_1,,det_1337,
699,COM00699.00,Lagunas Norte,,,,Mine,Gold,"Gold, Silver","Open pit, Heap leach",,,,,,,Peru,PER,PER.13_1,PER.13.10_1,PER.13.10.5_1,,det_1031,
700,COM00700.00,Lake Erie Works,,,,"Refinery, Smelter",Processing,Steel,"Blast furnace, Coke battery",,,,,,,Canada,CAN,CAN.9_1,CAN.9.13_1,CAN.9.13.1_1,,det_1261,
701,COM00701.00,Lalor,,,,Mine,Zinc,"Copper, Zinc, Gold, Silver",Underground,,,,,,,Canada,CAN,CAN.3_1,CAN.3.13_1,CAN.3.13.15_1,,det_1149,
702,COM00702.00,Lanjigarh Alumina Refinery,,,,Refinery,Processing,Alumina,,2007,,,,,,India,IND,IND.26_1,IND.26.15_1,IND.26.15.1_1,,det_1307,
703,COM00703.00,Lannemezan,,,,Smelter,Processing,Aluminium,,,2008,,,,,France,FRA,FRA.11_1,FRA.11.7_1,FRA.11.7.2_1,FRA.11.7.2.6_1,det_1068,
704,COM00704.00,Lanzhou Aluminum,Lanzhou Branch,,,Smelter,Processing,Aluminium,,,,,,,,China,CHN,CHN.5_1,CHN.5.7_1,NA,NA,det_1274,
705,COM00705.00,Lapa,,,,Mine,Gold,Gold,,2009,2018,,,,,Canada,CAN,CAN.11_1,CAN.11.98_1,CAN.11.98.11_1,,det_1348,
706,COM00706.00,LaPlace,,,,"Smelter, Refinery",Processing,Steel,"Electric arc furnace, continuous caster, rolling mill",,,,,,,United States of America,USA,USA.19_1,USA.19.48_1,,,det_1221,
707,COM00707.00,LaRonde Complex,LaRonde Division,,,Mine,Gold,"Gold, Silver, Zinc, Copper",Underground,1988,,,,,,Canada,CAN,CAN.11_1,CAN.11.2_1,CAN.11.2.13_1,,det_1347,
708,COM00708.00,Las Bambas,,,,Mine,Copper,"Copper, Gold, Silver, Molybdenum",Open pit,,,,,,,Peru,PER,PER.3_1,PER.3.6_1,"PER.3.6.1_1 ; PER.3.6.3_1",,det_1100,
709,COM00709.00,Las Truchas,,,,Mine,Iron,Iron,Open pit,1976,,,,,,Mexico,MEX,MEX.16_1,MEX.16.52_1,,,det_1218,
710,COM00710.00,Laterriere,,,,Smelter,Processing,"Aluminium, aluminium slab, remelt, molten metal",,1989,,,,,,Canada,CAN,CAN.11_1,CAN.11.53_1,CAN.11.53.2_1,,det_1065,
711,COM00711.00,Lati,,,,Mine,Coal,Coal,Open pit,,,,,,,Indonesia,IDN,IDN.15_1,IDN.15.2_1,IDN.15.2.4_1,IDN.15.2.4.4_1,det_1515,
712,COM00712.00,Lawlers,,,,Mine,Gold,Gold,,,,,,,,Australia,AUS,AUS.11_1,AUS.11.72_1,,,det_1040,
713,COM00713.00,Lazaro Cardenas steel plant,"ArcelorMittal Mexico, ArcelorMittal Lázaro Cárdenas, AMLC, ArcelorMittal Las Truchas",,,"Smelter, Refinery",Processing,"Steel, steel slab","Pelletizer plant, direct reduced iron plant, electric arc furnace, continuous casting facilities, ladle furnace, coke oven, blast furnace, basic oxygen furnaces converters, rebar rolling mill, wire rod rolling mill",,,,,,,Mexico,MEX,MEX.16_1,MEX.16.52_1,,,det_1219,
714,COM00714.00,Lebedinsky GOK,LGOK,,,"Mine, Refinery",Iron,"Iron, Iron ore, Iron ore pellets, Hot briquetted Iron",Open pit,1972,,,,,,Russian Federation,RUS,RUS.7_1,RUS.7.9_1,RUS.7.9.1_1,,det_1243,
715,COM00715.00,Leer,Tygart Valley,,,Mine,Coal,Metallurgical coal,Underground,2013,,,,,,United States of America,USA,USA.49_1,USA.49.46_1,,,det_1401,
716,COM00716.00,Leer South/Sentinel,,,,Mine,Coal,Metallurgical coal,Underground,,,,,,,United States of America,USA,USA.49_1,USA.49.1_1,,,det_1399,
717,COM00717.00,Leeuwpan,,,,Mine,Coal,Thermal coal,,,,,,,,South Africa,ZAF,ZAF.6_1,ZAF.6.3_1,ZAF.6.3.6_1,ZAF.6.3.6.7_1,det_1549,
718,COM00718.00,Legnica metallurgical complex,,,,"Smelter, Refinery",Processing,"Copper, Copper cathodes, Lead, Sulphuric acid, Sulphate, Nickel Sulphate",,,,,,,,Poland,POL,POL.1_1,POL.1.10_1,POL.1.10.1_1,,det_1199,
719,COM00719.00,Leinster,,,,Mine,Other (poly)-metallic,Nickel,"Open Pit, Underground",1979,,,,,,Australia,AUS,AUS.11_1,AUS.11.72_1,,,det_1135,
720,COM00720.00,Lennard Shelf,,,,Mine,Zinc,Nickel,,,,,,,,Australia,AUS,AUS.11_1,AUS.11.40_1,,,det_1182,
721,COM00721.00,Leonora,Leonora Operations,,,Mine,Gold,Gold,"Underground, Open pit, Carbon in Pulp circuit",2008,,,,,,Australia,AUS,AUS.11_1,AUS.11.72_1,,,det_1461,
722,COM00722.00,Liancheng Branch,,,,Smelter,Processing,Aluminium,,,,,,,,China,CHN,CHN.5_1,NA,NA,NA,det_1274,
723,COM00723.00,Liberty,Liberty Fuels Company,,,Mine,Coal,Lignite,Surface,2013,2017,,,,,United States of America,USA,USA.25_1,USA.25.35_1,,,det_1412,
724,COM00724.00,Lidell,Lidell Coal Operations,,,Mine,Coal,"Metallurgical coal, Thermal coal",Open pit,,,,,,,Australia,AUS,AUS.5_1,AUS.5.118_1,,,det_1186,
725,COM00725.00,Lihir,,,,Mine,Gold,"Gold, Silver",Open pit,,,,,,,Papua New Guinea,PNG,PNG.16_1,PNG.16.2_1,,,det_1096,
726,COM00726.00,Liliu,Liliu Mining Area,,,Mine,Coal,Coal,Underground,,,,,,,China,CHN,CHN.25_1,CHN.25.6_1,CHN.25.6.8_1,,det_1579,"Is consolidatedly reported with other mines under ""China Coal Energy"" from the year 2016 onwards."
727,COM00727.00,Line Creek,,,,Mine,Coal,Coal,Surface,,,,,,,Canada,CAN,CAN.2_1,CAN.2.11_1,CAN.2.11.19_1,,det_1423,
728,COM00728.00,Lisakovsk,"Lisakovski, Lisakowsk, Lisakovki",,,Mine,Iron,Iron,Open pit,1969,,,,,,Kazakhstan,KAZ,KAZ.10_1,KAZ.10.15_1,,,det_1218,
729,COM00729.00,Lisheen,,,,Mine,Zinc,"Zinc, Lead",Underground,,2015,,,,,Ireland,IRL,IRL.22_1,,,,det_1107,
730,COM00730.00,Lista Aluminium Smelter,,,,Smelter,Processing,Aluminium,,,,,,,,Norway,NOR,NOR.18_1,NOR.18.3_1,,,det_1270,
731,COM00731.00,Listvyazhnaya,,,,Mine,Coal,Thermal coal,Underground,,,,,,,Russian Federation,RUS,RUS.27_1,RUS.27.3_1,RUS.27.3.1_1,,det_1569,
732,COM00732.00,LKAB Southern Division,"Division South, Southern Division",,,Mine,Iron,"Iron, Iron ore pellets","Open pit, Underground",,,,,,,Sweden,SWE,SWE.10_1,"SWE.10.5_1 ; SWE.10.9_1",,,det_1232,
733,COM00733.00,Lobo Marte,,,,Mine,Other mine,Gold,,,,,,,,Chile,CHL,CHL.5_1,CHL.5.2_1,CHL.5.2.2_1,,det_1055,
734,COM00734.00,Lochaber,,,,Smelter,Processing,Aluminium,,1929,,,,,,United Kingdom,GBR,GBR.3_1,GBR.3.17_1,GBR.3.17.1_1,,det_1067,
735,COM00735.00,Logan County,Apogee,,,Mine,Coal,Thermal coal,Surface,,,,,,,United States of America,USA,USA.49_1,USA.49.55_1,,,det_1397,
736,COM00736.00,Loma de Niquel,,,,Mine,Nickel,Nickel,,,,,,,,Venezuela,VEN,VEN.4_1,VEN.4.14_1,,,det_1106,
737,COM00737.00,Lomas Bayas,,,,Mine,Copper,"Copper, Silver",Open pit,,,,,,,Chile,CHL,CHL.5_1,CHL.5.2_1,CHL.5.2.3_1,,det_1175,
738,COM00738.00,Lone Mountain,,,,Mine,Coal,"Thermal coal, Pulverized Coal Injection",Underground,,,,,,218.5326,United States of America,USA,USA.47_1,USA.47.70_1,,,det_1402,
739,COM00739.00,Long Canyon,,,,Mine,Gold,Gold,"Open pit, Leaching plant",2016,,,,,,United States of America,USA,USA.29_1,USA.29.5_1,,,det_1007,
740,COM00740.00,Longmen Aluminum,,,,Smelter,Processing,Aluminium,,,,,,,,China,CHN,CHN.25_1,NA,NA,NA,det_1276,
741,COM00741.00,Longnan,Longnan Zijin,,,Mine,Gold,Gold,,,,,,,,China,CHN,CHN.5_1,CHN.5.9_1,CHN.5.9.5_1,,det_1322,
742,COM00742.00,Longyu,,,,Mine,Other mine,"Thermal coal, Metallurgical coal",,,,,,,,China,CHN,CHN.12_1,CHN.12.12_1,CHN.12.12.7_1,NA,det_1162,
743,COM00743.00,Lonshi,,,,Mine,Other (poly)-metallic,Copper,Open Pit,,2009,inactive,2008,,,DR Congo,COD,COD.3_1,COD.3.9_1,,,det_1130,
744,COM00744.00,Los Bronces,,,,Mine,Copper,"Copper, Copper cathode",,,,,,,,Chile,CHL,CHL.14_1,"CHL.14.1_1 ; CHL.14.2_1 ; CHL.14.5_1","CHL.14.1.1_1 ; CHL.14.2.3_1 ; CHL.14.5.1_1",,det_1103,
745,COM00745.00,Los Colorados,Huasco Valley,,,Mine,Iron,Iron ore,,1998,,,,,,Chile,CHL,CHL.5_1,CHL.5.3_1,CHL.5.3.3_1,,det_1369,
746,COM00746.00,Los Filos,,,,Mine,Gold,Gold,"Open pit, Underground",2008,,,,,,Mexico,MEX,MEX.12_1,MEX.12.29_1,,,det_1154,
747,COM00747.00,Los Pelambres,,,,Mine,Copper,"Copper, Molybdenum, Gold, Silver",,1999,,,,,,Chile,CHL,CHL.7_1,CHL.7.1_1,CHL.7.1.4_1,,det_1172,
748,COM00748.00,Loulo - Gounkoto,,,,Mine,Other mine,Gold,"Open pit, Underground",2005,,,,,,Mali,MLI,MLI.3_1,MLI.3.4_1,MLI.3.4.6_1,"MLI.3.4.6.3_1 ; MLI.3.4.6.4_1",det_1024,
749,COM00749.00,Lounge Lizard,,,,Mine,Nickel,Nickel,,,,,,,,Australia,AUS,AUS.11_1,AUS.11.66_1,,,det_1458,
750,COM00750.00,Loveridge,,,,Mine,Coal,"Thermal coal, Metallurgical coal",Underground,1956,,,,,,United States of America,USA,USA.49_1,USA.49.24_1,,,det_1419,
751,COM00751.00,Lubambe,,,,Mine,Copper,Copper,Underground,2013,,,,,,Zambia,ZMB,ZMB.2_1,ZMB.2.1_1,,,det_1164,
752,COM00752.00,Lubin,,,,Mine,Copper,"Copper, Silver, Lead, Gold",Underground,1972,,,,,,Poland,POL,POL.1_1,POL.1.13_1,POL.1.13.1_1,,det_1198,
753,COM00753.00,Luchegorsky,"Far Eastern Generating Company OAO, luTEK, Luchegorsky Open Pit Mine, LUTEK OAO",,,Mine,Coal,Coal,Open pit,,,,,,,Russian Federation,RUS,RUS.56_1,RUS.56.26_1,RUS.56.26.1_1,,det_1564,
754,COM00754.00,Lumwana,,,,Mine,Copper,Copper,Open pit,,,,,,,Zambia,ZMB,ZMB.7_1,ZMB.7.6_1,,,det_1027,
755,COM00755.00,Luoyang,,,,Mine,Aluminium,Bauxite,"Open pit, Underground",,,active,2019,,,China,CHN,CHN.12_1,CHN.12.7_1,NA,NA,det_1273,
756,COM00756.00,Luyuangou,"Luoning Huatai, Luoning Huatai Mining Development Co",,,Mine,Gold,Gold,,,,,,,,China,CHN,CHN.12_1,CHN.12.7_1,NA,NA,det_1321,
757,COM00757.00,Lynemouth,,,,Smelter,Processing,Aluminium,,,2012,,,,,United Kingdom,GBR,GBR.1_1,GBR.1.65_1,GBR.1.65.1_1,,det_1069,
758,COM00758.00,Macraes,,,,Mine,Gold,"Gold, Silver","Open pit, Underground, Pressure oxidation plant",1990,,,,,,New Zealand,NZL,NZL.3_1,NZL.3.10_1,,,det_1359,
759,COM00759.00,Mafube,,,,Mine,Coal,Thermal coal,,,,,,,,South Africa,ZAF,ZAF.6_1,ZAF.6.3_1,ZAF.6.3.4_1,ZAF.6.3.4.27_1,det_1103,
760,COM00760.00,Mahanadi Coalfields Limited,MCL,,,Mine,Coal,Thermal coal,"Open pit, Underground",,,,,,,India,IND,IND.26_1,"IND.26.1_1 ; IND.26.14_1 ; IND.26.30_1","IND.26.1.4_1 ; IND.26.14.1_1 ; IND.26.30.3_1",,det_1507,
761,COM00761.00,Mahoning Valley,,,,Mine,Coal,Coal,Surface,,,,,,,United States of America,USA,NA,NA,NA,NA,det_1422,
762,COM00762.00,Mainpat,,,,Mine,Aluminium,"Bauxite, Alumina",Open pit,1993,,,,,6.39,India,IND,IND.7_1,IND.7.26_1,IND.7.26.3_1,,det_1307,
763,COM00763.00,Mallay,,,,Mine,Silver,"Silver, Lead, Zinc, Gold",,2012,,,,,,Peru,PER,PER.16_1,PER.16.8_1,PER.16.8.5_1,,det_1341,
764,COM00764.00,Maly Kuybas,,,,Mine,Iron,Iron ore,Open pit,,,,,,,Russian Federation,RUS,RUS.11_1,RUS.11.1_1,RUS.11.1.1_1,,det_1568,
765,COM00765.00,Mamahak,,,,Mine,Coal,Bituminous coal,,,,,,,,Indonesia,IDN,IDN.15_1,IDN.15.5_1,IDN.15.5.9_1,IDN.15.5.9.8_1,det_1519,
766,COM00766.00,Manantial Espejo,,,,Mine,Gold,"Gold, Silver","Open pit, Underground, leaching plant, Merrill Crowe plant",2008,,,,,,Argentina,ARG,ARG.20_1,ARG.20.6_1,,,det_1380,
767,COM00767.00,Mandalong,,,,Mine,Coal,Coal,Underground,,,,,,,Australia,AUS,AUS.5_1,AUS.5.78_1,,,det_1591,
768,COM00768.00,Mangoola,,,,Mine,Coal,Thermal coal,Open pit,2011,,,,,,Australia,AUS,AUS.5_1,AUS.5.95_1,,,det_1187,
769,COM00769.00,Mantos Blancos,,,,Mine,Copper,"Copper, Copper cathode",,,,,,,,Chile,CHL,CHL.2_1,CHL.2.1_1,CHL.2.1.1_1,,det_1106,
770,COM00770.00,Mantoverde,,,,Mine,Copper,"Copper, Copper cathode",,,,,,,,Chile,CHL,CHL.5_1,CHL.5.1_1,CHL.5.1.1_1,,det_1106,
771,COM00771.00,Manzanillo,"MINOSA, Manzanillo Unit",,,Mine,Iron,Iron ore,,,2015,,,,,Mexico,MEX,NA,NA,NA,NA,det_1371,
772,COM00772.00,Marathon,,,,Mine,Other mine,PGM,,,,Project,2018,,,Canada,CAN,CAN.9_1,CAN.9.48_1,CAN.9.48.13_1,,det_1092,
773,COM00773.00,Marcapunta,Marcapunta Norte,,,Mine,Copper,"Silver, Gold, Copper",Underground,,,,,,,Peru,PER,PER.20_1,PER.20.3_1,PER.20.3.11_1,,det_1340,
774,COM00774.00,Mariana,,,,Mine,Iron,Iron,"Open Pit, Benefication Plant",,,,,,,Brazil,BRA,BRA.13_1,"BRA.13.463_1 ; BRA.13.543_1","BRA.13.463.10_1 ; BRA.13.543.2_1",,det_1159,Part of Vale's Southeastern System
775,COM00775.00,Maricunga,Refugio,,,Mine,Gold,Gold,Open pit,,,,,,,Chile,CHL,CHL.5_1,CHL.5.2_1,CHL.5.2.3_1,,det_1053,
776,COM00776.00,Marigold,,,,Mine,Gold,Gold,"Open pit, Heap leach plant, electro-winning plant",1989,,,,,,United States of America,USA,USA.29_1,USA.29.8_1,,,det_1038,
777,COM00777.00,Marlin,,,,Mine,Gold,"Gold, Silver",,2005,2017,,,,,Guatemala,GTM,GTM.17_1,GTM.17.21_1,,,det_1156,
778,COM00778.00,Marshall,Caddo Creek Resources,,,Mine,Coal,Lignite,Surface,2014,,,,,,United States of America,USA,USA.44_1,USA.44.102_1,,,det_1373,
779,COM00779.00,Martabe,,,,Mine,Gold,Gold,,2012,,,,,,Indonesia,IDN,IDN.32_1,IDN.32.30_1,IDN.32.30.7_1,IDN.32.30.7.4_1,det_1538,
780,COM00780.00,Martha,,,,Mine,Silver,"Gold, Silver",,,,,,,,Argentina,ARG,ARG.20_1,ARG.20.6_1,,,det_1479,
781,COM00781.00,Massena West Aluminium Smelter,,,,Smelter,Processing,Aluminium,,,,,,,,United States of America,USA,USA.33_1,USA.33.46_1,,,det_1270,
782,COM00782.00,Matla,,,,Mine,Coal,Thermal coal,Underground,,,,,,,South Africa,ZAF,ZAF.6_1,ZAF.6.3_1,ZAF.6.3.3_1,ZAF.6.3.3.20_1,det_1549,
783,COM00783.00,Maules Creek,,,,Mine,Coal,Coal,Open cut,2015,,active,2020,,,Australia,AUS,AUS.5_1,AUS.5.97_1,,,det_1539,
784,COM00784.00,MC Mining Complex,"Excel Mining, Excel Mine No. 5, Excel Mining, Pontiki Coal",,,Mine,Coal,Coal,Underground,,,,,,,United States of America,USA,USA.18_1,USA.18.98_1,,,det_1411,
785,COM00785.00,McArthur River,,,,Mine,Zinc,"Zinc, Lead, Silver",Open pit,1995,,,,,,Australia,AUS,AUS.6_1,AUS.6.12_1,,,det_1183,
786,COM00786.00,Meadowbank Complex,,,,Mine,Gold,"Gold, Silver",Open pit,2010,,,,,,Canada,CAN,CAN.8_1,CAN.8.2_1,CAN.8.2.1_1,,det_1350,
787,COM00787.00,Mega Centauro,,,,Mine,Other mine,Gold,Open pit,,,,,,,Mexico,MEX,MEX.26_1,MEX.26.48_1,,,det_1126,
788,COM00788.00,Meigs,,,,Mine,Coal,Coal,Underground,,2002,,,,,United States of America,USA,USA.36_1,USA.36.54_1,,,det_1425,
789,COM00789.00,Meliadine,,,,Mine,Gold,"Gold, Silver","Open pit, Underground",2019,,,,,,Canada,CAN,CAN.8_1,CAN.8.2_1,CAN.8.2.1_1,,det_1351,
790,COM00790.00,Mercedes,,,,Mine,Gold,"Gold, Silver",Underground,2012,,,,,,Mexico,MEX,MEX.26_1,MEX.26.20_1,,,det_1214,
791,COM00791.00,Merian,,,,Mine,Gold,Gold,"Open pit, Leaching plant",2016,,,,,,Suriname,SUR,SUR.9_1,SUR.9.6_1,,,det_1011,
792,COM00792.00,Merlin,,,,Mine,Other mine,Diamonds,,,,,,,,Australia,AUS,AUS.6_1,AUS.6.12_1,,,det_1072,
793,COM00793.00,MetCoal,"Adaro Metcoal Companies, AMC, IndoMet",,,Mine,Coal,Semi-soft coking coal,,2016,,,,,,Indonesia,IDN,IDN.14_1,IDN.14.10_1,IDN.14.10.1_1,"IDN.14.10.1.5_1 ; IDN.14.10.1.9_1",det_1509,"Acquired from BHP in 2016, BHP called it IndoMet"
794,COM00794.00,Metropolitan,,,,Mine,Coal,"Thermal coal, Coking coal, Pulverized Coal Injection",Underground,,,,,,,Australia,AUS,AUS.5_1,AUS.5.149_1,,,det_1390,
795,COM00795.00,Mettiki Complex,Mountain View,,,Mine,Coal,Coal,Underground,2006,,,,,,United States of America,USA,"USA.21_1 ; USA.49_1","USA.21.11_1 ; USA.49.47_1",,,det_1411,
796,COM00796.00,Mexican IMMSA unit,,,,Region,Zinc,"Copper, Zinc, Lead, Silver",Underground,,,,,,,Mexico,MEX,"MEX.12_1 ; MEX.24_1 ; MEX.6_1 ; MEX.32_1",NA,NA,NA,det_1014,IMMSA mines consolidated
797,COM00797.00,Meyerton Metalloys Smelter,,,,Smelter,Processing,high and medium carbon ferromanganese alloy,,1939,,,,,,South Africa,ZAF,ZAF.3_1,ZAF.3.4_1,ZAF.3.4.2_1,ZAF.3.4.2.8_1,det_1127,
798,COM00798.00,Mezhdurechenskiy,,,,Mine,Coal,Coking coal,,,,,,,,Russian Federation,RUS,RUS.27_1,RUS.27.20_1,RUS.27.20.1_1,,det_1561,
799,COM00799.00,Mezhegey,Mezhegeyugol,,,Mine,Coal,Metallurgical coal,Underground,2014,,care and maintenance,2021,,,Russian Federation,RUS,RUS.71_1,RUS.71.14_1,RUS.71.14.1_1,,det_1557,
800,COM00800.00,Miami,,,,"Mine, Smelter",Copper,"Copper, Sulphuric acid","Open pit, SX-EW",1915,,,,59.48943,,United States of America,USA,USA.3_1,USA.3.4_1,,,det_1167,
801,COM00801.00,Mianchi,,,,Mine,Aluminium,Bauxite,"Open pit, Underground",,,active,2019,,,China,CHN,CHN.12_1,CHN.12.11_1,CHN.12.11.3_1,,det_1273,
802,COM00802.00,Miaogou & Sanguikou,"Wulatehouqi, Wulatehouqi Zijin Mining, Wuhou Zijin",,,Mine,Zinc,"Zinc, Lead, Copper, Sulfur, Silver",Underground,,,,,,,China,CHN,CHN.19_1,CHN.19.3_1,CHN.19.3.4_1,,det_1329,
803,COM00803.00,MICARE Unit Mines Coahuila,,,,Mine,Coal,Thermal coal,"Open pit, Underground",,,,,,,Mexico,MEX,MEX.7_1,MEX.7.22_1,,,det_1371,"Micare Unit is comprised of two mines, one in Coahuila, Mexico, and one in Eagle Pass, Texas, US. The one in Eagle Pass is operated by NACCO Industries, thus for production data of the mine in Coahuila, production data for the whole Micare Unit minus the production of the Eagle Pass mine is taken."
804,COM00804.00,Michilla,,,,Mine,Copper,"Copper, Copper cathodes",,,2015,inactive,2016,,,Chile,CHL,CHL.2_1,CHL.2.1_1,CHL.2.1.2_1,,det_1174,
805,COM00805.00,Midas,,,,Mine,Other mine,"Gold, Silver",,,,,,,,United States of America,USA,USA.29_1,USA.29.5_1,,,det_1012,
806,COM00806.00,Middelburg/Wolvekrans,"Wolvekrans Middelburg Complex (WMC), WMC",,,Mine,Coal,Thermal bituminous coal,,,,,,,,South Africa,ZAF,ZAF.6_1,ZAF.6.3_1,ZAF.6.3.4_1,ZAF.6.3.4.26_1,det_1136,
807,COM00807.00,Middleback Ranges,Whyalla,,,Mine,Iron,Iron ore,Open pit,,,,,,,Australia,AUS,AUS.8_1,AUS.8.61_1,,,det_1469,
808,COM00808.00,Middlemount,,,,Mine,Coal,"Coking coal, Pulverized Coal Injection",Surface,2011,,,,,,Australia,AUS,AUS.7_1,AUS.7.34_1,,,det_1390,
809,COM00809.00,Midland Trail,Blue Creek,,,Mine,Coal,Thermal coal,Underground,2009,,,,,,United States of America,USA,USA.49_1,USA.49.20_1,,,det_1397,
810,COM00810.00,Miguel Burnier,"Dom Bosco Complex, Dom Bosco, Varzea do Lopes",,,Mine,Iron,Iron ore,Open pit,,,,,,,Brazil,BRA,BRA.13_1,BRA.13.543_1,BRA.13.543.6_1,,det_1367,
811,COM00811.00,Mikhailovsky GOK,MGOK,,,"Mine, Refinery",Iron,"Iron, Iron ore pellets, Iron ore concentrate, Sintering iron ore",Open pit,1960,,,,,,Russian Federation,RUS,RUS.37_1,RUS.37.31_1,RUS.37.31.1_1,,det_1244,
812,COM00812.00,Miles Branch,,,,Mine,Coal,Coal,Underground,,,,,,,United States of America,USA,USA.47_1,USA.47.123_1,,,det_1424,
813,COM00813.00,Mill Creek,,,,Mine,Coal,Coal,"Underground, Surface",1994,,,,,,United States of America,USA,USA.18_1,USA.18.67_1,,,det_1422,
814,COM00814.00,Millennium,,,,Mine,Coal,"Coking coal, Pulverized Coal Injection",Surface,,2020,,,,,Australia,AUS,AUS.7_1,AUS.7.34_1,,,det_1390,
815,COM00815.00,Miller Creek Complex,,,,Mine,Coal,Coal,"Underground, Surface",2004,2016,,,,,United States of America,USA,USA.49_1,USA.49.30_1,,,det_1417,
816,COM00816.00,Mimosa,,,,Mine,Other (poly)-metallic,PGM,Underground,,,,,,65.94,Zimbabwe,ZWE,ZWE.10_1,ZWE.10.8_1,,,det_1092,
817,COM00817.00,MIMOSA Unit Mines,,,,Mine,Coal,"Thermal coal, Metallurgical coal","Open pit, Underground",,,,,,,Mexico,MEX,MEX.7_1,MEX.7.23_1,,,det_1372,
818,COM00818.00,Minas Centrais,,,,Mine,Iron,Iron,"Open Pit, Benefication Plant",,,,,,,Brazil,BRA,BRA.13_1,"BRA.13.58_1 ; BRA.13.651_1 ; BRA.13.662_1 ; BRA.13.725_1","BRA.13.58.1_1 ; BRA.13.651.2_1 ; BRA.13.662.2_1 ; BRA.13.725.1_1",,det_1159,Part of Vale's Southeastern System
819,COM00819.00,Minas Itabirito,,,,Mine,Iron,Iron,"Open Pit, Benefication Plant",,,,,,,Brazil,BRA,BRA.13_1,"BRA.13.366_1 ; BRA.13.543_1","BRA.13.366.4_1 ; BRA.13.543.6_1",,det_1160,"Part of Vale's Southern System. The company decided to eliminate the Minas Itabirito complex, and to consider the mines that composed this complex as part of the Vargem Grande and Paraopeba complexes."
820,COM00820.00,Minas-Rio,,,,Mine,Iron,Iron ore,,,,,,,,Brazil,BRA,NA,NA,NA,NA,det_1105,
821,COM00821.00,Mine 84,Mine No. 84,,,Mine,Coal,Coal,Underground,1998,,,,,,United States of America,USA,USA.39_1,USA.39.63_1,,,det_1421,
822,COM00822.00,Minera Florida,,,,Mine,Gold,"Gold, Silver",Underground,,,,,,,Chile,CHL,CHL.14_1,CHL.14.4_1,CHL.14.4.1_1,,det_1211,
823,COM00823.00,Mingo Logan,,,,Mine,Coal,Coal,Underground,,,,,,48.5628,United States of America,USA,NA,NA,NA,NA,det_1410,
824,COM00824.00,Ministro Hales,División Ministro Hales,,,Mine,Copper,"Copper, Silver, Calcine",Open pit,2010,,,,,,Chile,CHL,CHL.2_1,CHL.2.2_1,CHL.2.2.1_1,,det_1171,
825,COM00825.00,Minntac,"Mt. Iron, Mount Iron, Mountain Iron",,,Mine,Iron,"Iron, Iron ore pellets","Open pit, Pellet plant",,,,,,,United States of America,USA,USA.24_1,USA.24.70_1,,,det_1253,
826,COM00826.00,Minorca,,,,"Mine, Refinery",Iron,Iron,Open pit,1977,,,,,,United States of America,USA,USA.24_1,USA.24.70_1,,,det_1218,
827,COM00827.00,Minto,,,,Mine,Copper,"Copper, Silver, Gold","Open Pit, Underground",2007,,,,,,Canada,CAN,CAN.13_1,CAN.13.1_1,CAN.13.1.35_1,,det_1145,
828,COM00828.00,Moa Project,"Moa Nickel, Moa Joint Venture",,,Mine,Nickel,"Nickel, Cobalt","Surface, High-pressure acid leaching plant",1961,,,,,123.22,Cuba,CUB,CUB.7_1,CUB.7.11_1,,,det_1432,
829,COM00829.00,Moab Khotsong,,,,Mine,Gold,Gold,,,,,,,,South Africa,ZAF,ZAF.2_1,ZAF.2.1_1,ZAF.2.1.3_1,ZAF.2.1.3.17_1,det_1057,
830,COM00830.00,Moatize,,,,Mine,Coal,"Coal, Metallurgical coal, Thermal coal",Open pit,2011,,,,,,Mozambique,MOZ,MOZ.10_1,MOZ.10.9_1,MOZ.10.9.2_1,,det_1159,
831,COM00831.00,Modikwa,,,,Mine,Other (poly)-metallic,"Platinum, Palladium, Rhodium, Ruthenium, Iridium, Gold, Nickel, Copper, Cobalt",Underground,,,,,,,South Africa,ZAF,ZAF.5_1,ZAF.5.3_1,ZAF.5.3.4_1,ZAF.5.3.4.12_1,det_1265,6E = Platinum + Palladium + Rhodium + Ruthenium + Iridium + Gold
832,COM00832.00,Mogalakwena,,,,Mine,Other (poly)-metallic,"Platinum, Palladium",,,,,,,,South Africa,ZAF,ZAF.5_1,ZAF.5.5_1,ZAF.5.5.4_1,ZAF.5.5.4.6_1,det_1103,
833,COM00833.00,Molodenzhny,,,,Mine,Coal,Coal,,,,,,,,Kazakhstan,KAZ,KAZ.9_1,KAZ.9.6_1,,,det_1123,
834,COM00834.00,Mont Wright,"Mt Wright, Mont-Wright, Dofasco",,,Mine,Iron,Iron,Open pit,1976,,,,,,Canada,CAN,CAN.11_1,CAN.11.94_1,CAN.11.94.2_1,,det_1218,
835,COM00835.00,Montcalm,,,,Mine,Nickel,Nickel,,,,,,,,Canada,CAN,CAN.9_1,CAN.9.5_1,CAN.9.5.4_1,,det_1181,
836,COM00836.00,Moolarben,,,,Mine,Coal,Thermal coal,"Open cut, Underground",,,,,,,Australia,AUS,AUS.5_1,AUS.5.90_1,,,det_1486,
837,COM00837.00,Moorvale,,,,Mine,Coal,"Thermal coal, Coking coal, Pulverized Coal Injection",Surface,,,,,,,Australia,AUS,AUS.7_1,AUS.7.34_1,,,det_1390,
838,COM00838.00,Mopani,,,,Mine,Copper,"Copper, Cobalt",Underground,,,,,,,Zambia,ZMB,ZMB.2_1,ZMB.2.4_1,,,det_1178,
839,COM00839.00,Moranbah,Moranbah North,,,Mine,Coal,Metallurgical coal,,,,,,,,Australia,AUS,AUS.7_1,AUS.7.34_1,,,det_1115,
840,COM00840.00,Morenci,,,,Mine,Copper,"Copper, Molybdenum","Open pit, SX-EW",1939,,,,281.25955,,United States of America,USA,USA.3_1,USA.3.6_1,,,det_1167,
841,COM00841.00,Morila,,,,Mine,Gold,Gold,,,,,,,,Mali,MLI,MLI.8_1,MLI.8.1_1,MLI.8.1.8_1,MLI.8.1.8.3_1,det_1057,
842,COM00842.00,Morococha,,,,Mine,Silver,"Silver, Gold, Zinc, Lead, Copper",Underground,,,,,,105.22,Peru,PER,PER.12_1,PER.12.9_1,PER.12.9.5_1,,det_1380,
843,COM00843.00,Morrison,Sudbury,,,Mine,Copper,"Copper, Nickel, Platinum, Palladium, Gold",Underground,,,,,,,Canada,CAN,CAN.9_1,CAN.9.11_1,CAN.9.11.1_1,,det_1200,
844,COM00844.00,Morro da Mina,,,,Mine,Other (poly)-metallic,Manganese,Open pit,1902,,,,,,Brazil,BRA,BRA.13_1,BRA.13.204_1,BRA.13.204.2_1,,det_1159,
845,COM00845.00,Morro do Felipe,,,,Mine,Other mine,Kaolin,Open pit,,,,,,,Brazil,BRA,BRA.3_1,BRA.3.16_1,BRA.3.16.1_1,,det_1166,
846,COM00846.00,Morro do Ouro,,,,Mine,Gold,Gold,,,,,,,,Brazil,BRA,BRA.25_1,BRA.25.30_1,BRA.25.30.1_1,,det_1074,
847,COM00847.00,Morro Velho,,,,Mine,Gold,Gold,,,,,,,,Brazil,BRA,BRA.13_1,BRA.13.662_1,BRA.13.662.2_1,,det_1062,
848,COM00848.00,Mosjoen Aluminium Smelter,Mosjøen Aluminium Smelter,,,Smelter,Processing,Aluminium,,,,,,,,Norway,NOR,NOR.10_1,NOR.10.42_1,,,det_1270,
849,COM00849.00,Mototolo,,,,Mine,Other (poly)-metallic,"Platinum, Palladium",,,,,,,,South Africa,ZAF,ZAF.5_1,ZAF.5.3_1,ZAF.5.3.4_1,ZAF.5.3.4.25_1,det_1103,
850,COM00850.00,Mount Arthur,New South Wales Energy Coal,,,Mine,Coal,Thermal bituminous coal,Open pit,2002,,,,,,Australia,AUS,AUS.5_1,AUS.5.95_1,,,det_1135,
851,COM00851.00,Mount Garnet,,,,Mine,Copper,"Zinc, Lead, Copper, Silver, gold",,,,,,,,Australia,AUS,AUS.7_1,AUS.7.63_1,,,det_1458,
852,COM00852.00,Mount Goldsworthy,"Mt Goldsworthy, Mount Goldsworthy Joint Venture",,,Mine,Iron,Iron,Open pit,1966,,,,,,Australia,AUS,AUS.11_1,AUS.11.46_1,,,det_1135,
853,COM00853.00,Mount Keith,,,,Mine,Nickel,Nickel,Open pit,1995,,,,,,Australia,AUS,AUS.11_1,AUS.11.133_1,,,det_1135,
854,COM00854.00,Mount Marion,,,,Mine,Other (poly)-metallic,Lithium,,2016,,,,,,Australia,AUS,AUS.11_1,AUS.11.28_1,,,det_1242,
855,COM00855.00,Mount Monger,,,,Mine,Gold,Gold,"Open pit, Underground",2008,,,,,,Australia,AUS,AUS.11_1,AUS.11.61_1,,,det_1500,
856,COM00856.00,Mount Newman,"Mt Newman, Mt Newman joint venture, Newman",,,Mine,Iron,Iron,Open pit,1969,,,,,,Australia,AUS,AUS.11_1,AUS.11.46_1,,,det_1135,
857,COM00857.00,Mount Thorley Warkworth,,,,Mine,Coal,"Thermal coal, Soft coking coal, semi-soft coking coal",,1981,,,,,,Australia,AUS,AUS.5_1,AUS.5.118_1,,,det_1076,
858,COM00858.00,Mountain Laurel,,,,Mine,Coal,Metallurgical coal,Underground,,,,,,,United States of America,USA,USA.49_1,USA.49.23_1,,,det_1399,
859,COM00859.00,Mozal,,,,Smelter,Processing,Aluminium,,,,,,,,Mozambique,MOZ,MOZ.6_1,MOZ.6.1_1,MOZ.6.1.1_1,,det_1147,
860,COM00860.00,Mponeng,,,,Mine,Gold,Gold,,,,,,,,South Africa,ZAF,ZAF.3_1,ZAF.3.5_1,ZAF.3.5.1_1,ZAF.3.5.1.6_1,det_1057,
861,COM00861.00,MRN Porto Trombetas,"Mineracao Rio do Norte, Trombetas",,,Mine,Aluminium,Bauxite,,1979,,,,,,Brazil,BRA,BRA.14_1,BRA.14.84_1,BRA.14.84.1_1,,det_1065,
862,COM00862.00,Mt Cattlin,,,,Mine,Other (poly)-metallic,"Spodumene, Lithium",Open pit,2011,,,,,,Australia,AUS,AUS.11_1,AUS.11.106_1,,,det_1470,
863,COM00863.00,Mt Lyell,Mt.Lyell Min,,,Mine,Copper,Copper,Underground,,,inactive,2019,,,Australia,AUS,AUS.9_1,AUS.9.29_1,,,det_1307,
864,COM00864.00,Mt Magnet,,,,Mine,Gold,Gold,"Underground, Open pit",2012,,,,,,Australia,AUS,AUS.11_1,AUS.11.83_1,,,det_1495,
865,COM00865.00,Mt Muro,,,,Mine,Gold,"Gold, Silver",,,,inactive,2014,,479.4,Indonesia,IDN,IDN.14_1,IDN.14.10_1,IDN.14.10.5_1,IDN.14.10.5.3_1,det_1434,
866,COM00866.00,Mt Owen/Glendell,Ravensworth East,,,Mine,Coal,"Metallurgical coal, Thermal coal",Open pit,,,,,,,Australia,AUS,AUS.5_1,AUS.5.118_1,,,det_1188,
867,COM00867.00,Mt Sterling,"East Kentucky, Peelpoplar",,,Mine,Coal,Coal,Surface,,2012,,,,,United States of America,USA,USA.18_1,USA.18.77_1,,,det_1408,
868,COM00868.00,Muhlenberg,,,,Mine,Coal,Bituminous coal,Surface,2009,2018,,,,,United States of America,USA,NA,NA,NA,NA,det_1431,
869,COM00869.00,Mulia/Jumbang,,,,Mine,Coal,Bituminous coal,Open pit,,,,,,,Indonesia,IDN,IDN.13_1,IDN.13.12_1,IDN.13.12.5_1,IDN.13.12.5.2_1,det_1510,Part of Bumi's subsidiary PT Arutmin Indonesia (Arutmin)
870,COM00870.00,Murowa,,,,Mine,Other mine,Diamonds,,2004,,,,,,Zimbabwe,ZWE,ZWE.10_1,ZWE.10.8_1,,,det_1066,
871,COM00871.00,Murray Basin,,,,"Mine, Refinery",Iron,"Zicron, Rutile, Ilmenite, Leucoxene",,,,,,,,Australia,AUS,AUS.10_1,AUS.10.63_1,,,det_1473,
872,COM00872.00,Murrin Murrin,,,,Mine,Nickel,"Nickel, Cobalt, Copper",Open pit,1999,,,,,,Australia,AUS,AUS.11_1,AUS.11.71_1,,,det_1178,
873,COM00873.00,Muskingum,,,,Mine,Coal,Coal,Surface,,2002,,,,,United States of America,USA,NA,NA,NA,NA,det_1425,
874,COM00874.00,Musselwhite,,,,Mine,Gold,Gold,Underground,,,,,,,Canada,CAN,CAN.9_1,CAN.9.20_1,CAN.9.20.18_1,,det_1151,
875,COM00875.00,Muswellbrook,,,,Mine,Coal,Thermal coal,"Underground, Open cut",2005,,,,,,Australia,AUS,AUS.5_1,AUS.5.95_1,,,det_1545,
876,COM00876.00,Mutanda,,,,Mine,Copper,"Copper, Cobalt",,,,,,,,DR Congo,COD,COD.15_1,COD.15.6_1,,,det_1178,
877,COM00877.00,Myuna,,,,Mine,Coal,Coal,Underground,,,,,,,Australia,AUS,AUS.5_1,AUS.5.78_1,,,det_1591,
878,COM00878.00,Nadvoitsy Aluminium Smelter,,,,Smelter,Processing,"Aluminium, Aluminium alloys",,1954,,,,,,Russian Federation,RUS,RUS.26_1,RUS.26.23_1,RUS.26.23.1_1,,det_1300,
879,COM00879.00,Namakwa Sands,,,,Mine,Iron,"Zircon, Rutile, Ilmenite",Open pit,,,,,,,South Africa,ZAF,ZAF.9_1,ZAF.9.6_1,ZAF.9.6.3_1,ZAF.9.6.3.8_1,det_1112,
880,COM00880.00,Namakwa Sands Smelter,,,,Smelter,Processing,"Titanium dioxide slag, Pig Iron",,,,,,,,South Africa,ZAF,ZAF.9_1,ZAF.9.6_1,ZAF.9.6.3_1,ZAF.9.6.3.8_1,det_1112,
881,COM00881.00,Namosi,Waisoi,,,Mine,Other mine,"Copper, Gold",Open pit,,,Exploration,2018,,,Fiji Islands,FJI,FJI.1_1,FJI.1.2_1,,,det_1096,
882,COM00882.00,Nanchuan,,,,Mine,Aluminium,Bauxite,Underground,,,inactive,2019,,,China,CHN,CHN.26_1,CHN.26.2_1,CHN.26.2.3_1,NA,det_1274,
883,COM00883.00,Nanliang,Nanliang Coal Mine,,,Mine,Coal,Coal,Underground,,,,,,,China,CHN,CHN.22_1,CHN.22.10_1,CHN.22.10.8_1,,det_1579,"Is consolidatedly reported with other mines under ""China Coal Energy"" from the year 2016 onwards."
884,COM00884.00,Narama,Narooma,,,Mine,Coal,Coal,,,,,,,,Australia,AUS,AUS.5_1,"AUS.5.95_1 ; AUS.5.118_1",NA,NA,det_1476,
885,COM00885.00,Narrabri,,,,Mine,Coal,Coal,Underground,2012,,active,2020,,,Australia,AUS,AUS.5_1,AUS.5.97_1,,,det_1540,
886,COM00886.00,Navachab,,,,Mine,Gold,Gold,,,,,,,,Namibia,NAM,NAM.2_1,NAM.2.3_1,,,det_1057,Was sold in 2014 to QKR Corp Ltd.
887,COM00887.00,Navajo,,,,Mine,Coal,"Thermal bituminous coal, Sub-bituminous coal",Open pit,1963,,,,,,United States of America,USA,USA.32_1,USA.32.24_1,,,det_1135,
888,COM00888.00,Neryungrinsky,,,,Mine,Coal,"Coking coal, Thermal coal",Open pit,1979,,,,,15.3,Russian Federation,RUS,RUS.60_1,RUS.60.18_1,RUS.60.18.1_1,,det_1561,Part of Yakutugol JSHC
889,COM00889.00,Neves Corvo,,,,Mine,Copper,"Copper, Zinc, Lead, Silver, Tin",Underground,,,,,,,Portugal,PRT,PRT.3_1,PRT.3.6_1,PRT.3.6.4_1,,det_1204,
890,COM00890.00,New Clydesdale,"New Clydesdale Colliery, NCC",,,Mine,Coal,Thermal coal,"Open pit, Underground",2017,,,,,,South Africa,ZAF,ZAF.6_1,ZAF.6.3_1,ZAF.6.3.3_1,ZAF.6.3.3.18_1,det_1546,
891,COM00891.00,New Denmark,,,,Mine,Coal,Thermal coal,,,,,,,,South Africa,ZAF,ZAF.6_1,ZAF.6.2_1,ZAF.6.2.4_1,ZAF.6.2.4.4_1,det_1103,
892,COM00892.00,New Lexington,Avondale,,,Mine,Coal,Bituminous coal,Surface,1993,,,,,,United States of America,USA,NA,NA,NA,NA,det_1431,
893,COM00893.00,New Vaal,,,,Mine,Coal,Thermal coal,,,,,,,,South Africa,ZAF,ZAF.2_1,ZAF.2.1_1,ZAF.2.1.2_1,ZAF.2.1.2.11_1,det_1103,
894,COM00894.00,Newlands,,,,Mine,Coal,"Metallurgical coal, Thermal coal",Open pit,,,,,,,Australia,AUS,AUS.7_1,AUS.7.70_1,,,det_1189,
895,COM00895.00,Neyveli I,,,,Mine,Coal,Lignite,Open pit,,,,,,,India,IND,IND.31_1,IND.31.4_1,IND.31.4.2_1,,det_1590,
896,COM00896.00,Neyveli IA,,,,Mine,Coal,Lignite,Open pit,,,,,,,India,IND,IND.31_1,IND.31.4_1,IND.31.4.2_1,,det_1590,
897,COM00897.00,Neyveli II,,,,Mine,Coal,Lignite,Open pit,,,,,,,India,IND,IND.31_1,IND.31.4_1,IND.31.4.4_1,,det_1590,
898,COM00898.00,Nickel West Kwinana refinery,,,,Refinery,Processing,"Nickel briquette, nickel powder",Refinery,,,,,,,Australia,AUS,AUS.11_1,AUS.11.107_1,,,det_1135,
899,COM00899.00,Nifty,,,,Mine,Copper,Copper,,,,care and maintenance,2019,,,Australia,AUS,AUS.11_1,AUS.11.46_1,,,det_1436,
900,COM00900.00,Nikkelverk,,,,Smelter,Processing,"Refined Nickel, Refined Copper, Refined Cobalt,  Refined Gold, Refined Silver",,,,,,,,Norway,NOR,NOR.18_1,NOR.18.6_1,,,det_1178,Gets nickel concentrate supply mainly from Sudbury Integrated Nickel Operations
901,COM00901.00,Nikolaev Alumina,Nikolaev alumina refinery,,,Refinery,Processing,"Alumina, Metallurgical alumina, Alumina pitch, metallic gallium",Bayer process plant,1980,,,,,,Ukraine,UKR,UKR.16_1,UKR.16.22_1,,,det_1287,
902,COM00902.00,Nikolayevsky,,,,Mine,Copper,"Copper, Zinc, Gold, Silver",,,,,,,,Kazakhstan,KAZ,KAZ.5_1,KAZ.5.11_1,,,det_1120,"in 2012, mining activities were discontinued. However, the concentrator is still in use (2019) and processes ore from other mines in KAZ Minerals East region. Therefor, from the year 2012 onwards, the comment ""concentrator only"" indicates that the ore processed does not come from the Nikolayevsky Mine."
903,COM00903.00,Niquelandia,,,,Mine,Other mine,Nickel,,,,,,,,Brazil,BRA,BRA.9_1,BRA.9.155_1,NA,NA,det_1104,
904,COM00904.00,Nkomati,,,,Mine,Nickel,"Nickel, Copper, Cobalt, Palladium, Platinum, Chrome","Open pit, Underground",,,,,,,South Africa,ZAF,ZAF.6_1,ZAF.6.3_1,ZAF.6.3.2_1,ZAF.6.3.2.5_1,det_1201,
905,COM00905.00,Noble,,,,Mine,Coal,Bituminous coal,Surface,2006,,,,,,United States of America,USA,NA,NA,NA,NA,det_1431,
906,COM00906.00,Noche Buena,,,,Mine,Gold,"Gold, Silver","Open pit, Heap leach, Merrill-Crowe",2012,,,,,,Mexico,MEX,MEX.26_1,MEX.26.16_1,,,det_1125,
907,COM00907.00,Nooitgedacht,,,,Mine,Coal,Thermal coal,,,,,,,,South Africa,ZAF,ZAF.6_1,ZAF.6.3_1,ZAF.6.3.4_1,ZAF.6.3.4.29_1,det_1111,
908,COM00908.00,Nordenhamer Zinkhuette,,,,Smelter,Processing,Refined Nickel,,,,,,,,Germany,DEU,DEU.9_1,DEU.9.42_1,DEU.9.42.7_1,DEU.9.42.7.1_1,det_1180,
909,COM00909.00,Nornickel Kola Peninsula,,,,Mine,Nickel,"Copper, Nickel, PGM","Underground, Open pit",,,,,,,Russian Federation,RUS,RUS.45_1,RUS.45.11_1,RUS.45.11.1_1,,det_1201,
910,COM00910.00,Nornickel Taimyr Peninsula,"Polar Division, Polar Division and Medvezhy Ruchey",,,Mine,Nickel,"Copper, Nickel, PGM","Underground, Open pit",,,,,,,Russian Federation,RUS,RUS.35_1,RUS.35.15_1,RUS.35.15.1_1,,det_1201,
911,COM00911.00,Norte Abierto,"Cerro Casale, Caspiche",,,Mine,Other mine,Gold,,,,Project,2019,,,Chile,CHL,CHL.5_1,CHL.5.2_1,CHL.5.2.3_1,,det_1035,
912,COM00912.00,North Antelope Rochelle,,,,Mine,Coal,Thermal coal,Surface,,,,,,,United States of America,USA,USA.51_1,USA.51.3_1,,,det_1390,
913,COM00913.00,North Block Complex,NBC,,,Mine,Coal,Thermal coal,Open pit,,,,,,,South Africa,ZAF,ZAF.6_1,ZAF.6.3_1,ZAF.6.3.2_1,"ZAF.6.3.2.1_1 ; ZAF.6.3.2.8_1",det_1546,
914,COM00914.00,North Eastern Coalfields,NEC,,,Mine,Coal,Thermal coal,"Open pit, Underground",,,,,,,India,IND,IND.4_1,IND.4.26_1,IND.4.26.2_1,,det_1507,
915,COM00915.00,North Goonyella,"Eaglefield, North Goonyella/Eaglefield",,,Mine,Coal,Coking coal,Underground,,,,,,,Australia,AUS,AUS.7_1,AUS.7.34_1,,,det_1390,
916,COM00916.00,North Mara,,,,Mine,Gold,Gold,"Open Pit, Underground",,,,,,,Tanzania,TZA,TZA.12_1,TZA.12.8_1,TZA.12.8.13_1,,det_1132,
917,COM00917.00,North Urals,"JSC Sevuralboksitruda, SUBR, Cheremukhovskaya-Glubokaya",,,Mine,Aluminium,Bauxite,Underground,,,,,,,Russian Federation,RUS,RUS.66_1,RUS.66.43_1,RUS.66.43.1_1,,det_1279,
918,COM00918.00,Northern Coalfields Limited,NCL,,,Mine,Coal,Thermal coal,"Open pit, Underground",,,,,,,India,IND,"IND.19_1 ; IND.34_1","IND.19.46_1 ; IND.34.72_1","IND.19.46.2_1 ; IND.34.72.1_1",,det_1505,"only operates mines in the here mentioned area (Singrauli Coalfield, 220 sq. km, comprising two sub-basins: Moher basin, and Singrauli basin), not like the other Coal India Subsidiaries, which have mines in several locations"
919,COM00919.00,Northern GOK,"SevGOK, JSC Severniy Mining and Processing Works",,,Mine,Iron,Iron,Open pit,,,,,,,Ukraine,UKR,UKR.5_1,UKR.5.7_1,,,det_1224,
920,COM00920.00,Northern Star Kalgoorlie Operations,,,,Mine,Gold,Gold,,,,,,,,Australia,AUS,AUS.11_1,AUS.11.28_1,,,det_1492,"Includes the Kanowna Belle Operations and Kundana from 2017 onwards, and the South Kalgoorlie Operations from 2018 onwards"
921,COM00921.00,Northfleet,,,,Smelter,Processing,"Refined Lead, Refined Silver",,,,,,,,United Kingdom,GBR,GBR.1_1,GBR.1.44_1,GBR.1.44.3_1,,det_1180,
922,COM00922.00,Northparkes,,,,Mine,Copper,"Copper, Gold",,,,,,,,Australia,AUS,AUS.5_1,AUS.5.105_1,,,det_1066,
923,COM00923.00,Northshore,,,,Mine,Iron,"Iron, Direct Reduction Iron Pellets",Open pit,1990,,,,,,United States of America,USA,USA.24_1,USA.24.70_1,,,det_1233,
924,COM00924.00,Norwich Park,,,,Mine,Coal,Metallurgical bituminous coal,Open pit,1979,2012,,,,,Australia,AUS,AUS.7_1,AUS.7.34_1,,,det_1135,
925,COM00925.00,Novokuznetsk Aluminium Smelter,,,,Smelter,Processing,"Aluminium, Aluminium ingots, Aluminium T-bars, Aluminium billets",,1943,,,,,,Russian Federation,RUS,RUS.27_1,RUS.27.20_1,RUS.27.20.1_1,,det_1295,
926,COM00926.00,Nueva Rosita Complex,,,,Mine,Coal,"Coal, Metallurgical coke, coke, tar, ammonium sulfate, light crude oil","Open pit, underground, coke facility, coal washing plant",1924,,,,,,Mexico,MEX,MEX.7_1,MEX.7.29_1,,,det_1014,
927,COM00927.00,NuevaUnion,"El Morro, Relincho",,,Mine,Other mine,"Copper, Molybdenum, Gold",,,,,,,,Chile,CHL,CHL.5_1,CHL.5.3_1,CHL.5.3.4_1,,det_1087,
928,COM00928.00,Nurkazgan,,,,Mine,Copper,"Copper, Gold, Silver",,,,,,,,Kazakhstan,KAZ,KAZ.9_1,KAZ.9.3_1,,,det_1123,
929,COM00929.00,Oak Grove,,,,Mine,Coal,Metallurgical coal,Underground,1972,,,,,,United States of America,USA,USA.1_1,USA.1.37_1,,,det_1234,
930,COM00930.00,Oaky Creek,,,,Mine,Coal,Metallurgical coal,Open pit,,,,,,,Australia,AUS,AUS.7_1,AUS.7.16_1,,,det_1190,
931,COM00931.00,Obed Mountain,,,,Mine,Coal,Bituminous coal,,1984,2013,,,,,Canada,CAN,CAN.1_1,CAN.1.5_1,CAN.1.5.4_1,,det_1428,
932,COM00932.00,Obuasi,,,,Mine,Gold,Gold,Underground,,,,,,,Ghana,GHA,GHA.1_1,GHA.1.1_1,,,det_1057,
933,COM00933.00,Odda,,,,Smelter,Processing,"Zinc, Zinc alloys",,,,,,,,Norway,NOR,NOR.7_1,NOR.7.20_1,,,det_1124,
934,COM00934.00,Ok Tedi,,,,Mine,Copper,"Copper, Gold, Silver",Open pit,,,,,,,Papua New Guinea,PNG,PNG.22_1,PNG.22.2_1,,,det_1146,
935,COM00935.00,Oktyabrskaya,,,,Mine,Coal,Coal,,,,,,,,Russian Federation,RUS,RUS.27_1,RUS.27.13_1,RUS.27.13.1_1,,det_1575,
936,COM00936.00,Olcon,Olenegorsky,,,Mine,Iron,"Iron, Iron ore concentrate, Ferrite Strontium Powder","Open pit, Underground",1949,,,,,,Russian Federation,RUS,RUS.45_1,RUS.45.10_1,RUS.45.10.1_1,,det_1248,
937,COM00937.00,Olympic Dam,,,,"Mine, Refinery, Smelter",Copper,"Copper, Coper Anodes, Copper cathodes, Uranium oxide, Gold, Silver","Underground, Flash Furnace, SX-EW, Grinding circuits",1988,,active,2019,,,Australia,AUS,AUS.8_1,AUS.8.61_1,,,det_1134,
938,COM00938.00,Olzherassky,Olzherasskaya-Novaya,,,Mine,Coal,"Thermal coal, Coking coal","Underground, Open pit",2001,,,,,41.8,Russian Federation,RUS,RUS.27_1,RUS.27.17_1,RUS.27.17.1_1,,det_1561,part of Southern Kuzbass Coal Company PJSC
939,COM00939.00,Ombilin,"Pertambangan Ombilin, UPO",,,Mine,Coal,Coal,Open pit,,,,,,29.35,Indonesia,IDN,IDN.30_1,IDN.30.16_1,IDN.30.16.4_1,IDN.30.16.4.8_1,det_1512,
940,COM00940.00,Onca Puma,,,,Mine,Nickel,Nickel,,,,,,,,Brazil,BRA,BRA.14_1,BRA.14.90_1,BRA.14.90.1_1,,det_1159,
941,COM00941.00,Optimum,,,,Mine,Coal,Thermal coal,Open pit,,,,,,,South Africa,ZAF,ZAF.6_1,ZAF.6.3_1,ZAF.6.3.4_1,ZAF.6.3.4.25_1,det_1137,
942,COM00942.00,Orcopampa,,,,Mine,Gold,"Gold, Silver, Copper","Underground, Carbon-in-leach plant",1967,,,,,,Peru,PER,PER.4_1,PER.4.4_1,PER.4.4.9_1,,det_1334,
943,COM00943.00,Orlovsky,,,,Mine,Copper,"Copper, Zinc, Gold, Silver",Underground,,,,,,,Kazakhstan,KAZ,KAZ.5_1,KAZ.5.4_1,,,det_1120,
944,COM00944.00,Osbourne,,,,Mine,Other mine,Gold,,,,,,,,Australia,AUS,AUS.7_1,AUS.7.19_1,,,det_1041,
945,COM00945.00,Oskol Electrometallurgical Plant,OEMK,,,"Refinery, Smelter",Processing,"Direct reduction Iron, Steel","Metallisation plant, Pellet plant, DRI plant, Arc furnace",1982,,,,,,Russian Federation,RUS,RUS.7_1,RUS.7.21_1,RUS.7.21.1_1,,det_1245,
946,COM00946.00,Ostrava steel plant,,,,"Smelter, Refinery",Processing,"Steel, long steel, flat steel","Coke oven batteries, sinter plant, blast furnace, open hearth tandem furnace, continuous caster, hot strip mill, section mills, wire rod mill",,,,,,,Czech Republic,CZE,CZE.7_1,CZE.7.6_1,,,det_1221,
947,COM00947.00,Ouro Preto Ferroalloys plant,,,,Refinery,Processing,ferro-silicon manganese,furnaces,,,,,,,Brazil,BRA,BRA.13_1,BRA.13.543_1,BRA.13.543.7_1,,det_1159,
948,COM00948.00,Ovoid,Voisey's Bay,,,Mine,Nickel,"Nickel, Copper",,,,,,,,Canada,CAN,CAN.5_1,CAN.5.1_1,CAN.5.1.7_1,,det_1159,
949,COM00949.00,Oyu Tolgoi,,,,Mine,Copper,"Copper, Gold, Silver",,,,,,,,Mongolia,MNG,MNG.15_1,MNG.15.7_1,,,det_1065,
950,COM00950.00,Paddington,Norton Gold Fields,,,Mine,Gold,Gold,"Open Pit, Underground",,,,,,,Australia,AUS,AUS.11_1,AUS.11.61_1,,,det_1314,
951,COM00951.00,Paint Creek,"Winchester, Samples",,,Mine,Coal,"Thermal coal, Metallurgical coal","Surface, Underground",,,,,,,United States of America,USA,USA.49_1,USA.49.20_1,,,det_1397,
952,COM00952.00,Paintearth,,,,Mine,Coal,Sub-bituminous coal,Surface,1956,,,,,,Canada,CAN,CAN.1_1,CAN.1.17_1,CAN.1.17.23_1,,det_1427,
953,COM00953.00,Palabora,,,,"Mine, Refinery",Copper,"Copper, Gold, Uranium",,,,,,,,South Africa,ZAF,ZAF.5_1,ZAF.5.2_1,ZAF.5.2.1_1,ZAF.5.2.1.11_1,det_1069,
954,COM00954.00,Palmarejo,,,,Mine,Silver,"Gold, Silver","Underground, Open pit",2009,,,,,272.33,Mexico,MEX,MEX.6_1,MEX.6.15_1,,,det_1477,
955,COM00955.00,Pampa Norte,,,,Mine,Copper,"Copper, Copper cathode","Open pit, SX-EW",1994,,,,,,Chile,CHL,"CHL.2_1 ; CHL.15_1","CHL.2.1_1 ; CHL.15.1_1","CHL.2.1.3_1 ; CHL.15.1.6_1",,det_1135,
956,COM00956.00,Panchpatmali,,,,Mine,Aluminium,Bauxite,,,,,,,,India,IND,IND.26_1,IND.26.20_1,IND.26.20.2_1,,det_1304,
957,COM00957.00,Panther,,,,Mine,Coal,Metallurgical coal,Underground,,,,,,,United States of America,USA,USA.18_1,USA.18.48_1,,,det_1397,
958,COM00958.00,Pantnagar,,,,"Smelter, Refinery",Processing,"Refined Silver, Refined Zinc, Refined Lead","Silver refinery, Zinc ingot refining plant, Lead ingot refining plant",,,,,,,India,IND,IND.35_1,IND.35.12_1,IND.35.12.1_1,,det_1307,
959,COM00959.00,Paracatu,,,,Mine,Gold,Gold,Open pit,,,,,,,Brazil,BRA,BRA.13_1,BRA.13.555_1,BRA.13.555.1_1,,det_1047,
960,COM00960.00,Paragominas,,,,Mine,Aluminium,Bauxite,,2007,,,,,,Brazil,BRA,BRA.14_1,BRA.14.89_1,BRA.14.89.1_1,,det_1161,
961,COM00961.00,Paranam,,,,Refinery,Processing,Alumina,,,,,,,,Suriname,SUR,SUR.6_1,SUR.6.4_1,,,det_1137,
962,COM00962.00,Paraopeba,,,,Mine,Iron,Iron,"Open Pit, Benefication Plant",,,,,,,Brazil,BRA,BRA.13_1,"BRA.13.96_1 ; BRA.13.523_1 ; BRA.13.772_1","BRA.13.96.2_1 ; BRA.13.523.1_1 ; BRA.13.772.1_1",,det_1159,Part of Vale's Southern System
963,COM00963.00,Pascua-Lama,,,,Mine,Other mine,Gold,,,,,,,,Chile,CHL,CHL.5_1,CHL.5.3_1,CHL.5.3.1_1,,det_1045,
964,COM00964.00,Patos de Minas,,,,Mine,Other mine,Phosphate,Open pit,,,,,,,Brazil,BRA,BRA.13_1,BRA.13.565_1,BRA.13.565.5_1,,det_1161,
965,COM00965.00,Pattiki Complex,White County Coal,,,Mine,Coal,Coal,Underground,1980,2016,,,,,United States of America,USA,USA.14_1,USA.14.98_1,,,det_1411,
966,COM00966.00,Paulsens,,,,Mine,Gold,Gold,,,,,,,,Australia,AUS,AUS.11_1,AUS.11.3_1,,,det_1493,
967,COM00967.00,PBS Coal,PBS Coals,,,Mine,Coal,"Coking coal, Thermal coal, Coking coal concentrate",,,,,,,,United States of America,USA,USA.39_1,USA.39.56_1,,,det_1252,
968,COM00968.00,Peace River Coal,,,,Mine,Coal,Coal,,,,,,,,Canada,CAN,CAN.2_1,CAN.2.22_1,CAN.2.22.17_1,,det_1111,
969,COM00969.00,Peak Downs,,,,Mine,Coal,Metallurgical bituminous coal,Open pit,1972,,,,,,Australia,AUS,AUS.7_1,AUS.7.34_1,,,det_1135,
970,COM00970.00,Pena Colorada,,,,Mine,Iron,Iron,Open pit,1974,,,,,401.4039172,Mexico,MEX,MEX.14_1,MEX.14.30_1,,,det_1218,
971,COM00971.00,Penasquito,,,,Mine,Gold,"Gold, Silver, Lead, Zinc",Open pit,2010,,,,,458.23,Mexico,MEX,MEX.32_1,MEX.32.26_1,,,det_1151,
972,COM00972.00,Pend Oreille,,,,Mine,Zinc,"Zinc, Lead",Underground,,,,,,,United States of America,USA,USA.48_1,USA.48.26_1,,,det_1086,
973,COM00973.00,Penjom,,,,Mine,Gold,Gold,Resin-In-Leach plant,1996,,,,,12.2183,Malaysia,MYS,MYS.8_1,MYS.8.6_1,,,det_1532,
974,COM00974.00,Pennsylvania Mining Complex,,,,Mine,Coal,"Bituminous coal, Metallurgical coal",Underground,1984,,,,,,United States of America,USA,USA.39_1,"USA.39.30_1 ; USA.39.63_1",,,det_1415,
975,COM00975.00,Peranap,Pertambangan Peranap,,,Mine,Coal,Coal,Open pit,,,,,,182.3,Indonesia,IDN,IDN.24_1,IDN.24.4_1,IDN.24.4.3_1,IDN.24.4.3.4_1,det_1512,
976,COM00976.00,Pering,,,,Mine,Zinc,"Zinc, Lead",,,2003,,,,,South Africa,ZAF,ZAF.7_1,ZAF.7.3_1,ZAF.7.3.1_1,ZAF.7.3.1.1_1,det_1141,
977,COM00977.00,Perkasa Inakakerta,"PIK, PT Perkasa Inakakerta",,,Mine,Coal,Sub-bituminous coal,Open pit,2007,,,,,190.5,Indonesia,IDN,IDN.15_1,IDN.15.7_1,IDN.15.7.2_1,IDN.15.7.2.3_1,det_1521,
978,COM00978.00,Pervomaysky,Mayskoe,,,Mine,Coal,Thermal coal,,,,,,,,Russian Federation,RUS,RUS.27_1,RUS.27.24_1,RUS.27.24.1_1,,det_1569,
979,COM00979.00,Petorca,,,,Mine,Gold,"Silver, Gold",,,,,,,,Chile,CHL,CHL.16_1,CHL.16.3_1,CHL.16.3.4_1,,det_1482,
980,COM00980.00,Phil's Creek,,,,Mine,Iron,Iron,,2012,2015,,,,,Australia,AUS,AUS.11_1,AUS.11.46_1,,,det_1239,
981,COM00981.00,Phoenix,Phoenix Operation,,,Mine,Copper,"Gold, Copper, Copper cathode","Open pit, SX-EW, carbon-in-leach, copper leach pad",1964,,,,,,United States of America,USA,USA.29_1,"USA.29.8_1 ; USA.29.9_1",,,det_1006,
982,COM00982.00,Pierina,,,,Mine,Gold,Gold,,,,,,,,Peru,PER,PER.2_1,PER.2.9_1,PER.2.9.5_1,,det_1043,
983,COM00983.00,Pilares,,,,Mine,Other mine,Copper,,,,in development,,,,Mexico,MEX,MEX.26_1,MEX.26.41_1,,,det_1014,
984,COM00984.00,Pingdingshan,,,,Mine,Aluminium,Bauxite,"Open pit, Underground",,,active,2019,,,China,CHN,CHN.12_1,CHN.12.9_1,NA,NA,det_1274,
985,COM00985.00,Pingdingshan Tianan Coal,,,,Mine,Coal,Coal,,,,,,,,China,CHN,CHN.12_1,"CHN.12.9_1 ; CHN.12.15_1","CHN.12.9.3_1 ; CHN.12.9.5_1 ; CHN.12.15.2_1",,det_1379,
986,COM00986.00,Pingguo,"Guangxi Plant, Pingguo Plant, Guangxi branch",,,"Mine, Refinery, Smelter",Aluminium,"Bauxite, Alumina, Aluminium",Open pit,1994,,active,2019,,,China,CHN,CHN.7_1,CHN.7.1_1,CHN.7.1.8_1,,det_1273,Primary aluminium Smelter closed in 2014
987,COM00987.00,Pingshuo,"China Coal Pingshuo Group Company Limited, Pingshou Mining Area",,,Mine,Coal,Coal,"Open pit, Underground",,,,,,,China,CHN,CHN.25_1,CHN.25.7_1,CHN.25.7.2_1,,det_1579,"Is consolidatedly reported with other mines under ""China Coal Energy"" from the year 2016 onwards."
988,COM00988.00,Pinjarra Alumina Refinery,,,,Refinery,Processing,Alumina,,,,,,,,Australia,AUS,AUS.11_1,AUS.11.89_1,,,det_1270,
989,COM00989.00,Pinnacle Complex,,,,Mine,Coal,Metallurgical coal,Underground,1969,,,,,,United States of America,USA,USA.49_1,USA.49.55_1,,,det_1234,
990,COM00990.00,Pinos Altos,,,,Mine,Gold,"Gold, Silver","Open pit, Underground",2009,,,,,,Mexico,MEX,MEX.6_1,MEX.6.51_1,,,det_1353,
991,COM00991.00,Pinto Valley,,,,Mine,Copper,"Copper, Copper cathode, Molybdenum, Silver, Gold",Open pit,1974,,,,,,United States of America,USA,USA.3_1,USA.3.4_1,,,det_1142,
992,COM00992.00,Pit Bajau Bulungan Kaltara,"PT Garda Tujuh Buana Tbk, GTB, KW 96 JNP 249",,,Mine,Coal,Thermal coal,Open pit,,,,,,7.1,Indonesia,IDN,IDN.15_1,IDN.15.4_1,IDN.15.4.1_1,IDN.15.4.1.1_1,det_1526,
993,COM00993.00,Plainfield,,,,Mine,Coal,Bituminous coal,Surface,1990,,,,,,United States of America,USA,NA,NA,NA,NA,det_1431,
994,COM00994.00,Platinum Mile,,,,Mine,Other (poly)-metallic,PGM,Surface,,,,,,,South Africa,ZAF,ZAF.7_1,ZAF.7.1_1,ZAF.7.1.5_1,ZAF.7.1.5.14_1,det_1094,
995,COM00995.00,Plutonic,,,,Mine,Gold,Gold,,,,,,,,Australia,AUS,AUS.11_1,AUS.11.75_1,,,det_1042,
996,COM00996.00,Pocos de Caldas,,,,"Mine, Refinery",Aluminium,"Bauxite, Alumina",Open pit,1965,,,,,,Brazil,BRA,BRA.13_1,BRA.13.609_1,BRA.13.609.1_1,,det_1270,
997,COM00997.00,Pogo,Pogo Creek,,,Mine,Gold,Gold,,,,,,,,United States of America,USA,USA.2_1,USA.2.22_1,,,det_1492,
998,COM00998.00,Point Lisas,,,,"Smelter, Refinery",Processing,"Steel, steel billets, wire rod, direct reduced iron","Rirect reduced iron plant, electric arc furnace, continuous casters, wire rod mill",,,,,,,Trinidad and Tobago,TTO,TTO.3_1,,,,det_1221,
999,COM00999.00,Poitrel,,,,Mine,Coal,Metallurgical bituminous coal,Open pit,2006,,,,,,Australia,AUS,AUS.7_1,AUS.7.34_1,,,det_1135,
1000,COM01000.00,Polkowice-Sieroszowice,,,,Mine,Copper,"Copper, Silver, Lead, Gold",Underground,1996,,,,,,Poland,POL,POL.1_1,"POL.1.3_1 ; POL.1.18_1","POL.1.3.3_1 ; POL.1.18.4_1",,det_1196,
1001,COM01001.00,Polosukhinskaya,,,,Mine,Coal,Coking coal,,,,,,,,Russian Federation,RUS,RUS.27_1,RUS.27.20_1,RUS.27.20.1_1,,det_1561,
1002,COM01002.00,Pomalaa,Pomalaa-Antam,,,"Mine, Smelter",Nickel,"Nickel, Ferronickel",,,2008,,,,,Indonesia,IDN,IDN.28_1,IDN.28.7_1,IDN.28.7.11_1,IDN.28.7.11.7_1,det_1163,
1003,COM01003.00,Pongkor and Cibaliung,,,,Mine,Gold,Gold,,,,,,,,Indonesia,IDN,"IDN.4_1 ; IDN.9_1","IDN.4.5_1 ; IDN.9.5_1","IDN.4.5.11_1 ; IDN.9.5.27_1","IDN.4.5.11.7_1 ; IDN.9.5.27.1_1",det_1312,
1004,COM01004.00,Poondano,,,,Mine,Iron,Iron,,,2015,,,,,Australia,AUS,AUS.11_1,AUS.11.104_1,,,det_1240,
1005,COM01005.00,Poplar River,,,,Mine,Coal,Lignite,Surface,1978,,,,,,Canada,CAN,CAN.12_1,CAN.12.12_1,CAN.12.12.11_1,,det_1427,
1006,COM01006.00,Poracota,,,,Mine,Gold,"Gold, Silver",Underground,2007,,,,,,Peru,PER,PER.4_1,PER.4.6_1,PER.4.6.7_1,,det_1343,
1007,COM01007.00,Porcupine,,,,Mine,Gold,Gold,"Open pit, Underground",,,,,,,Canada,CAN,CAN.9_1,CAN.9.5_1,CAN.9.5.23_1,,det_1151,
1008,COM01008.00,Porgera,,,,Mine,Gold,Gold,"Open pit, Underground",,,,,,,Papua New Guinea,PNG,PNG.7_1,PNG.7.3_1,,,det_1032,
1009,COM01009.00,Portland Aluminium Smelter,,,,Smelter,Processing,Aluminium,,,,,,,,Australia,AUS,AUS.10_1,AUS.10.23_1,,,det_1270,
1010,COM01010.00,POSMAC,POSMAC Joint Venture,,,Mine,Other mine,Iron,Open pit,2003,,,,,,Australia,AUS,AUS.11_1,NA,NA,NA,det_1135,
1011,COM01011.00,Presidente Vargas Steelworks,,,,"Smelter, Refinery",Processing,"Steel, Coke, Pig iron","Blast furnace, Coke plant, Sinter plant",1946,,,,,,Brazil,BRA,BRA.19_1,BRA.19.91_1,BRA.19.91.1_1,,det_1223,
1012,COM01012.00,Prijedor,"Omarska, Buvac, Jezero, Mamuze",,,Mine,Iron,Iron,Open pit,1916,,,,,20,Bosnia and Herzegovina,BIH,BIH.3_1,BIH.3.1_1,BIH.3.1.16_1,,det_1218,
1013,COM01013.00,Princeton,"Low Vol, Mid Vol, XMV Mine, Pocahontas",,,Mine,Coal,"Coal, metallurgical coal, PCI","Underground, Open pit",,,,,,,United States of America,USA,USA.49_1,USA.49.28_1,,,det_1218,
1014,COM01014.00,Prokopyevsky,,,,Mine,Coal,Thermal coal,Open pit,,,,,,,Russian Federation,RUS,RUS.27_1,RUS.27.24_1,RUS.27.24.1_1,,det_1569,
1015,COM01015.00,Prominent Hill,,,,Mine,Copper,"Copper, Gold, Silver","Underground, Open pit",2009,,,,,,Australia,AUS,AUS.8_1,AUS.8.61_1,,,det_1452,
1016,COM01016.00,PT Adaro Indonesia,AI,,,Mine,Coal,Sub-bituminous coal,Open pit,1992,,,,,,Indonesia,IDN,IDN.13_1,"IDN.13.1_1 ; IDN.13.10_1","IDN.13.1.7_1 ; IDN.13.10.8_1 ; IDN.13.10.12_1","IDN.13.1.7.10_1 ; IDN.13.1.7.12_1 ; IDN.13.10.8.6_1 ; IDN.13.10.12.1_1",det_1508,
1017,COM01017.00,PT Adimitra Baratama Nusantara,ABN,,,Mine,Coal,Thermal coal,Open pit,2008,,,,,29.9,Indonesia,IDN,IDN.15_1,IDN.15.6_1,IDN.15.6.13_1,IDN.15.6.13.2_1,det_1537,
1018,COM01018.00,PT Alusentosa,,,,Mine,Other mine,Bauxite,Open pit,,,inactive,2019,,,Indonesia,IDN,NA,NA,NA,NA,det_1274,"Owned and operated by PT Nusapati Prima, a 96.28% subsidiary of Chalco"
1019,COM01019.00,PT Antang Gunung Meratus,AGM,,,Mine,Coal,Coal,Open pit,1999,,,,,224.33,Indonesia,IDN,IDN.13_1,"IDN.13.6_1 ; IDN.13.13_1","IDN.13.6.8_1 ; IDN.13.13.7_1","IDN.13.6.8.12_1 ; IDN.13.13.7.3_1",det_1518,
1020,COM01020.00,PT Atlas Resources Tbk,,,,Company,Coal,Coal,,,,,,,,Indonesia,IDN,"IDN.15_1 ; IDN.23_1 ; IDN.31_1","IDN.15.2_1 ; IDN.15.5_1 ; IDN.15.6_1 ; IDN.23.13_1 ; IDN.31.7_1 ; IDN.31.12_1 ; IDN.31.10_1 ; IDN.31.11_1","IDN.15.2.9_1 ; IDN.15.5.20_1 ; IDN.15.6.10_1 ; IDN.15.6.13_1 ; IDN.15.6.16_1 ; IDN.23.13.4_1 ; IDN.23.13.6_1 ; IDN.31.7.11_1 ; IDN.31.12.4_1 ; IDN.31.10.5_1 ; IDN.31.11.10_1","IDN.15.2.9.9_1 ; IDN.15.5.20.13_1 ; IDN.15.6.10.17_1 ; IDN.15.6.13.4_1 ; IDN.15.6.16.10_1 ; IDN.23.13.4.4_1 ; IDN.23.13.6.5_1 ; IDN.31.7.11.5_1 ; IDN.31.12.4.2_1 ; IDN.31.10.5.8_1 ; IDN.31.11.10.11_1",det_1516,
1021,COM01021.00,PT Baramulti Suksessarana Tbk,BSSR,,,Mine,Coal,Coal,Open pit,2010,,,,,24.598,Indonesia,IDN,IDN.15_1,IDN.15.6_1,IDN.15.6.5_1,IDN.15.6.5.2_1,det_1517,
1022,COM01022.00,PT Barasentosa Lestari,BSL,,,Mine,Coal,Thermal coal,Open pit,,,,,,233,Indonesia,IDN,IDN.31_1,IDN.31.7_1,IDN.31.7.11_1,IDN.31.7.11.3_1,det_1528,
1023,COM01023.00,PT Batubara Bukit Kendi,,,,Mine,Coal,Coal,Open pit,,,,,,,Indonesia,IDN,IDN.31_1,IDN.31.5_1,IDN.31.5.6_1,IDN.31.5.6.5_1,det_1513,
1024,COM01024.00,PT Bhakti Energi Persada,"PT BEP, BEP",,,Mine,Other mine,Coal,,,,,,,,Indonesia,IDN,IDN.15_1,NA,NA,NA,det_1508,
1025,COM01025.00,PT Bharinto Ekatama,"BEK, Bharinto",,,Mine,Coal,Coal,,2012,,,,,173.11,Indonesia,IDN,IDN.14_1,IDN.14.3_1,IDN.14.3.6_1,IDN.14.3.6.3_1,det_1531,
1026,COM01026.00,PT Borneo Indobara,BIB,,,Mine,Coal,Thermal coal,Open pit,,,,,,241,Indonesia,IDN,IDN.13_1,IDN.13.11_1,IDN.13.11.8_1,IDN.13.11.8.9_1,det_1528,
1027,COM01027.00,PT Bukit Enim Energi,"PT BEE, BEE",,,Mine,Other mine,Coal,,,,,,,111.3,Indonesia,IDN,IDN.31_1,IDN.31.5_1,IDN.31.5.10_1,NA,det_1508,
1028,COM01028.00,PT Central Omega Resources Tbk,,,,Company,Other (poly)-metallic,Nickel,,,,,,,,Indonesia,IDN,"IDN.27_1 ; IDN.28_1","IDN.27.5_1 ; IDN.28.9_1","IDN.27.5.12_1 ; IDN.28.9.6_1","IDN.27.5.12.2_1 ; IDN.27.5.12.6_1 ; IDN.28.9.6.6_1",det_1525,
1029,COM01029.00,PT Gunungbayan Pratamacoal,GBP,,,Mine,Coal,Bituminous coal,Open pit,,,,,,202.75,Indonesia,IDN,IDN.15_1,"IDN.15.5_1 ; IDN.15.6_1","IDN.15.5.20_1 ; IDN.15.6.12_1","IDN.15.5.20.10_1 ; IDN.15.6.12.6_1",det_1519,
1030,COM01030.00,PT Indominco Mandiri,"IMM, Indominco",,,Mine,Coal,Coal,"Open pit, Underground",,,,,,241.21,Indonesia,IDN,IDN.15_1,IDN.15.7_1,IDN.15.7.18_1,"IDN.15.7.18.4_1 ; IDN.15.7.18.5_1",det_1531,
1031,COM01031.00,PT Indomining,IM,,,Mine,Coal,Thermal coal,Open pit,2007,,,,,6.83,Indonesia,IDN,IDN.15_1,IDN.15.6_1,IDN.15.6.13_1,IDN.15.6.13.2_1,det_1537,
1032,COM01032.00,PT Insani Baraperkasa,,,,Mine,Coal,Coal,,,,,,,244.77,Indonesia,IDN,IDN.15_1,IDN.15.12_1,IDN.15.12.4_1,IDN.15.12.4.4_1,det_1536,
1033,COM01033.00,PT Internasional Prima Coal,IPC,,,Mine,Coal,Coal,Open pit,2009,,,,,,Indonesia,IDN,IDN.15_1,IDN.15.12_1,IDN.15.12.1_1,IDN.15.12.1.1_1,det_1512,
1034,COM01034.00,PT Jorong Barutama Greston,"JBG, Jorong",,,Mine,Coal,Coal,Open pit,,,,,,48.83,Indonesia,IDN,IDN.13_1,IDN.13.12_1,IDN.13.12.5_1,IDN.13.12.5.5_1,det_1531,
1035,COM01035.00,PT Kalmin,,,,Mine,Aluminium,Bauxite,Open pit,,,inactive,2019,,,Indonesia,IDN,NA,NA,NA,NA,det_1274,"Owned and operated by PT Nusapati Prima, a 96.28% subsidiary of Chalco"
1036,COM01036.00,PT Kaltim Prima Coal,"PT Kaltim Prima Coal, KPC",,,Mine,Coal,"Bituminous coal, Sub-bituminous coal",Open pit,,,,,,849.38,Indonesia,IDN,IDN.15_1,IDN.15.7_1,"IDN.15.7.2_1 ; IDN.15.7.15_1","IDN.15.7.2.1_1 ; IDN.15.7.15.3_1",det_1510,
1037,COM01037.00,PT Karya Usaha Pertiwi,KUP,,,Mine,Coal,Thermal coal,Open pit,2018,,,,,26.62,Indonesia,IDN,IDN.15_1,IDN.15.7_1,IDN.15.7.11_1,NA,det_1530,
1038,COM01038.00,PT Kitadin,"KTD, Kitadin",,,Mine,Coal,Coal,,,,,,,53.11,Indonesia,IDN,IDN.15_1,IDN.15.6_1,IDN.15.6.17_1,IDN.15.6.17.5_1,det_1531,
1039,COM01039.00,PT Mahakam Sumber Jaya,MSJ,,,Mine,Coal,Thermal coal,Open pit,2004,,,,,203.8,Indonesia,IDN,IDN.15_1,IDN.15.6_1,IDN.15.6.7_1,IDN.15.6.7.3_1,det_1530,
1040,COM01040.00,PT Mitrabara Adiperdana Tbk,,,,Mine,Coal,Coal,,2008,,,,,29.6,Indonesia,IDN,IDN.15_1,IDN.15.8_1,IDN.15.8.7_1,IDN.15.8.7.11_1,det_1535,
1041,COM01041.00,PT Multi Tambangjaya Utama,MUTO,,,Mine,Coal,"Bituminous thermal coal, Bituminous coking coal",Open pit,2016,,,,,249.7,Indonesia,IDN,IDN.14_1,IDN.14.1_1,IDN.14.1.4_1,IDN.14.1.4.20_1,det_1514,
1042,COM01042.00,PT Mustika Indah Permai,"PT MIP, MIP,",,,Mine,Coal,Subbituminous coal,,,,,,,20,Indonesia,IDN,IDN.31_1,IDN.31.3_1,IDN.31.3.1_1,IDN.31.3.1.7_1,det_1508,
1043,COM01043.00,PT Santan Batubara,"SBB, SB",,,Mine,Coal,Thermal coal,Open pit,,,,,,142.1,Indonesia,IDN,IDN.15_1,IDN.15.6_1,IDN.15.6.7_1,IDN.15.6.7.9_1,det_1530,
1044,COM01044.00,PT Smelting,,,,"Smelter, Refinery",Processing,"Copper cathode, Copper anode",,1995,,,,,,Indonesia,IDN,IDN.11_1,IDN.11.7_1,IDN.11.7.11_1,IDN.11.7.11.16_1,det_1167,
1045,COM01045.00,PT Triaryani,TRA,,,Mine,Coal,Coal,Open pit,2014,,,,,21.43,Indonesia,IDN,IDN.31_1,IDN.31.7_1,IDN.31.7.11_1,IDN.31.7.11.5_1,det_1527,
1046,COM01046.00,PT Trisensa Mineral Utama,TMU,,,Mine,Coal,Thermal coal,Open pit,2011,,,,,34.14,Indonesia,IDN,IDN.15_1,IDN.15.6_1,IDN.15.6.5_1,IDN.15.6.5.2_1,det_1537,
1047,COM01047.00,PT Trisula Kencana Sakti,TKS,,,Mine,Coal,Thermal coal,Open pit,,,,,,114.55,Indonesia,IDN,IDN.14_1,"IDN.14.2_1 ; IDN.14.3_1",NA,NA,det_1528,
1048,COM01048.00,PT Trubaindo Coal Mining,"TCM, Trobaindo",,,Mine,Coal,Coal,Open pit,,,,,,226.87,Indonesia,IDN,IDN.15_1,IDN.15.5_1,"IDN.15.5.2_1 ; IDN.15.5.15_1","IDN.15.5.2.2_1 ; IDN.15.5.15.5_1",det_1531,
1049,COM01049.00,PT Tuah Turangga Agung,"TTA, PT Dasa Eka Jasatama, DEJ",,,Company,Coal,"Thermal coal, Coking coal",,2006,,,,,,Indonesia,IDN,IDN.14_1,"IDN.14.3_1 ; IDN.14.5_1","IDN.14.3.5_1 ; IDN.14.5.9_1","IDN.14.3.5.12_1 ; IDN.14.3.5.21_1 ; IDN.14.5.9.2_1 ; IDN.14.5.9.13_1",det_1538,
1050,COM01050.00,PT Visitama,,,,Mine,Other mine,Bauxite,Open pit,,,inactive,2019,,,Indonesia,IDN,NA,NA,NA,NA,det_1274,"Owned and operated by PT Nusapati Prima, a 96.28% subsidiary of Chalco"
1051,COM01051.00,Pucarrajo,"Huallanca, Minera Huallanca",,,Mine,Zinc,"Silver, Zinc, Lead",Underground,,,,,,,Peru,PER,PER.2_1,PER.2.10_1,PER.2.10.14_1,,det_1346,
1052,COM01052.00,Pueblo Viejo,,,,Mine,Gold,Gold,Open Pit,2013,,,,,,Dominican Republic,DOM,DOM.28_1,DOM.28.2_1,,,det_1024,
1053,COM01053.00,Puna,,,,Mine,Silver,"Gold, Silver, Lead, Zinc",,,,,,,,Argentina,ARG,ARG.10_1,ARG.10.7_1,,,det_1387,
1054,COM01054.00,Punitaqui,,,,Mine,Copper,"Copper, Gold, Silver",,,,,,,,Chile,CHL,CHL.7_1,CHL.7.3_1,CHL.7.3.4_1,,det_1176,
1055,COM01055.00,Pyhäsalmi,,,,Mine,Copper,"Copper, Pyrite, Zinc",,,,,,,,Finland,FIN,FIN.3_1,FIN.3.2_1,FIN.3.2.2_1,FIN.3.2.2.4_1,det_1089,
1056,COM01056.00,Quebrada Blanca,,,,"Mine, Refinery",Copper,Copper,Open pit,,,,,,,Chile,CHL,CHL.15_1,CHL.15.1_1,CHL.15.1.5_1,,det_1083,
1057,COM01057.00,Quebradona,,,,Mine,Other mine,Copper,,,,,,,,Colombia,COL,COL.2_1,COL.2.61_1,NA,NA,det_1064,
1058,COM01058.00,Queensland Alumina,,,,Refinery,Processing,Alumina,,1967,,,,,,Australia,AUS,AUS.7_1,AUS.7.27_1,,,det_1065,
1059,COM01059.00,Quellaveco,,,,Mine,Other mine,Copper,,,,,,,,Peru,PER,PER.19_1,PER.19.3_1,PER.19.3.6_1,,det_1114,
1060,COM01060.00,Quiruvilca,,,,Mine,Silver,"Silver, Gold, Zinc, Lead, Copper",Underground,1940,,,,,,Peru,PER,PER.13_1,PER.13.10_1,PER.13.10.5_1,,det_1384,
1061,COM01061.00,Rajpura Dariba,,,,Mine,Zinc,"Lead, Zinc",Underground,1983,,,,,,India,IND,IND.29_1,IND.29.28_1,IND.29.28.7_1,,det_1307,
1062,COM01062.00,Rampura Agucha,,,,Mine,Zinc,"Lead, Zinc","Open pit, Underground",,,,,,,India,IND,IND.29_1,IND.29.7_1,IND.29.7.5_1,,det_1307,
1063,COM01063.00,Ras Al Khair Refinery,,,,"Refinery, Smelter",Processing,"Alumina, Aluminium",,,,,,,,Saudi Arabia,SAU,SAU.8_1,,,,det_1270,
1064,COM01064.00,Raspadskaya,,,,Mine,Coal,Metallurgical coal,,,,,,,,Russian Federation,RUS,RUS.27_1,RUS.27.17_1,RUS.27.17.1_1,,det_1555,
1065,COM01065.00,Raven,"Slones Branch, Lige Hollow",,,Mine,Coal,Coal,Underground,2006,,,,,,United States of America,USA,USA.18_1,USA.18.60_1,,,det_1407,
1066,COM01066.00,Ravensthorpe,,,,Mine,Nickel,"Nickel, Cobalt",,,,,,,,Australia,AUS,AUS.11_1,AUS.11.106_1,,,det_1089,
1067,COM01067.00,Ravenswood,,,,Mine,Gold,Gold,"Open pit, Underground",,,,,,,Australia,AUS,AUS.7_1,AUS.7.17_1,,,det_1529,
1068,COM01068.00,Ravensworth Complex,,,,Mine,Coal,"Metallurgical coal, Thermal coal",Open pit,,,,,,,Australia,AUS,AUS.5_1,AUS.5.118_1,,,det_1191,
1069,COM01069.00,Rawhide,,,,Mine,Gold,Gold,,,,,,,,United States of America,USA,USA.29_1,USA.29.12_1,,,det_1070,
1070,COM01070.00,Rawhide Coal,,,,Mine,Coal,Thermal coal,Surface,,,,,,,United States of America,USA,USA.51_1,USA.51.3_1,,,det_1390,
1071,COM01071.00,Recuperada,,,,Mine,Silver,"Silver, Lead, Zinc",Underground,,,,,,,Peru,PER,PER.9_1,PER.9.5_1,PER.9.5.5_1,,det_1343,
1072,COM01072.00,Red Dog,,,,Mine,Zinc,"Zinc, Lead",Open pit,1989,,,,,,United States of America,USA,USA.2_1,USA.2.18_1,,,det_1085,
1073,COM01073.00,Red Hills,Mississippi Lignite Mining Company,,,Mine,Coal,Lignite,Surface,2000,,,,,27.680796,United States of America,USA,USA.25_1,USA.25.10_1,,,det_1373,
1074,COM01074.00,Red Lake,"Red Lake complex, Red Lake Project, Red Lake Gold Mines",,,Mine,Gold,Gold,Underground,,,,,,,Canada,CAN,CAN.9_1,CAN.9.20_1,CAN.9.20.38_1,,det_1153,
1075,COM01075.00,Red River,"Oxbow Mine, Red River Mining Company",,,Mine,Coal,Lignite,Surface,,,,,,,United States of America,USA,USA.19_1,USA.19.41_1,,,det_1414,
1076,COM01076.00,Reed,,,,Mine,Copper,"Copper, Zinc, Gold, Silver",Underground,,2018,,,,,Canada,CAN,CAN.3_1,CAN.3.13_1,CAN.3.13.2_1,,det_1149,
1077,COM01077.00,Reefton,,,,Mine,Gold,Gold,Open pit,2007,2016,,,,,New Zealand,NZL,NZL.19_1,NZL.19.1_1,,,det_1360,
1078,COM01078.00,Reko Diq,,,,Mine,Other mine,Gold,,,,,,,,Pakistan,PAK,PAK.2_1,PAK.2.4_1,PAK.2.4.1_1,,det_1041,
1079,COM01079.00,Remington,Stockburg No. 2,,,Mine,Coal,Thermal coal,"Surface, Underground",,2009,,,,,United States of America,USA,USA.49_1,"USA.49.10_1 ; USA.49.20_1",,,det_1398,
1080,COM01080.00,Rend Lake,,,,Mine,Coal,Coal,Underground,1986,,,,,,United States of America,USA,NA,NA,NA,NA,det_1425,
1081,COM01081.00,Renison,,,,Mine,Other (poly)-metallic,"Tin, Copper","Underground, Open pit",,,,,,,Australia,AUS,AUS.9_1,AUS.9.29_1,,,det_1437,
1082,COM01082.00,Riestpruit,,,,Mine,Coal,Thermal coal,,,,,,,,South Africa,ZAF,ZAF.6_1,ZAF.6.3_1,ZAF.6.3.3_1,ZAF.6.3.3.26_1,det_1138,
1083,COM01083.00,Rio Capim,,,,Mine,Other mine,Kaolin,Open pit,,,,,,,Brazil,BRA,BRA.14_1,BRA.14.56_1,BRA.14.56.1_1,,det_1166,
1084,COM01084.00,Rio Grande,,,,Mine,Other mine,Gold,,,,Project,2018,,,Argentina,ARG,NA,NA,NA,NA,det_1092,
1085,COM01085.00,Rio Tinto Kennecott,Kennecott Utah Copper,,,Refinery,Processing,"Copper, Gold, Silver",,,,,,,,United States of America,USA,USA.45_1,USA.45.18_1,,,det_1065,
1086,COM01086.00,Rio Tuba,RTN,,,Mine,Other (poly)-metallic,"Nickel, Cobalt, Iron, Limestone",,,,,,,,Philippines,PHL,PHL.59_1,PHL.59.5_1,PHL.59.5.13_1,,det_1442,
1087,COM01087.00,Riola/Vermilion Grove,"Vermilion Grove-Riola Mine Complex, Riola No. 1",,,Mine,Coal,Thermal coal,Underground,,,,,,,United States of America,USA,USA.14_1,USA.14.93_1,,,det_1392,
1088,COM01088.00,River View Complex,River View Coal,,,Mine,Coal,Coal,Underground,2009,,,,,,United States of America,USA,USA.18_1,USA.18.113_1,,,det_1411,
1089,COM01089.00,Riverdale,,,,"Smelter, Refinery",Processing,"Steel, hot-rolled strip","Basic oxygen furnace, continuous slab caster",,,,,,,United States of America,USA,USA.14_1,USA.14.16_1,,,det_1219,
1090,COM01090.00,Robe River,,,,Mine,Iron,Iron ore,Open Pit,,,,,,,Australia,AUS,AUS.11_1,"AUS.11.3_1 ; AUS.11.46_1",,,det_1065,
1091,COM01091.00,Robinson,,,,Mine,Copper,"Copper, Gold, Molybdenum",Open pit,,,,,,,United States of America,USA,USA.29_1,USA.29.17_1,,,det_1199,
1092,COM01092.00,Robinson Run,,,,Mine,Coal,"Thermal coal, Metallurgical coal",Underground,1966,,,,,,United States of America,USA,USA.49_1,USA.49.17_1,,,det_1419,
1093,COM01093.00,Rochester,,,,Mine,Silver,"Gold, Silver","Open pit, Heap leaching plant",,,,,,,United States of America,USA,USA.29_1,USA.29.14_1,,,det_1477,
1094,COM01094.00,Rocklick,"Black Oak, Gateway Eagle, Farley Eagle, Harris No. 1",,,Mine,Coal,Metallurgical coal,Underground,,,,,,,United States of America,USA,USA.49_1,USA.49.3_1,,,det_1397,
1095,COM01095.00,Rolleston,,,,Mine,Coal,Thermal coal,Open pit,,,,,,,Australia,AUS,AUS.7_1,AUS.7.16_1,,,det_1192,
1096,COM01096.00,Rönnskär,,,,Smelter,Processing,"Copper, Gold, Silver, Lead, Sulphuric acid, Zinc clinker",,,,,,,,Sweden,SWE,SWE.18_1,SWE.18.9_1,,,det_1124,
1097,COM01097.00,Rosebery,,,,Mine,Zinc,"Zinc, Lead, Copper, Gold, Silver",Underground,1936,,,,,,Australia,AUS,AUS.9_1,AUS.9.29_1,,,det_1101,
1098,COM01098.00,Rosemont,,,,Mine,Other mine,Copper,Open pit,,,,,,,United States of America,USA,USA.3_1,USA.3.11_1,,,det_1149,
1099,COM01099.00,Rosh Pinah,,,,Mine,Other (poly)-metallic,"Zinc, Lead",Underground,,,,,,,Namibia,NAM,NAM.1_1,NAM.1.6_1,,,det_1109,
1100,COM01100.00,Rössing,,,,Mine,Other (poly)-metallic,Uranium,Open pit,1976,,,,,,Namibia,NAM,NAM.2_1,NAM.2.1_1,,,det_1065,
1101,COM01101.00,Round Mountain,,,,Mine,Other (poly)-metallic,Gold,Heap leaching,,,,,,,United States of America,USA,USA.29_1,USA.29.13_1,,,det_1041,
1102,COM01102.00,Ruashi,,,,Mine,Copper,"Copper, Cobalt, Copper cathode, Cobalt hydroxide","Open cast, SX-EW plant",2007,,,,,,DR Congo,COD,COD.3_1,COD.3.6_1,,,det_1449,
1103,COM01103.00,Ruby Hill,,,,Mine,Gold,Gold,,,,,,,,United States of America,USA,USA.29_1,USA.29.7_1,,,det_1041,
1104,COM01104.00,Rudna,,,,Mine,Copper,"Copper, Silver, Lead, Gold",Underground,1974,,,,,,Poland,POL,POL.1_1,POL.1.18_1,POL.1.18.4_1,,det_1197,
1105,COM01105.00,Rustenburg,,,,Mine,Other (poly)-metallic,"PGM, Platinum","Underground, Open pit",,,,,,,South Africa,ZAF,ZAF.7_1,ZAF.7.1_1,ZAF.7.1.5_1,"ZAF.7.1.5.3_1 ; ZAF.7.1.5.15_1 ; ZAF.7.1.5.17_1 ; ZAF.7.1.5.28_1",det_1092,
1106,COM01106.00,Sadiola,,,,Mine,Gold,Gold,,,,,,,,Mali,MLI,MLI.3_1,MLI.3.3_1,MLI.3.3.8_1,MLI.3.3.8.1_1,det_1057,
1107,COM01107.00,Safford,,,,Mine,Copper,Copper,"Open pit, SX-EW",2007,,,,383.24143,,United States of America,USA,USA.3_1,USA.3.5_1,,,det_1167,
1108,COM01108.00,Saint-Jean-de-Maurienne,,,,Smelter,Processing,Aluminium,,,,,,,,France,FRA,FRA.1_1,FRA.1.12_1,FRA.1.12.3_1,FRA.1.12.3.5_1,det_1066,
1109,COM01109.00,Sakhara,,,,Mine,Nickel,Nickel,,,,,,,,Russian Federation,RUS,NA,NA,NA,NA,det_1564,
1110,COM01110.00,Sakura Ferroalloys,,,,Smelter,Processing,Ferromanganese,,,,,,,,Malaysia,MYS,MYS.14_1,MYS.14.5_1,,,det_1265,
1111,COM01111.00,Salek,Vostochny coal mine,,,Mine,Coal,Thermal coal,Open pit,,,,,,,Russian Federation,RUS,RUS.27_1,RUS.27.24_1,RUS.27.24.1_1,,det_1569,
1112,COM01112.00,Salobo,,,,Mine,Copper,"Copper, Gold",Open pit,2012,,,,,,Brazil,BRA,BRA.14_1,BRA.14.65_1,BRA.14.65.1_1,,det_1159,
1113,COM01113.00,Salvador,División Salvador,,,Mine,Copper,"Copper, Copper cathodes, Molybdenum, Gold, Silver","Open pit, Underground",1959,,,,,,Chile,CHL,CHL.5_1,CHL.5.1_1,CHL.5.1.2_1,,det_1171,
1114,COM01114.00,Samarco,,,,Mine,Iron,Iron,Open pit,1977,,inactive,2019,,,Brazil,BRA,BRA.13_1,BRA.13.463_1,BRA.13.463.10_1,,det_1135,
1115,COM01115.00,Sambarata,,,,Mine,Coal,Coal,Open pit,,,,,,,Indonesia,IDN,IDN.15_1,IDN.15.2_1,IDN.15.2.4_1,IDN.15.2.4.2_1,det_1515,
1116,COM01116.00,San Andres,,,,Mine,Gold,Gold,,,,,,,,Honduras,HND,HND.5_1,HND.5.11_1,,,det_1216,
1117,COM01117.00,San Bartolome,,,,Mine,Silver,Silver,Open pit,2008,,,,,,Bolivia,BOL,BOL.7_1,BOL.7.15_1,BOL.7.15.1_1,,det_1478,operated by Manquiri
1118,COM01118.00,San Ciprian Refinery,,,,"Refinery, Smelter",Processing,"Alumina, Aluminium",,,,,,,,Spain,ESP,ESP.12_1,ESP.12.2_1,ESP.12.2.4_1,ESP.12.2.4.5_1,det_1270,
1119,COM01119.00,San Dimas,Luismin,,,Mine,Gold,"Gold, Copper, Silver",,,,,,,,Mexico,MEX,MEX.10_1,MEX.10.26_1,,,det_1157,
1120,COM01120.00,San Jose,,,,Mine,Iron,Iron,Open pit,1946,,,,,,Mexico,MEX,MEX.25_1,MEX.25.7_1,,,det_1218,
1121,COM01121.00,San Juan,,,,Mine,Coal,Sub-bituminous coal,,1973,,,,,,United States of America,USA,USA.32_1,USA.32.24_1,,,det_1427,
1122,COM01122.00,San Juan de Nieva,,,,Smelter,Processing,Refined Nickel,,,,,,,,Spain,ESP,ESP.17_1,ESP.17.1_1,ESP.17.1.1_1,ESP.17.1.1.3_1,det_1180,
1123,COM01123.00,San Julian,,,,Mine,Silver,"Silver, Gold, Lead, Zinc",Underground,2016,,,,,,Mexico,MEX,MEX.10_1,MEX.10.10_1,,,det_1125,
1124,COM01124.00,San Luis Potosi Complex,,,,"Smelter, Refinery",Processing,"Zinc, Copper, Silver, Gold, Cadmium, Sulfuric acid",,,,,,,,Mexico,MEX,MEX.24_1,MEX.24.29_1,,,det_1022,
1125,COM01125.00,San Manuel,,,,Mine,Copper,"Copper, Copper cathode",,,2002,,,,,United States of America,USA,USA.3_1,USA.3.12_1,,,det_1140,
1126,COM01126.00,San Martin,,,,Mine,Gold,Gold,,,,,,,,Honduras,HND,HND.8_1,HND.8.19_1,,,det_1158,
1127,COM01127.00,San Miguel,,,,Mine,Coal,Lignite,Surface,1980,,,,,,United States of America,USA,USA.44_1,USA.44.7_1,,,det_1413,
1128,COM01128.00,San Vicente,,,,Mine,Silver,"Silver, Gold, Zinc, Lead, Copper",,,,,,,,Bolivia,BOL,BOL.7_1,BOL.7.11_1,BOL.7.11.1_1,,det_1380,
1129,COM01129.00,Sandstone,Bulchina,,,Mine,Gold,Gold,,,,,,,,Australia,AUS,AUS.11_1,AUS.11.109_1,,,det_1466,
1130,COM01130.00,Sanmenxia,,,,Mine,Aluminium,Bauxite,Underground,,,active,2019,,,China,CHN,CHN.12_1,CHN.12.11_1,NA,NA,det_1274,
1131,COM01131.00,Santo Domingo,,,,Mine,Other mine,"Copper, Iron, Gold",Open pit,,,,,,,Chile,CHL,CHL.5_1,CHL.5.1_1,CHL.5.1.1_1,,det_1144,
1132,COM01132.00,Sao Francisco,,,,Mine,Gold,Gold,,,,inactive,2020,,,Brazil,BRA,BRA.12_1,BRA.12.61_1,BRA.12.61.2_1,,det_1217,
1133,COM01133.00,Sao Luis Iron Ore Pellet Operation,,,,Refinery,Processing,Iron ore pellets,,,,,,,,Brazil,BRA,BRA.10_1,BRA.10.187_1,BRA.10.187.1_1,,det_1159,Production stop between 2013 and 2017
1134,COM01134.00,Saraji,,,,Mine,Coal,Metallurgical bituminous coal,Open pit,1974,,,,,,Australia,AUS,AUS.7_1,AUS.7.34_1,,,det_1135,
1135,COM01135.00,Sarongga,Sarongan,,,Mine,Coal,Sub-bituminous coal,Open pit,,,,,,,Indonesia,IDN,IDN.13_1,IDN.13.9_1,IDN.13.9.3_1,IDN.13.9.3.6_1,det_1510,Part of Bumi's subsidiary PT Arutmin Indonesia (Arutmin)
1136,COM01136.00,Sasol Sigma,,,,Mine,Coal,Coal,Underground,,,,,,,South Africa,ZAF,ZAF.2_1,ZAF.2.1_1,ZAF.2.1.4_1,ZAF.2.1.4.10_1,det_1581,Part of Sasol Sigma Complex
1137,COM01137.00,Satui,,,,Mine,Coal,Bituminous coal,Open pit,,,,,,,Indonesia,IDN,IDN.13_1,IDN.13.12_1,IDN.13.12.6_1,IDN.13.12.6.14_1,det_1510,Part of Bumi's subsidiary PT Arutmin Indonesia (Arutmin)
1138,COM01138.00,Saucito,,,,Mine,Silver,"Silver, Gold, Lead, Zinc",Underground,2011,,,,,,Mexico,MEX,MEX.32_1,MEX.32.11_1,,,det_1125,
1139,COM01139.00,Savage,Knive River Mine,,,Mine,Coal,Lignite,,1958,,,,,,United States of America,USA,USA.27_1,USA.27.42_1,,,det_1427,
1140,COM01140.00,Savuka,,,,Mine,Gold,Gold,,,,,,,,South Africa,ZAF,ZAF.3_1,ZAF.3.5_1,ZAF.3.5.1_1,ZAF.3.5.1.20_1,det_1059,
1141,COM01141.00,Sayak,,,,Mine,Copper,"Copper, Gold, Silver",,,,,,,,Kazakhstan,KAZ,KAZ.9_1,KAZ.9.2_1,,,det_1123,
1142,COM01142.00,Sayanogorsk Aluminium Smelter,,,,Smelter,Processing,"Aluminium, Aluminium slabs, Aluminium ingots, Aluminium T-bars, Aluminium billets",,1985,,,,,,Russian Federation,RUS,RUS.29_1,RUS.29.2_1,RUS.29.2.1_1,,det_1294,
1143,COM01143.00,Seabee,,,,Mine,Gold,Gold,,1991,,,,,,Canada,CAN,CAN.12_1,CAN.12.9_1,CAN.12.9.18_1,,det_1387,
1144,COM01144.00,Sebree,,,,Smelter,Processing,Aluminium,,,,,,,,United States of America,USA,USA.18_1,USA.18.51_1,,,det_1066,
1145,COM01145.00,Sebree - Onton Complex,"Green River Collieries, Onton No. 9",,,Mine,Coal,Coal,Underground,,2015,,,,,United States of America,USA,USA.18_1,USA.18.117_1,,,det_1411,
1146,COM01146.00,Selbaie,,,,Mine,Zinc,"Copper, Zinc, Gold, Silver",Open pit,,2004,,,,,Canada,CAN,CAN.11_1,CAN.11.84_1,CAN.11.84.6_1,,det_1139,
1147,COM01147.00,Selian,,,,Mine,Coal,Coal,Underground,2013,,,,,,China,CHN,CHN.19_1,CHN.19.7_1,CHN.19.7.2_1,,det_1583,
1148,COM01148.00,Senakin,,,,Mine,Coal,Bituminous coal,Open pit,,,,,,571.07,Indonesia,IDN,IDN.13_1,IDN.13.9_1,IDN.13.9.6_1,IDN.13.9.6.3_1,det_1510,Part of Bumi's subsidiary PT Arutmin Indonesia (Arutmin)
1149,COM01149.00,Seneca,,,,Mine,Coal,Thermal coal,Surface,,2005,,,,,United States of America,USA,USA.6_1,USA.6.55_1,,,det_1395,
1150,COM01150.00,Sentinel,,,,Mine,Copper,Copper,,,,,,,,Zambia,ZMB,ZMB.7_1,ZMB.7.6_1,,,det_1089,
1151,COM01151.00,Sepon,,,,Mine,Copper,"Copper, Gold, Copper cathode, Silver","Open pit, Leaching, SX-EW, Carbon-in-leach",,,,,,,Laos,LAO,LAO.12_1,LAO.12.12_1,,,det_1102,"Sepon’s copper cathode is registered as Copper – Grade A quality by the London Metal Exchange (LME). Hence, Sepon copper is eligible for delivery to LME-approved warehouses."
1152,COM01152.00,Serra Azul,,,,Mine,Iron,Iron,Open pit,1946,,,,,3.75,Brazil,BRA,BRA.13_1,BRA.13.384_1,BRA.13.384.2_1,,det_1218,
1153,COM01153.00,Serra Grande,Crixas,,,Mine,Gold,Gold,,,,,,,,Brazil,BRA,BRA.9_1,BRA.9.73_1,BRA.9.73.2_1,,det_1058,"In Kinross reports, it is called Crixas mine, in Anglo Gold Ashanti reports it is called Serra Grande"
1154,COM01154.00,Serra Leste,,,,Mine,Iron,Iron,"Open Pit, Benefication Plant",,,,,,,Brazil,BRA,BRA.14_1,BRA.14.42_1,BRA.14.42.1_1,,det_1159,Part of Vale's Northern System
1155,COM01155.00,Serra Norte,,,,Mine,Iron,Iron,"Open Pit, Benefication Plant",,,,,,,Brazil,BRA,BRA.14_1,BRA.14.90_1,BRA.14.90.1_1,,det_1159,Part of Vale's Northern System
1156,COM01156.00,Serra Sul,,,,Mine,Iron,Iron,"Open Pit, Benefication Plant",,,,,,,Brazil,BRA,BRA.14_1,BRA.14.33_1,BRA.14.33.1_1,,det_1159,Part of Vale's Northern System
1157,COM01157.00,Sertao Mineracao LTDA,"SML, SERTÃO MINERAÇÃO LTDA (“SML”) BRAZIL",,,Mine,Gold,Gold,,,2007,,,,,Brazil,BRA,NA,NA,NA,NA,det_1467,
1158,COM01158.00,Seruyung,,,,Mine,Gold,Gold,Heap leaching plant,2014,,,,,35.6,Indonesia,IDN,IDN.15_1,IDN.15.9_1,IDN.15.9.8_1,IDN.15.9.8.4_1,det_1532,
1159,COM01159.00,Sestao steel plant,,,,"Smelter, Refinery",Processing,"Steel, hot-rolled steel, pickled steel, oiled coils","electric arc furnace, continuous slab casters, hot rolling mill, pickling line",,,,,,,Spain,ESP,ESP.16_1,ESP.16.3_1,ESP.16.3.1_1,ESP.16.3.1.64_1,det_1219,
1160,COM01160.00,Shaanxi Binhuang Mining Area,,,,Region,Coal,Coal,,,,,,,,China,CHN,CHN.22_1,"CHN.22.8_1 ; CHN.22.9_1","CHN.22.8.2_1 ; CHN.22.8.1_1 ; CHN.22.9.4_1",NA,det_1378,
1161,COM01161.00,Shaanxi North Shaanxi Mining Area,,,,Region,Coal,Coal,,,,,,,,China,CHN,CHN.22_1,CHN.22.10_1,"CHN.22.10.3_1 ; CHN.22.10.11_1 ; CHN.22.10.2_1 ; CHN.22.10.8_1",NA,det_1378,
1162,COM01162.00,Shaanxi Weibei Mining Area,,,,Region,Coal,Coal,,,,,,,,China,CHN,CHN.22_1,"CHN.22.6_1 ; CHN.22.5_1","CHN.22.6.6_1 ; CHN.22.6.2_1 ; CHN.22.6.1_1",NA,det_1378,
1163,COM01163.00,Shahta No. 12,,,,Mine,Coal,Coking coal,"Open pit, Underground",,,,,,,Russian Federation,RUS,RUS.27_1,RUS.27.24_1,RUS.27.24.1_1,,det_1567,
1164,COM01164.00,Shahuindo,,,,Mine,Gold,"Gold, Silver","Open pit, Leaching plant",,,,,,73.39,Peru,PER,PER.6_1,PER.6.1_1,PER.6.1.1_1,,det_1382,
1165,COM01165.00,Shandong Huayu,,,,Smelter,Processing,Aluminium,,,,,,,,China,CHN,CHN.23_1,NA,NA,NA,det_1274,
1166,COM01166.00,Shanggong,"Luoyang, Luoyang Kunyu",,,Mine,Gold,"Gold, Silver",Underground,,,,,,,China,CHN,CHN.12_1,CHN.12.7_1,CHN.12.7.2_1,,det_1318,
1167,COM01167.00,Shanxi Huasheng,,,,Smelter,Processing,Aluminium,,2006,,,,,,China,CHN,CHN.25_1,NA,NA,NA,det_1274,
1168,COM01168.00,Shanxi Lu'an Mines,,,,Company,Coal,Coal,,,,,,,,China,CHN,CHN.25_1,"CHN.25.1_1 ; CHN.25.9_1","CHN.25.1.1_1 ; CHN.25.1.9_1 ; CHN.25.1.11_1 ; CHN.25.1.12_1 ; CHN.25.9.8_1",,det_1582,
1169,COM01169.00,Shanxi New Material,"Shanxi Huaze, Shanxi Branch, Shanxi plant",,,"Refinery, Smelter",Processing,"Alumina, Aluminium",,2003,,,,,,China,CHN,CHN.25_1,NA,NA,NA,det_1274,
1170,COM01170.00,Shanxi Zhongrun Aluminium,,,,Smelter,Processing,Aluminium,Electrolytic cells,2015,,,,,,China,CHN,CHN.25_1,CHN.25.6_1,NA,NA,det_1274,
1171,COM01171.00,Shatyrkul,,,,Mine,Copper,"Copper, Gold, Silver",,,,,,,,Kazakhstan,KAZ,KAZ.14_1,KAZ.14.7_1,,,det_1123,
1172,COM01172.00,Shawinigan,,,,Smelter,Processing,Aluminium,,,,,,,,Canada,CAN,CAN.11_1,CAN.11.51_1,CAN.11.51.13_1,,det_1066,
1173,COM01173.00,Sheerness,,,,Mine,Coal,Sub-bituminous coal,Surface,1984,,,,,,Canada,CAN,CAN.1_1,CAN.1.14_1,CAN.1.14.7_1,,det_1427,
1174,COM01174.00,Shendong Mines,"Shenhua Shendong Coal Group, Shenhua Shendong Power",,,Mine,Coal,"Coal, Thermal coal",,,,,,,,China,CHN,"CHN.19_1 ; CHN.22_1 ; CHN.25_1","CHN.19.7_1 ; CHN.22.10_1 ; CHN.25.9_1","CHN.19.7.1_1 ; CHN.19.7.2_1 ; CHN.19.7.3_1 ; CHN.19.7.5_1 ; CHN.22.10.8_1 ; CHN.25.9.1_1",,det_1376,
1175,COM01175.00,Shengli Mines,Shenhua Beidian Shengli Energy Co.,,,Mine,Coal,Lignite,Open pit,,,,,,,China,CHN,CHN.19_1,CHN.19.11_1,CHN.19.11.2_1,,det_1376,
1176,COM01176.00,Shenhua Baotou Coal Chemical Refinery,,,,Refinery,Processing,"Polyethylene, Polypropylene",,,,,,,,China,CHN,CHN.19_1,CHN.19.2_1,CHN.19.2.1_1,,det_1376,
1177,COM01177.00,Shestaki,,,,Mine,Coal,Coking coal,Open pit,,,,,,,Russian Federation,RUS,RUS.27_1,RUS.27.13_1,RUS.27.13.1_1,,det_1561,
1178,COM01178.00,Shila-Paula,,,,Mine,Gold,"Gold, Silver",Underground,,,,,,,Peru,PER,PER.4_1,PER.4.4_1,PER.4.4.4_1,,det_1343,
1179,COM01179.00,Shilawusu,Haosheng Company,,,Mine,Coal,Thermal coal,Underground,,,,,,,China,CHN,CHN.19_1,CHN.19.7_1,CHN.19.7.3_1,,det_1489,
1180,COM01180.00,Shoal Creek,,,,Mine,Coal,Coking coal,Underground,,,,,,,United States of America,USA,USA.1_1,USA.1.64_1,,,det_1390,
1181,COM01181.00,Shoemaker,,,,Mine,Coal,Coal,Underground,1966,,,,,,United States of America,USA,USA.49_1,USA.49.25_1,,,det_1419,
1182,COM01182.00,Shondoni,Middelbult,,,Mine,Coal,Coal,Underground,,,,,,,South Africa,ZAF,ZAF.6_1,ZAF.6.2_1,ZAF.6.2.3_1,ZAF.6.2.3.11_1,det_1581,Part of Sasol Secunda Synfuels Complex
1183,COM01183.00,Shuguang,"Jilin Hunchun Shuguang, Jilin Hunchun Zijin Mining Co, Hunchun Zijin, Hunchun",,,Mine,Gold,"Gold, Copper","Open Pit, Underground",2003,,,,,,China,CHN,CHN.17_1,CHN.17.9_1,CHN.17.9.4_1,,det_1317,
1184,COM01184.00,Shuiyindong,"Guizhou Zijin, Guizhou Zijin Mining Co",,,Mine,Gold,Gold,Underground,,,,,,,China,CHN,CHN.8_1,CHN.8.7_1,CHN.8.7.8_1,,det_1319,
1185,COM01185.00,Siana,,,,Mine,Gold,"Gold, Silver",Open Pit,,,,,,,Philippines,PHL,PHL.74_1,PHL.74.10_1,PHL.74.10.4_1,,det_1497,
1186,COM01186.00,Sibenergougol,,,,Mine,Coal,Thermal coal,Open pit,,,,,,,Russian Federation,RUS,RUS.27_1,RUS.27.20_1,RUS.27.20.1_1,,det_1569,
1187,COM01187.00,Sibirginsky,Sibirginskaya,,,Mine,Coal,"Coking coal, Thermal coal","Open pit, Underground",1970,,,,,18.8,Russian Federation,RUS,RUS.27_1,RUS.27.20_1,RUS.27.20.1_1,,det_1561,part of Southern Kuzbass Coal Company PJSC
1188,COM01188.00,Sierra Gorda,,,,Mine,Copper,"Copper, Molybdenum, Gold",Open pit,2015,,,,,,Chile,CHL,CHL.2_1,CHL.2.1_1,CHL.2.1.3_1,,det_1199,
1189,COM01189.00,Sierra Rutile,"Lanti, Gangama, Sembehun",,,"Mine, Refinery",Iron,"Zircon, Rutile, Ilmenite,",,,,,,,,Sierra Leone,SLE,SLE.3_1,SLE.3.2_1,SLE.3.2.4_1,,det_1474,
1190,COM01190.00,Sierrita,,,,Mine,Copper,"Copper, Molybdenum","Open pit, SX-EW",1959,,,,188.99023,,United States of America,USA,USA.3_1,USA.3.11_1,,,det_1167,
1191,COM01191.00,Siguiri,,,,Mine,Gold,Gold,Open pit,,,,,,,Guinea,GIN,GIN.4_1,GIN.4.5_1,GIN.4.5.5_1,,det_1057,
1192,COM01192.00,Silvassa,,,,Refinery,Processing,"Copper cathode, Copper rod",,,,,,,,India,IND,IND.11_1,IND.11.33_1,IND.11.33.3_1,,det_1307,
1193,COM01193.00,Silvertip,,,,Mine,Zinc,"Gold, Silver, Lead, Zinc",,,,,,,,Canada,CAN,CAN.2_1,CAN.2.26_1,CAN.2.26.6_1,,det_1477,
1194,COM01194.00,Simandou,,,,Mine,Other mine,Iron ore,Open pit,,,,,,,Guinea,GIN,GIN.8_1,GIN.8.4_1,GIN.8.4.6_1,,det_1079,
1195,COM01195.00,Simberi,,,,Mine,Gold,Gold,Open pit,2008,,,,,,Papua New Guinea,PNG,PNG.16_1,PNG.16.2_1,,,det_1460,
1196,COM01196.00,Simoes Filho Ferroalloys plant,,,,Refinery,Processing,"ferro-silicon manganese, ferro-manganese high carbon, ferro-manganese medium carbon alloy","furnaces, converters, sintering plant",,,,,,,Brazil,BRA,BRA.5_1,BRA.5.377_1,BRA.5.377.1_1,,det_1159,
1197,COM01197.00,Sinclair,,,,Mine,Nickel,Nickel,,,,,,,,Australia,AUS,AUS.11_1,AUS.11.72_1,,,det_1180,
1198,COM01198.00,Sino Iron,,,,Mine,Iron,Iron ore,Open pit,2013,,,,,,Australia,AUS,AUS.11_1,AUS.11.108_1,,,det_1356,
1199,COM01199.00,Sishen,,,,Mine,Iron,Iron ore,,,,,,,,South Africa,ZAF,ZAF.8_1,ZAF.8.2_1,ZAF.8.2.2_1,ZAF.8.2.2.3_1,det_1103,
1200,COM01200.00,Sissingue,,,,Mine,Gold,Gold,"Open pit, Carbon in Leach plant",2018,,,,,,Cote d'Ivoire,CIV,CIV.10_1,CIV.10.1_1,CIV.10.1.3_1,CIV.10.1.3.1_1,det_1456,
1201,COM01201.00,Skorpion,,,,"Mine, Refinery",Zinc,"Zinc, Zinc ingots",Open pit,2003,,,,,,Namibia,NAM,NAM.1_1,NAM.1.5_1,,,det_1110,
1202,COM01202.00,Skyline,,,,Mine,Coal,Coal,Underground,,,,,,53.540487,United States of America,USA,USA.45_1,USA.45.4_1,,,det_1409,
1203,COM01203.00,Smederevo,"USSS,  U. S. Steel Serbia, USSB",,,"Refinery, Smelter",Processing,Steel,Blast furnace,,,,,,,Serbia,SRB,SRB.13_1,SRB.13.1_1,,,det_1263,
1204,COM01204.00,Sohar,,,,Smelter,Processing,Aluminium,,2008,,,,,,Oman,OMN,OMN.2_1,OMN.2.6_1,,,det_1065,
1205,COM01205.00,Soledad-Dipolos,,,,Mine,Gold,"Gold, Silver",Open pit,,2013,,,,,Mexico,MEX,MEX.26_1,MEX.26.48_1,,,det_1126,
1206,COM01206.00,Somerville,,,,Mine,Coal,Thermal coal,Surface,,,,,,,United States of America,USA,USA.15_1,USA.15.26_1,,,det_1390,
1207,COM01207.00,Soral,SØRAL,,,Smelter,Processing,Aluminium,,,,,,,,Norway,NOR,NOR.7_1,NOR.7.15_1,,,det_1066,
1208,COM01208.00,Sorowako,,,,Mine,Nickel,Nickel,,,,,,,,Indonesia,IDN,IDN.26_1,IDN.26.9_1,IDN.26.9.7_1,IDN.26.9.7.6_1,det_1159,
1209,COM01209.00,Sossego,,,,Mine,Copper,"Copper, Gold",Open pit,2004,,,,,,Brazil,BRA,BRA.14_1,BRA.14.33_1,BRA.14.33.1_1,,det_1159,
1210,COM01210.00,South Eastern Coalfields Limited,SECL,,,Mine,Coal,"Coking coal, Thermal coal","Open pit, Underground",,,,,,,India,IND,"IND.7_1 ; IND.19_1","IND.7.16_1 ; IND.7.17_1 ; IND.7.25_1 ; IND.19.3_1 ; IND.19.41_1","IND.7.16.1_1 ; IND.7.16.2_1 ; IND.7.17.3_1 ; IND.7.25.2_1 ; IND.19.3.1_1 ; IND.19.41.4_1",,det_1506,
1211,COM01211.00,South Hallsville No. 1,The Sabine Mining Company,,,Mine,Coal,Lignite,Surface,1985,,,,,,United States of America,USA,USA.44_1,USA.44.102_1,,,det_1373,
1212,COM01212.00,South Kalgoorlie,,,,Mine,Gold,Gold,"Open pit, Underground",,,,,,,Australia,AUS,AUS.11_1,AUS.11.61_1,,,det_1441,
1213,COM01213.00,South Stock,,,,Mine,Coal,Thermal coal,,,,,,,,South Africa,ZAF,NA,NA,NA,NA,det_1265,
1214,COM01214.00,South Walker Creek,,,,Mine,Coal,Metallurgical bituminous coal,Open pit,1996,,,,,,Australia,AUS,AUS.7_1,AUS.7.34_1,,,det_1135,
1215,COM01215.00,Southern Cross,,,,Mine,Gold,Gold,"Underground, Open pit",,2013,,,,,Australia,AUS,AUS.11_1,AUS.11.139_1,,,det_1462,
1216,COM01216.00,Southern GOK,"PJSC Yuzhniy GOK, Yuzhniy GOK, YuGOK",,,Mine,Iron,Iron,,,,,,,,Ukraine,UKR,UKR.5_1,UKR.5.8_1,,,det_1225,
1217,COM01217.00,Southern Iron,Peculiar Knob,,,Mine,Iron,Iron ore,,,2015,,,,,Australia,AUS,AUS.8_1,AUS.8.61_1,,,det_1469,
1218,COM01218.00,Southern West Virginia Resources,,,,Mine,Coal,Coal,"Underground, Surface",,,,,,,United States of America,USA,NA,NA,NA,NA,det_1422,
1219,COM01219.00,Southstock,South Witbank,,,Mine,Coal,Coal,,,,,,,,South Africa,ZAF,ZAF.6_1,ZAF.6.3_1,ZAF.6.3.3_1,ZAF.6.3.3.26_1,det_1180,
1220,COM01220.00,Spinifex Ridge,,,,Mine,Iron,Iron,,,2015,,,,,Australia,AUS,AUS.11_1,AUS.11.46_1,,,det_1240,
1221,COM01221.00,Spitzkop,,,,Mine,Coal,Coal,,,,,,,,South Africa,ZAF,ZAF.6_1,ZAF.6.2_1,ZAF.6.2.6_1,ZAF.6.2.6.5_1,det_1180,
1222,COM01222.00,Spring Creek,,,,Mine,Coal,Thermal coal,Surface,,,,,,,United States of America,USA,USA.27_1,USA.27.2_1,,,det_1077,
1223,COM01223.00,Springvale,,,,Mine,Coal,Coal,Underground,,,,,,,Australia,AUS,AUS.5_1,AUS.5.83_1,,,det_1591,
1224,COM01224.00,Stagdok,,,,Mine,Other mine,Limestone,Open pit,,,,,,,Russian Federation,RUS,RUS.39_1,RUS.39.16_1,RUS.39.16.1_1,,det_1362,
1225,COM01225.00,Steelton,,,,"Smelter, Refinery",Processing,"Steel, railroad rails, flat bars","Electric arc furnace, bloom caster, ingot teaming facility",,,,,,,United States of America,USA,USA.39_1,USA.39.22_1,,,det_1221,
1226,COM01226.00,Stepnoy,,,,Mine,Coal,Coal,,1993,,,,,,Russian Federation,RUS,RUS.29_1,RUS.29.10_1,RUS.29.10.1_1,,det_1571,
1227,COM01227.00,Stillwater,East Boulder,,,Mine,Other (poly)-metallic,PGM,Underground,,,,,,,United States of America,USA,USA.27_1,USA.27.48_1,,,det_1092,
1228,COM01228.00,Stobie,,,,Mine,Nickel,"Nickel, Copper",,,,,,,,Canada,CAN,CAN.9_1,CAN.9.11_1,CAN.9.11.1_1,,det_1159,
1229,COM01229.00,Stoilensky,"Stoilensky GOK, SGOK, OJSC Stoilensky GOK",,,"Mine, Refinery",Iron,"Iron ore, Iron pellets","Open pit, Pelletizing facility",,,,,,,Russian Federation,RUS,RUS.7_1,RUS.7.21_1,RUS.7.21.1_1,,det_1361,
1230,COM01230.00,Storliden,,,,Mine,Zinc,"Copper, Zinc",,,2008,,,,,Sweden,SWE,SWE.18_1,SWE.18.5_1,,,det_1207,
1231,COM01231.00,Stratford Duralie,Gloucester,,,Mine,Coal,"Semi-soft coking coal, Thermal coal",Open cut,,,,,,,Australia,AUS,AUS.5_1,AUS.5.54_1,,,det_1487,
1232,COM01232.00,Sudbury Integrated Nickel Operations,Sudbury INO,,,Region,Nickel,Nickel,,,,,,,,Canada,CAN,"CAN.9_1 ; CAN.11_1","CAN.9.11_1 ; CAN.11.84_1","CAN.9.11.1_1 ; CAN.11.84.35_1",,det_1178,
1233,COM01233.00,SUEK Buryatia,,,,Mine,Coal,Hard coal,,,,,,,,Russian Federation,RUS,RUS.83_1,RUS.83.27_1,RUS.83.27.1_1,,det_1553,
1234,COM01234.00,SUEK Kemerovo,,,,Mine,Coal,Hard coal,,,,,,,,Russian Federation,RUS,RUS.27_1,"RUS.27.13_1 ; RUS.27.24_1","RUS.27.13.1_1 ; RUS.27.24.1_1",,det_1553,
1235,COM01235.00,SUEK Khabarovsk,"Urgal, Urgalugol OAO",,,Mine,Coal,Hard coal,,,,,,,,Russian Federation,RUS,RUS.28_1,RUS.28.22_1,RUS.28.22.1_1,,det_1553,
1236,COM01236.00,SUEK Khakassia,,,,Mine,Coal,Hard coal,,,,,,,,Russian Federation,RUS,RUS.29_1,"RUS.29.2_1 ; RUS.29.10_1","RUS.29.2.1_1 ; RUS.29.10.1_1",,det_1553,
1237,COM01237.00,SUEK Krasnoyarsk,,,,Mine,Coal,Brown coal,,,,,,,,Russian Federation,RUS,RUS.35_1,"RUS.35.39_1 ; RUS.35.44_1 ; RUS.35.47_1","RUS.35.39.1_1 ; RUS.35.44.1_1 ; RUS.35.47.1_1",,det_1553,
1238,COM01238.00,SUEK Primorye,Primorskugol OAO,,,Mine,Coal,"Hard coal, Brown coal",,,,,,,,Russian Federation,RUS,RUS.56_1,"RUS.56.19_1 ; RUS.56.22_1","RUS.56.19.1_1 ; RUS.56.22.1_1",,det_1553,
1239,COM01239.00,SUEK Zabaikalye,,,,Mine,Coal,"Hard coal, Brown coal",,,,,,,,Russian Federation,RUS,RUS.83_1,"RUS.83.6_1 ; RUS.83.10_1 ; RUS.83.13_1","RUS.83.6.1_1 ; RUS.83.10.1_1 ; RUS.83.13.1_1",,det_1553,
1240,COM01240.00,Sufco,,,,Mine,Coal,Coal,Underground,,,,,,111.492095,United States of America,USA,USA.45_1,USA.45.21_1,,,det_1409,
1241,COM01241.00,Sukari,,,,Mine,Gold,Gold,"Open pit, Underground",,,,,,160,Egypt,EGY,EGY.2_1,EGY.2.5_1,,,det_1000,
1242,COM01242.00,Sukha Balka,,,,Mine,Iron,Iron ore,Underground,,,,,,,Ukraine,UKR,UKR.5_1,UKR.5.7_1,,,det_1560,
1243,COM01243.00,Sunrise Dam,,,,Mine,Gold,Gold,,,,,,,,Australia,AUS,AUS.11_1,AUS.11.71_1,,,det_1057,
1244,COM01244.00,Sycamore and Imperial,"Wolf Run Mining Buckhannon Division, Buckhannon Division, Sycamore No.2, Buckhannon/Spruce Division",,,Mine,Coal,"Coal, Metallurgical coal, Thermal coal",Underground,,,,,,,United States of America,USA,USA.49_1,USA.49.49_1,,,det_1405,
1245,COM01245.00,Syferfontein,,,,Mine,Coal,Coal,Underground,,,,,,,South Africa,ZAF,ZAF.6_1,ZAF.6.2_1,ZAF.6.2.3_1,ZAF.6.2.3.7_1,det_1581,Part of Sasol Secunda Synfuels Complex
1246,COM01246.00,Tabang Project,Tabang Concessions,,,Mine,Coal,Sub-bituminous coal,Open pit,,,,,,,Indonesia,IDN,IDN.15_1,IDN.15.6_1,IDN.15.6.16_1,IDN.15.6.16.18_1,det_1519,
1247,COM01247.00,Taca Taca,,,,Mine,Other mine,"Copper, Gold, Molybdenum",,,,Advanced exploration,2018,,,Argentina,ARG,ARG.17_1,ARG.17.15_1,,,det_1089,
1248,COM01248.00,Taganito,TMC,,,Mine,Other (poly)-metallic,Nickel,,,,,,,,Philippines,PHL,PHL.74_1,PHL.74.4_1,PHL.74.4.13_1,,det_1443,
1249,COM01249.00,Taganito HPAL Nickel Corporation,,,,Refinery,Processing,Refined Nickel,High Pressure Acid Leaching plant,2013,,,,,,Philippines,PHL,PHL.74_1,PHL.74.4_1,PHL.74.4.13_1,,det_1447,
1250,COM01250.00,Tahmoor,,,,Mine,Coal,"Metallurgical coal, Thermal coal",Underground,,,,,,,Australia,AUS,AUS.5_1,AUS.5.148_1,,,det_1194,
1251,COM01251.00,Tajo Norte,Colquijirca,,,Mine,Zinc,"Zinc, Lead, Silver",Open Pit,,,,,,,Peru,PER,PER.20_1,PER.20.3_1,PER.20.3.11_1,,det_1339,
1252,COM01252.00,Talabira,,,,Mine,Coal,Coal,Open pit,,,,,,,India,IND,IND.26_1,IND.26.28_1,IND.26.28.3_1,,det_1590,
1253,COM01253.00,Taldybulak Levoberezhny,"Altynken, Altynken LLC",,,Mine,Gold,Gold,Underground,2006,,,,,,Kyrgyzstan,KGZ,KGZ.3_1,KGZ.3.4_1,,,det_1316,
1254,COM01254.00,Tallering Peak,,,,Mine,Iron,Iron ore,,2003,2015,,,,,Australia,AUS,AUS.11_1,AUS.11.86_1,,,det_1502,
1255,COM01255.00,Tambomayo,,,,Mine,Gold,"Gold, Silver, Lead, Zinc",Underground,2016,,,,,,Peru,PER,PER.4_1,PER.4.5_1,PER.4.5.16_1,,det_1333,
1256,COM01256.00,Tanami,,,,Mine,Gold,Gold,Underground,1983,,,,,,Australia,AUS,AUS.6_1,AUS.6.4_1,,,det_1005,
1257,COM01257.00,Tanjung Enim,"Tanjung Enim Mining Unit, UPTE",,,Mine,Coal,Coal,Open pit,,,,,,650.98,Indonesia,IDN,IDN.31_1,IDN.31.5_1,IDN.31.5.6_1,"IDN.31.5.6.3_1 ; IDN.31.5.6.7_1",det_1512,
1258,COM01258.00,Tantahuatay,Coimolache,,,Mine,Gold,"Gold, Silver",Open Pit,2011,,,,,,Peru,PER,PER.6_1,PER.6.7_1,PER.6.7.2_1,,det_1338,
1259,COM01259.00,Tapira,,,,Mine,Other mine,Phosphate,Open pit,,,,,,,Brazil,BRA,BRA.13_1,BRA.13.804_1,BRA.13.804.1_1,,det_1161,
1260,COM01260.00,Taquari-Vassouras,,,,Mine,Other (poly)-metallic,Potash,Underground,,,,,,,Brazil,BRA,BRA.26_1,BRA.26.60_1,BRA.26.60.1_1,,det_1162,
1261,COM01261.00,Tara,,,,Mine,Zinc,"Zinc, Lead, Silver",Underground,,,,,,,Ireland,IRL,IRL.17_1,,,,det_1124,
1262,COM01262.00,Taranto steel plant,Ilva,,,"Smelter, Refinery",Processing,Steel,,,,,,,,Italy,ITA,ITA.2_1,ITA.2.6_1,ITA.2.6.28_1,,det_1218,
1263,COM01263.00,Tarong,,,,Mine,Coal,"Coal, Thermal coal",,,,,,,,Australia,AUS,AUS.7_1,AUS.7.60_1,,,det_1073,
1264,COM01264.00,Tashan,,,,Mine,Coal,Coal,Underground,2006,,,,,,China,CHN,CHN.25_1,CHN.25.2_1,CHN.25.2.1_1,,det_1583,
1265,COM01265.00,Tasiast,,,,Mine,Other (poly)-metallic,Gold,Open pit,,,,,,,Mauritania,MRT,MRT.9_1,MRT.9.1_1,,,det_1051,
1266,COM01266.00,Tau Lekoa,,,,Mine,Gold,Gold,,,,,,,,South Africa,ZAF,ZAF.7_1,ZAF.7.2_1,ZAF.7.2.1_1,ZAF.7.2.1.21_1,det_1059,
1267,COM01267.00,TauTona,,,,Mine,Gold,Gold,Underground,,2017,,,,,South Africa,ZAF,ZAF.3_1,ZAF.3.5_1,ZAF.3.5.1_1,ZAF.3.5.1.6_1,det_1057,
1268,COM01268.00,Tayan,,,,"Mine, Refinery",Aluminium,"Bauxite, Chemical grade Alumina, Aluminium hydroxide","Bayer process plant, Open pit",2009,,,,,,Indonesia,IDN,IDN.12_1,IDN.12.11_1,IDN.12.11.15_1,IDN.12.11.15.2_1,det_1310,
1269,COM01269.00,Teguh Sinarabadi and Firman Ketaun Perkasa,"TSA, PT Teguh Sinarabadi, FKP, PT Firman Ketaun Perkasa, TSA/FKP",,,Mine,Coal,Bituminous coal,Open pit,2007,,,,,162.15,Indonesia,IDN,IDN.15_1,IDN.15.5_1,"IDN.15.5.4_1 ; IDN.15.5.15_1","IDN.15.5.4.14_1 ; IDN.15.5.15.3_1",det_1522,"Concession Area:   =3505 + 12,710"
1270,COM01270.00,Telfer,,,,Mine,Gold,"Gold, Copper, Silver","Open pit, Underground",,,,,,,Australia,AUS,AUS.11_1,AUS.11.46_1,,,det_1096,
1271,COM01271.00,TEMCO,Tasmanian Electro Metallurgical Company,,,Smelter,Processing,"High-carbon Ferromanganese, silicomanganese, sinter",,,,,,,,Australia,AUS,AUS.9_1,AUS.9.12_1,,,det_1129,
1272,COM01272.00,Temirtau steel plant,"Ispat Karmet, ArcelorMittal Temirtau JSC",,,"Smelter, Refinery",Processing,"Steel, pig iron, continuous caster slab, continuous caster billet, hot-rolled coil, cold-rolled coil cold-rolled sheets, black plates, covers, tin plates, hot dipped galvanized steel, welded pipes and rebars","coke oven batteries, sinter plant, blast furnaces, basic oxygen converter, continuous slab caster, continuous billet caster, hot strip mill, pickling lines, cold rolling mill, continuous annealing lines, batch annealing areas, skin pass mill, tinning line, hot dip galvanizing line, aluminum-zinc coating lines, color coating line, welded pipe mill, bar mill",,,,,,,Kazakhstan,KAZ,KAZ.9_1,KAZ.9.3_1,,,det_1221,
1273,COM01273.00,Tenke Fungurume,"TFM, Tenke",,,Mine,Copper,"Copper, Cobalt",Open pit,2009,,,,,,DR Congo,COD,COD.15_1,COD.15.5_1,,,det_1170,
1274,COM01274.00,Thabazimbi,,,,Mine,Iron,Iron ore,,,,,,,,South Africa,ZAF,ZAF.5_1,ZAF.5.5_1,ZAF.5.5.6_1,ZAF.5.5.6.7_1,det_1106,
1275,COM01275.00,Thalanga,"Vomacka, West 45, Waterloo",,,Mine,Copper,"Copper, Lead, Zinc, Gold, Silver",,,,,,,,Australia,AUS,AUS.7_1,AUS.7.17_1,,,det_1457,
1276,COM01276.00,The Boliden Area,,,,Mine,Zinc,"Copper, Zinc, Lead, Silver, Gold, Tellurium",,,,,,,,Sweden,SWE,SWE.18_1,"SWE.18.4_1 ; SWE.18.7_1 ; SWE.18.9_1",,,det_1124,
1277,COM01277.00,Thompson,,,,Mine,Nickel,Nickel,,,,,,,,Canada,CAN,CAN.3_1,CAN.3.14_1,CAN.3.14.11_1,,det_1159,
1278,COM01278.00,Thunderbox,TBO,,,Mine,Gold,Gold,,2016,,,,,,Australia,AUS,AUS.11_1,AUS.11.72_1,,,det_1499,
1279,COM01279.00,Tia Maria,,,,Mine,Other mine,Copper,,,,in development,,,,Peru,PER,PER.4_1,PER.4.7_1,PER.4.7.1_1,,det_1020,
1280,COM01280.00,Tianchi,Shanxi Nenghua,,,Mine,Coal,Thermal coal,Underground,2006,,,,,,China,CHN,CHN.25_1,CHN.25.4_1,CHN.25.4.1_1,,det_1490,
1281,COM01281.00,Tiandeng,,,,"Mine, Refinery",Other (poly)-metallic,"Manganese, Electrolytic manganese metal",Open pit,1956,,,,,,China,CHN,CHN.7_1,CHN.7.3_1,CHN.7.3.7_1,NA,det_1357,
1282,COM01282.00,Tilden,,,,Mine,Iron,"Iron, Iron ore pellets",Open pit,1974,,,,,,United States of America,USA,USA.23_1,USA.23.56_1,,,det_1233,
1283,COM01283.00,Timan,"Vezhayu-Vorykvinskoye, Verkhne-Schugorskoye, Boksit Timana, JSC Bauxite-Timana",,,Mine,Aluminium,Bauxite,Open pit,,,,,,,Russian Federation,RUS,RUS.32_1,RUS.32.3_1,RUS.32.3.1_1,,det_1278,
1284,COM01284.00,Timmins West & Bell Creek,,,,Mine,Gold,Gold,Underground,2011,,,,,17.12,Canada,CAN,CAN.9_1,CAN.9.5_1,CAN.9.5.23_1,,det_1382,
1285,COM01285.00,Tiwai Point,,,,Smelter,Processing,Aluminium,,,,,,,,New Zealand,NZL,NZL.14_1,NZL.14.2_1,,,det_1065,
1286,COM01286.00,Tohono,,,,Mine,Copper,Copper,,,,,,,,United States of America,USA,USA.3_1,USA.3.11_1,,,det_1169,
1287,COM01287.00,Tomago,,,,Smelter,Processing,Aluminium,,,,,,,,Australia,AUS,AUS.5_1,AUS.5.110_1,,,det_1065,
1288,COM01288.00,Tomusinsky,,,,Mine,Coal,"Coking coal, Thermal coal",Open pit,1959,,,,,6.7,Russian Federation,RUS,RUS.27_1,RUS.27.20_1,RUS.27.20.1_1,,det_1561,part of Southern Kuzbass Coal Company PJSC
1289,COM01289.00,Tongon,,,,Mine,Other mine,Gold,,,,,,,,Cote d'Ivoire,CIV,CIV.10_1,CIV.10.3_1,CIV.10.3.3_1,CIV.10.3.3.1_1,det_1028,
1290,COM01290.00,Toquepala,,,,Mine,Copper,"Copper, Molybdenum, Copper Cathode, Silver","Open pit, SX-EW plant",1960,,,,,,Peru,PER,PER.24_1,PER.24.2_1,PER.24.2.1_1,,det_1014,
1291,COM01291.00,Totten,,,,Mine,Nickel,"Nickel, Copper",,,,,,,,Canada,CAN,CAN.9_1,CAN.9.11_1,CAN.9.11.1_1,,det_1159,
1292,COM01292.00,Touquoy,Atlantic Gold operation,,,Mine,Gold,Gold,"Open pit, Carbon in Leach circuit",2017,,,,,,Canada,CAN,CAN.7_1,CAN.7.8_1,CAN.7.8.2_1,,det_1459,
1293,COM01293.00,Trail Operations,,,,"Refinery, Smelter",Processing,"Zinc, Lead",,,,,,,,Canada,CAN,CAN.2_1,CAN.2.16_1,CAN.2.16.12_1,,det_1084,
1294,COM01294.00,Tres Valles,,,,Mine,Copper,Copper,"Open Pit, Underground",,,,,,,Chile,CHL,CHL.7_1,CHL.7.1_1,CHL.7.1.4_1,,det_1162,
1295,COM01295.00,Tritton,Tritton Copper Operations,,,Mine,Copper,"Copper, Gold, Silver",Underground,2004,,,,,,Australia,AUS,AUS.5_1,AUS.5.16_1,,,det_1433,
1296,COM01296.00,Tropicana,,,,Mine,Gold,Gold,,,,,,,,Australia,AUS,AUS.11_1,AUS.11.77_1,,,det_1057,
1297,COM01297.00,Tselentis,,,,Mine,Coal,Coal,,,,,,,,South Africa,ZAF,ZAF.6_1,ZAF.6.2_1,ZAF.6.2.6_1,ZAF.6.2.6.6_1,det_1180,
1298,COM01298.00,Tshikondeni,,,,Mine,Coal,Metallurgical coal,,,,,,,,South Africa,ZAF,ZAF.5_1,ZAF.5.4_1,ZAF.5.4.3_1,ZAF.5.4.3.5_1,det_1551,
1299,COM01299.00,Tuhup,PT Asmin Koalindo Tuhup,,,Mine,Coal,Metallurgical coal,,2009,,,,9.1673,216.3,Indonesia,IDN,IDN.14_1,IDN.14.10_1,"IDN.14.10.1_1 ; IDN.14.10.2_1","IDN.14.10.1.7_1 ; IDN.14.10.2.16_1",det_1523,
1300,COM01300.00,Tujuh Bukit,,,,Mine,Gold,"Gold, Copper","Open pit, leaching plant",2017,,,,,,Indonesia,IDN,IDN.11_1,IDN.11.2_1,IDN.11.2.14_1,IDN.11.2.14.4_1,det_1533,
1301,COM01301.00,Tulawaka,,,,Mine,Gold,Gold,"Open Pit, Underground",,2013,inactive,2020,,,Tanzania,TZA,TZA.6_1,TZA.6.1_1,TZA.6.1.5_1,,det_1133,
1302,COM01302.00,Tunnel Ridge Complex,,,,Mine,Coal,Coal,Underground,2010,,,,,,United States of America,USA,USA.49_1,USA.49.35_1,,,det_1411,
1303,COM01303.00,Tuscarawas,"East Canton, Garrett, Schupp, Hunt",,,Mine,Coal,Bituminous coal,Surface,2003,,,,,,United States of America,USA,NA,NA,NA,NA,det_1431,
1304,COM01304.00,Tusky,,,,Mine,Other mine,Bituminous coal,Surface,2003,,,,,,United States of America,USA,USA.36_1,USA.36.80_1,,,det_1431,
1305,COM01305.00,Tuticorin,,,,"Refinery, Smelter",Processing,"Copper rod, Copper anode, Copper cathode, Sulphuric acid, Phosphoric acid",,,,,,,,India,IND,IND.31_1,IND.31.25_1,IND.31.25.6_1,,det_1307,
1306,COM01306.00,Tweefontein,,,,Mine,Coal,Thermal coal,,,,,,,,South Africa,ZAF,ZAF.6_1,ZAF.6.3_1,ZAF.6.3.3_1,ZAF.6.3.3.26_1,det_1267,
1307,COM01307.00,Twentymile,,,,Mine,Coal,Thermal coal,Underground,,,,,,,United States of America,USA,USA.6_1,USA.6.55_1,,,det_1390,
1308,COM01308.00,Twin Creeks Operation,Turquise Ridge Operations,,,Mine,Gold,Gold,"Open pit, Underground",,,,,,,United States of America,USA,USA.29_1,USA.29.8_1,,,det_1007,
1309,COM01309.00,Twistdraai Thubelisha,"Twistdraai, Thubelisha shaft",,,Mine,Coal,Coal,Underground,,,,,,,South Africa,ZAF,ZAF.6_1,ZAF.6.2_1,ZAF.6.2.3_1,ZAF.6.2.3.7_1,det_1581,Part of Sasol Secunda Synfuels Complex
1310,COM01310.00,Two Rivers,,,,Mine,Other (poly)-metallic,"Platinum, Palladium, Rhodium, Ruthenium, Iridium, Gold, Nickel, Copper, Chrome",Underground,2007,,,,,,South Africa,ZAF,ZAF.5_1,ZAF.5.3_1,ZAF.5.3.4_1,ZAF.5.3.4.25_1,det_1266,6E = Platinum + Palladium + Rhodium + Ruthenium + Iridium + Gold
1311,COM01311.00,Tyrone,,,,Mine,Copper,Copper,"Open pit, SX-EW",1967,,,,125.85859,,United States of America,USA,USA.32_1,USA.32.10_1,,,det_1167,
1312,COM01312.00,U. S. Steel Kosice,USSK,,,"Refinery, Smelter",Processing,Steel,,,,,,,,Slovakia,SVK,SVK.3_1,SVK.3.4_1,,,det_1262,
1313,COM01313.00,Ubuntu,,,,Mine,Coal,Thermal coal,,2020,,,,,,South Africa,ZAF,ZAF.6_1,ZAF.6.3_1,ZAF.6.3.6_1,ZAF.6.3.6.7_1,det_1546,
1314,COM01314.00,Uchucchacua,,,,Mine,Silver,"Silver, Lead, Zinc, Manganese",Underground,1975,,,,,,Peru,PER,PER.16_1,PER.16.8_1,PER.16.8.5_1,,det_1335,
1315,COM01315.00,Ulan,,,,Mine,Coal,Thermal coal,"Underground, Open pit",,,,,,,Australia,AUS,AUS.5_1,AUS.5.90_1,,,det_1193,
1316,COM01316.00,Union Reefs,,,,Mine,Gold,Gold,,,2004,,,,,Australia,AUS,AUS.6_1,AUS.6.15_1,,,det_1061,
1317,COM01317.00,United,,,,Mine,Coal,Coal,,,,,,,,Australia,AUS,AUS.5_1,AUS.5.118_1,,,det_1180,
1318,COM01318.00,United Coal Company,,,,Region,Coal,"Coking coal, Thermal coal","Undergroung, Open pit",,,,,,,United States of America,USA,NA,NA,NA,NA,det_1231,
1319,COM01319.00,United Taconite,,,,Mine,Iron,"Iron, Iron ore pellets",Open pit,1965,,,,,,United States of America,USA,USA.24_1,USA.24.70_1,,,det_1233,
1320,COM01320.00,Unki,,,,Mine,Other (poly)-metallic,"Platinum, Palladium",,,,,,,,Zimbabwe,ZWE,ZWE.10_1,ZWE.10.7_1,,,det_1103,
1321,COM01321.00,Ural Steel,,,,"Refinery, Smelter",Processing,"Pig Iron, Steel","Sinter Plant, Blast furnace",1955,,,,,,Russian Federation,RUS,RUS.53_1,RUS.53.27_1,RUS.53.27.1_1,,det_1246,
1322,COM01322.00,Urals Works,"Urals Aluminium Smelter, Urals Alumina Refinery",,,"Refinery, Smelter",Processing,"Alumina, Alumina hydrate, Aluminium",Bayer process plant,1939,,,,,,Russian Federation,RUS,RUS.66_1,RUS.66.17_1,RUS.66.17.1_1,,det_1290,
1323,COM01323.00,Urucum,,,,Mine,Iron,"Iron, Manganese","Open Pit, Underground, Benefication Plant",,,,,,,Brazil,BRA,BRA.11_1,BRA.11.68_1,BRA.11.68.1_1,,det_1159,Part of Vale's Midwestern System
1324,COM01324.00,V.I. Lenina,,,,Mine,Coal,Coking coal,Underground,1953,,,,,11.2,Russian Federation,RUS,RUS.27_1,RUS.27.20_1,RUS.27.20.1_1,,det_1561,part of Southern Kuzbass Coal Company PJSC
1325,COM01325.00,Vale New Caledonia,,,,Mine,Nickel,Nickel,,,,,,,,New Caledonia,NCL,NCL.3_1,NCL.3.8_1,,,det_1159,
1326,COM01326.00,Vale Oman Pellet Operation,,,,Refinery,Processing,Iron ore pellets,,,,,,,,Oman,OMN,OMN.2_1,OMN.2.3_1,,,det_1159,
1327,COM01327.00,Vale Tubarao,,,,Refinery,Processing,Iron ore pellets,,,,,,,,Brazil,BRA,BRA.8_1,BRA.8.78_1,BRA.8.78.1_1,,det_1159,
1328,COM01328.00,Valesul,,,,Smelter,Processing,Aluminium,,,,,,,,Brazil,BRA,BRA.19_1,BRA.19.67_1,BRA.19.67.26_1,,det_1166,
1329,COM01329.00,Vargem Grande,,,,"Mine, Refinery",Iron,"Iron, Iron ore pellets","Open Pit, Benefication Plant",,,,,,,Brazil,BRA,BRA.13_1,BRA.13.523_1,BRA.13.523.1_1,,det_1159,Part of Vale's Southern System
1330,COM01330.00,Vedanta Goa mines,,,,Region,Iron,Iron ore,Open pit,,,,,,,India,IND,IND.10_1,"IND.10.1_1 ; IND.10.2_1","IND.10.1.1_1 ; IND.10.2.5_1",,det_1309,
1331,COM01331.00,Veladero,,,,Mine,Gold,Gold,,,,,,,,Argentina,ARG,ARG.18_1,ARG.18.7_1,,,det_1033,
1332,COM01332.00,Ventanas,División Ventanas,,,"Smelter, Refinery",Processing,Copper cathodes,,1964,,,,,,Chile,CHL,CHL.16_1,CHL.16.7_1,CHL.16.7.4_1,,det_1171,
1333,COM01333.00,Vergenoeg,,,,Mine,Other mine,Fluorspar,,,,,,,,South Africa,ZAF,ZAF.3_1,ZAF.3.2_1,ZAF.3.2.1_1,ZAF.3.2.1.105_1,det_1451,
1334,COM01334.00,Viking,,,,Mine,Coal,Thermal coal,Surface,,2014,,,,,United States of America,USA,USA.15_1,USA.15.14_1,,,det_1391,
1335,COM01335.00,Vindex,Vindex Energy Corporation,,,Mine,Coal,"Metallurgical coa, Thermal coal",Surface,,2016,,,,165.51821,United States of America,USA,USA.47_1,USA.47.4_1,,,det_1404,
1336,COM01336.00,Vinogradovsky,,,,Mine,Coal,Coal,Open pit,,,,,,,Russian Federation,RUS,RUS.27_1,RUS.27.3_1,RUS.27.3.1_1,,det_1573,
1337,COM01337.00,Vinton,,,,"Smelter, Refinery",Processing,"Steel, rebar, grinding balls","Electric arc furnace, continuous caster, rolling mill",,,,,,,United States of America,USA,USA.44_1,USA.44.70_1,,,det_1221,
1338,COM01338.00,Viper,"Illinois, ICG Illinois",,,Mine,Coal,Thermal coal,Underground,,,,,,,United States of America,USA,USA.14_1,USA.14.85_1,,,det_1399,
1339,COM01339.00,Vizag,,,,Smelter,Processing,Refined Zinc,"Hydrometallurgical zinc smelter, Sulphuric acid plant",1977,2012,,,,,India,IND,IND.2_1,IND.2.10_1,IND.2.10.8_1,,det_1308,
1340,COM01340.00,Volgograd Aluminium Smelter,,,,Smelter,Processing,"Aluminium, Aluminium ingots, flotation cryolite, anode mass, green and fired anode blocks",,1959,,,,,,Russian Federation,RUS,RUS.77_1,RUS.77.9_1,RUS.77.9.1_1,,det_1299,
1341,COM01341.00,Volkhov Aluminium Smelter,,,,Smelter,Processing,Aluminium,,,2013,,,,,Russian Federation,RUS,NA,NA,NA,NA,det_1303,
1342,COM01342.00,Vorkutaugol,OAO Vorkutaugol,,,Mine,Coal,"Hard coking coal, Semi-soft coking coal, Thermal coal, Coking coal concentrate","Open pit, Underground",1933,,,,,,Russian Federation,RUS,RUS.32_1,RUS.32.21_1,RUS.32.21.1_1,,det_1249,
1343,COM01343.00,VP-8,VP 8,,,Mine,Coal,Coal,Underground,1993,,,,,,United States of America,USA,NA,NA,NA,NA,det_1422,
1344,COM01344.00,Vygenhoek,,,,Mine,Other mine,PGM,,,,Project,2018,,,South Africa,ZAF,NA,NA,NA,NA,det_1092,
1345,COM01345.00,Wabush,Wabush Scully,,,Mine,Iron,"Iron, Iron ore pellets",Open pit,1965,2014,,,,,Canada,CAN,CAN.5_1,CAN.5.1_1,CAN.5.1.6_1,,det_1234,
1346,COM01346.00,Wafi-Golpu,,,,Mine,Other mine,"Copper, Gold","Open pit, Underground",,,Exploration,2018,,,Papua New Guinea,PNG,PNG.14_1,PNG.14.1_1,,,det_1096,
1347,COM01347.00,Wagerup Alumina Refinery,,,,Refinery,Processing,Alumina,,,,,,,,Australia,AUS,AUS.11_1,AUS.11.128_1,,,det_1270,
1348,COM01348.00,Wahana Baratama,"WBM, PT Wahana Baratama Mining",,,Mine,Coal,Bituminous coal,Open pit,2007,,,,,78.11,Indonesia,IDN,IDN.13_1,IDN.13.12_1,IDN.13.12.6_1,IDN.13.12.6.14_1,det_1520,
1349,COM01349.00,Waifu,,,,Mine,Other mine,Manganese,,,,,,,,China,CHN,CHN.7_1,CHN.7.1_1,CHN.7.1.3_1,NA,det_1358,
1350,COM01350.00,Waihi,,,,Mine,Gold,Gold,"Open Pit, Underground",1988,,,,,,New Zealand,NZL,NZL.17_1,NZL.17.2_1,,,det_1359,
1351,COM01351.00,Wambo,,,,Mine,Coal,"Thermal coal, Coking coal","Surface, Underground",,,,,,,Australia,AUS,AUS.5_1,AUS.5.118_1,,,det_1390,
1352,COM01352.00,Warrick Aluminium Smelter,,,,Smelter,Processing,Aluminium,,,,,,,,United States of America,USA,USA.15_1,USA.15.88_1,,,det_1270,
1353,COM01353.00,Warrior Complex,Warrior Coal,,,Mine,Coal,Coal,Underground,1985,,,,,,United States of America,USA,USA.18_1,USA.18.54_1,,,det_1411,
1354,COM01354.00,Watagan,,,,Company,Coal,"Semi-soft coking coal, Semi-hard coking coal",,,,,,,,Australia,AUS,AUS.5_1,"AUS.5.32_1 ; AUS.5.118_1",,,det_1487,
1355,COM01355.00,Weipa,Weipa/Ely,,,Mine,Aluminium,"Bauxite, Aluminium",,,,,,,,Australia,AUS,AUS.7_1,AUS.7.20_1,,,det_1065,
1356,COM01356.00,Wells,"Black Stallion, Campbell’s Creek No. 10, River’s Edge",,,Mine,Coal,Metallurgical coal,Underground,,,,,,,United States of America,USA,USA.49_1,USA.49.3_1,,,det_1397,
1357,COM01357.00,Wenatchee Aluminium Smelter,,,,Smelter,Processing,Aluminium,,,,,,,,United States of America,USA,USA.48_1,USA.48.4_1,,,det_1270,
1358,COM01358.00,Wenyu,Inner Mongolia Xintai,,,Mine,Coal,Thermal coal,Underground,1997,,,,9.4,,China,CHN,CHN.19_1,NA,NA,NA,det_1490,
1359,COM01359.00,Werris Creek,,,,Mine,Coal,Coal,Open cut,2005,,active,2020,,,Australia,AUS,AUS.5_1,AUS.5.85_1,,,det_1542,
1360,COM01360.00,West Elk,,,,Mine,Coal,Thermal coal,Underground,,,,,,,United States of America,USA,USA.6_1,USA.6.27_1,,,det_1399,
1361,COM01361.00,West Wallsend,,,,Mine,Coal,"Metallurgical coal, Thermal coal",Underground,,2016,,,,,Australia,AUS,AUS.5_1,AUS.5.78_1,,,det_1194,
1362,COM01362.00,Western Allegheny,Western Allegheny–Knob Creek,,,Mine,Coal,Coal,Underground,,,,,,,United States of America,USA,USA.39_1,USA.39.32_1,,,det_1417,
1363,COM01363.00,Western Coalfields Limited,WCL,,,Mine,Coal,"Coking coal, Thermal coal","Open pit, Underground",,,,,,,India,IND,"IND.19_1 ; IND.20_1","IND.19.12_1 ; IND.20.8_1 ; IND.20.19_1 ; IND.20.36_1","IND.19.12.3_1 ; IND.20.8.1_1 ; IND.20.8.3_1 ; IND.20.8.8_1 ; IND.20.19.10_1 ; IND.20.19.12_1 ; IND.20.19.13_1 ; IND.20.36.13_1",,det_1503,
1364,COM01364.00,Western Range Project,"ArcelorMittal Liberia, AMLH",,,Mine,Iron,Iron,Open pit,2011,,,,,,Liberia,LBR,LBR.12_1,LBR.12.3_1,LBR.12.3.6_1,,det_1218,
1365,COM01365.00,Westside,,,,Mine,Coal,Thermal coal,Open pit,1992,2012,,,,,Australia,AUS,AUS.5_1,AUS.5.78_1,,,det_1194,
1366,COM01366.00,Wetar,Wetar/Morowali,,,Mine,Copper,Copper,"Open pit, SX-EW plant",2010,,,,,,Indonesia,IDN,IDN.19_1,IDN.19.5_1,IDN.19.5.8_1,IDN.19.5.8.22_1,det_1534,
1367,COM01367.00,Wharf,Golden Reward,,,Mine,Gold,Gold,,,,,,,,United States of America,USA,USA.42_1,USA.42.40_1,,,det_1155,
1368,COM01368.00,Whim Creek,,,,Mine,Copper,Copper,"Open pit, SX-EW",2005,,,,,,Australia,AUS,AUS.11_1,AUS.11.108_1,,,det_1435,
1369,COM01369.00,Whitewood,,,,Mine,Coal,Thermal coal,,1956,2010,,,,,Canada,CAN,CAN.1_1,CAN.1.2_1,CAN.1.2.30_1,,det_1430,
1370,COM01370.00,Wild Boar,,,,Mine,Coal,Thermal coal,Surface,,,,,,,United States of America,USA,USA.15_1,USA.15.88_1,,,det_1390,
1371,COM01371.00,Wildcat Hills/Cottage Grove,Sugar Camp Coal,,,Mine,Coal,Thermal coal,"Underground, Surface",,2019,,,,,United States of America,USA,USA.14_1,USA.14.84_1,,,det_1390,
1372,COM01372.00,Wilkie Creek,,,,Mine,Coal,Thermal coal,Surface,,2010,,,,,Australia,AUS,AUS.7_1,AUS.7.69_1,,,det_1393,
1373,COM01373.00,Wilpinjong,,,,Mine,Coal,Thermal coal,Surface,2006,,,,,,Australia,AUS,AUS.5_1,AUS.5.90_1,,,det_1389,
1374,COM01374.00,Wiluna,,,,Mine,Gold,Gold,"Open pit, Underground",2016,,,,,,Australia,AUS,AUS.11_1,AUS.11.133_1,,,det_1501,
1375,COM01375.00,Windalco,,,,"Mine, Refinery",Aluminium,"Bauxite, Alumina, Alumina hydrate",Open pit,,,,,,,Jamaica,JAM,"JAM.4_1 ; JAM.8_1",,,,det_1280,
1376,COM01376.00,Windsor,,,,Mine,Coal,Coal,Underground,,2002,,,,,United States of America,USA,NA,NA,NA,NA,det_1425,
1377,COM01377.00,Wodgina,,,,Mine,Other (poly)-metallic,Lithium,,,,,,,,Australia,AUS,AUS.11_1,AUS.11.104_1,,,det_1242,
1378,COM01378.00,Worsley,Boddington Bauxite mine,,,"Mine, Refinery",Other mine,"Alumina, Bauxite",,,,,,,,Australia,AUS,AUS.11_1,AUS.11.27_1,,,det_1147,
1379,COM01379.00,Wulagen,"Xinjiang Zijin Zinc Industry, Wuqia Jinwang, Wuqia County Jinwang Mining Development Company Limited",,,Mine,Zinc,"Zinc, Lead",Open Pit,,,,,,,China,CHN,CHN.28_1,CHN.28.11_1,CHN.28.11.4_1,NA,det_1328,
1380,COM01380.00,Xiaoguan,,,,Mine,Aluminium,Bauxite,"Open pit, Underground",,,active,2019,,,China,CHN,CHN.12_1,CHN.12.16_1,NA,NA,det_1273,
1381,COM01381.00,Xiaoyi,,,,Mine,Aluminium,Bauxite,Open pit,,,active,2019,,,China,CHN,CHN.25_1,CHN.25.6_1,CHN.25.6.11_1,NA,det_1273,
1382,COM01382.00,Xinghua Technology,,,,Refinery,Processing,Alumina,,,,,,,,China,CHN,CHN.25_1,NA,NA,NA,det_1274,
1383,COM01383.00,Xinji Mining Area,,,,Mine,Coal,Coal,,,,,,,,China,CHN,CHN.1_1,"CHN.1.7_1 ; CHN.1.10_1","CHN.1.7.2_1 ; CHN.1.7.6_1 ; CHN.1.10.1_1",,det_1594,
1384,COM01384.00,Xinjiang Jinbao,"Xinjiang Jinbao Mining Company Limited, Xinjiang Jinbao Mengku Iron Mine, Xinjiang Mengku Iron Mine",,,Mine,Iron,Iron ore,,2004,,,,,,China,CHN,CHN.28_1,NA,NA,NA,det_1331,
1385,COM01385.00,Xuchang,Yuzhong,,,Mine,Aluminium,Bauxite,"Open pit, Underground",,,active,2019,,,China,CHN,CHN.12_1,CHN.12.16_1,NA,NA,det_1274,
1386,COM01386.00,Yabulu,,,,Refinery,Processing,"Nickel, Cobalt",,,,,,,,Australia,AUS,AUS.7_1,AUS.7.67_1,,,det_1137,
1387,COM01387.00,Yakovlevskiy,"Yakovlevsky GOK, Yakovlev",,,Mine,Iron,Iron,,1997,,,,,,Russian Federation,RUS,RUS.7_1,RUS.7.27_1,RUS.7.27.1_1,,det_1250,
1388,COM01388.00,Yanacocha,,,,Mine,Gold,"Gold, Silver","Open pit, Underground",1993,,,,,1218.1169,Peru,PER,PER.6_1,PER.6.2_1,PER.6.2.5_1,,det_1010,
1389,COM01389.00,Yancoal International,,,,Mine,Coal,Thermal coal,Open pit,,,,,,,Australia,AUS,"AUS.7_1 ; AUS.11_1","AUS.7.69_1 ; AUS.11.27_1",,,det_1489,
1390,COM01390.00,Yandi,Yandi Joint venture,,,Mine,Iron,Iron,Open pit,1992,,,,,,Australia,AUS,AUS.11_1,AUS.11.46_1,,,det_1135,
1391,COM01391.00,Yangcun,,,,Mine,Coal,Thermal coal,Underground,1988,,,,,,China,CHN,CHN.23_1,CHN.23.6_1,CHN.23.6.9_1,,det_1490,
1392,COM01392.00,Yangquan,,,,Mine,Aluminium,Bauxite,Open pit,,,active,2019,,,China,CHN,CHN.25_1,CHN.25.10_1,NA,NA,det_1274,
1393,COM01393.00,Yankuang metallurgic coke plant,,,,Refinery,Processing,"Metallurgical coke, methanol, tar oil, benzene",,,,,,,,China,CHN,CHN.23_1,CHN.23.6_1,CHN.23.6.9_1,NA,det_1162,
1394,COM01394.00,Yanzhou Shandong Area,The Company,,,Region,Coal,Thermal coal,Underground,,,,,,,China,CHN,CHN.23_1,"CHN.23.6_1 ; CHN.23.16_1","CHN.23.6.2_1 ; CHN.23.6.9_1 ; CHN.23.16.3_1",,det_1489,
1395,COM01395.00,Yarrabee,,,,Mine,Coal,Semi-anthracite pulverised coal injection (PCI) coal,Open cut,,,,,,,Australia,AUS,AUS.7_1,AUS.7.16_1,,,det_1488,
1396,COM01396.00,Yarwun,Comalco Alumina Refinery,,,Refinery,Processing,Alumina,,2004,,,,,,Australia,AUS,AUS.7_1,AUS.7.27_1,,,det_1065,
1397,COM01397.00,Yatela,,,,Mine,Gold,Gold,Heap leaching plant,,,,,,,Mali,MLI,MLI.3_1,MLI.3.3_1,MLI.3.3.8_1,MLI.3.3.8.1_1,det_1057,
1398,COM01398.00,Yauli,Yauli UEA,,,Mine,Zinc,"Zinc, Silver, Lead, Copper","Open pit, Underground",,,,,,,Peru,PER,PER.12_1,PER.12.9_1,PER.12.9.10_1,,det_1374,
1399,COM01399.00,Yauricocha,,,,Mine,Zinc,"Silver, Gold, Zinc, Lead, Copper",Underground,1948,,,,,,Peru,PER,PER.16_1,PER.16.9_1,PER.16.9.1_1,,det_1385,
1400,COM01400.00,Yenakiieve Steel,PrJSC Yenakiieve Iron and Steel Works,,,"Refinery, Smelter",Processing,"Iron, Steel",,,,,,,,Ukraine,UKR,UKR.6_1,UKR.6.11_1,,,det_1227,
1401,COM01401.00,Yilgarn Project,,,,Mine,Iron,Iron,,,,,,,,Australia,AUS,AUS.11_1,AUS.11.139_1,,,det_1241,
1402,COM01402.00,Yintai Inner Mongolia,,,,Mine,Coal,Coal,,,,,,,,China,CHN,CHN.19_1,CHN.19.7_1,"CHN.19.7.2_1 ; CHN.19.7.3_1 ; CHN.19.7.5_1",,det_1580,
1403,COM01403.00,Yixingzhai,"Shanxi Zijin Yixingzhai, Fanshi Yixingzhai Gold Mining Company Limited, Shanxi Zijin",,,Mine,Gold,"Gold, Silver",Underground,,,,,,,China,CHN,CHN.25_1,CHN.25.9_1,CHN.25.9.4_1,,det_1320,
1404,COM01404.00,Yubileyno-Snegirikhinsky,,,,Mine,Copper,"Copper, Zinc, Gold, Silver",,,2016,,,,,Kazakhstan,KAZ,NA,NA,NA,NA,det_1122,
1405,COM01405.00,Yueyang,"Fujian Wuping Zijin Mining Company Limited, Wuping Zijin",,,Mine,Silver,Silver,,,,,,,,China,CHN,CHN.4_1,CHN.4.2_1,CHN.4.2.5_1,NA,det_1321,
1406,COM01406.00,Yunnan Huaxi,"Yunnan Huaxi Mining Company Limited, Yuanyang Huaxi",,,Mine,Silver,Silver,,,,,,,,China,CHN,CHN.30_1,CHN.30.15_1,CHN.30.15.3_1,NA,det_1330,
1407,COM01407.00,Yuzhkuzbassugol,,,,Mine,Coal,Metallurgical coal,,,,,,,,Russian Federation,RUS,RUS.27_1,"RUS.27.17_1 ; RUS.27.20_1","RUS.27.17.1_1 ; RUS.27.20.1_1",,det_1556,
1408,COM01408.00,Yuzhnaya,,,,Mine,Coal,Coking coal,Underground,,,,,,,Russian Federation,RUS,RUS.27_1,RUS.27.10_1,RUS.27.10.1_1,,det_1561,
1409,COM01409.00,Zafranal,,,,Mine,Other mine,"Gold, Copper",,,,,,,,Peru,PER,PER.4_1,PER.4.4_1,PER.4.4.7_1,,det_1088,
1410,COM01410.00,Zaldivar,,,,Mine,Copper,"Copper, Copper cathodes",,,,,,,,Chile,CHL,CHL.2_1,CHL.2.1_1,CHL.2.1.1_1,,det_1173,
1411,COM01411.00,Zaporizhia Coke,PrJSC Zaporozhcoke,,,Refinery,Processing,Coke,,,,,,,,Ukraine,UKR,UKR.26_1,UKR.26.24_1,,,det_1225,
1412,COM01412.00,Zaporizhstal,Zaporizhstal Group,,,Smelter,Processing,Steel,Blast furnace,,,,,,,Ukraine,UKR,UKR.26_1,UKR.26.24_1,,,det_1227,
1413,COM01413.00,Zaporozhye Alumina Refinery,,,,Refinery,Processing,Alumina,,,,,,,,Ukraine,UKR,UKR.26_1,UKR.26.24_1,,,det_1291,
1414,COM01414.00,Zaragoza steel plant,,,,"Smelter, Refinery",Processing,"Steel, steel rebar, merchant bar","Electric arc furnace, continuous caster, rolling mill",,,,,,,Spain,ESP,ESP.2_1,ESP.2.3_1,ESP.2.3.2_1,ESP.2.3.2.61_1,det_1221,
1415,COM01415.00,Zarechnaya,North-Polysaevskaya,,,Mine,Coal,Coal,Underground,1953,,,,,,Russian Federation,RUS,NA,NA,NA,NA,det_1574,
1416,COM01416.00,Zawar,,,,Mine,Zinc,"Lead, Zinc",Underground,,,,,,,India,IND,IND.29_1,IND.29.33_1,IND.29.33.7_1,,det_1307,
1417,COM01417.00,Zenica steel plant,,,,"Smelter, Refinery",Processing,"Steel, long steel, forged steel","Coke oven batteries, sinter plant, electric arc furnace, blast furnace, basic oxygen converter, continuous caster, ingot caster, rolling mills, forge shop, power plant",,,,,,,Bosnia and Herzegovina,BIH,BIH.2_1,BIH.2.10_1,BIH.2.10.10_1,,det_1221,
1418,COM01418.00,Zeravshan,"JV Zeravshan LLC, ZGC",,,Mine,Gold,Gold,"Open Pit, Underground",2007,,,,,,Tajikistan,TJK,TJK.4_1,TJK.4.11_1,TJK.4.11.10_1,,det_1313,
1419,COM01419.00,Zhaolou,"Heze Nenghua, Heze Neng Hua Company Ltd.",,,Mine,Coal,Coking coal,Underground,2009,,,,,,China,CHN,CHN.23_1,CHN.23.4_1,CHN.23.4.9_1,,det_1490,
1420,COM01420.00,Zhengzhou Institute,Research Institute,,,"Refinery, Smelter",Processing,"Alumina, Aluminium",,,,,,,,China,CHN,CHN.12_1,CHN.12.16_1,NA,NA,det_1274,
1421,COM01421.00,Zhezkazgan Annensky,Annensky,,,Mine,Copper,"Copper, Silver",,,,,,,,Kazakhstan,KAZ,KAZ.9_1,KAZ.9.8_1,,,det_1123,
1422,COM01422.00,Zhezkazgan East and West,,,,Mine,Copper,"Copper, Silver",,,,,,,,Kazakhstan,KAZ,KAZ.9_1,KAZ.9.8_1,,,det_1123,
1423,COM01423.00,Zhezkazgan North,,,,Mine,Copper,"Copper, Silver",,,,,,,,Kazakhstan,KAZ,KAZ.9_1,KAZ.9.8_1,,,det_1123,
1424,COM01424.00,Zhezkazgan Smelter,,,,Smelter,Processing,"Copper cathodes, Copper rod",,,,,,,,Kazakhstan,KAZ,KAZ.9_1,KAZ.9.8_1,,,det_1123,
1425,COM01425.00,Zhezkazgan South and Stepnoy,,,,Mine,Copper,"Copper, Silver",,,,,,,,Kazakhstan,KAZ,KAZ.9_1,KAZ.9.8_1,,,det_1123,
1426,COM01426.00,Zhezkazgan Zhomart,Zhomart,,,Mine,Copper,"Copper, Silver",,,,,,,,Kazakhstan,KAZ,KAZ.9_1,KAZ.9.8_1,,,det_1123,
1427,COM01427.00,Zhongzhou Aluminum,"Zhongzhou branch, Chalco Zhongzhou",,,Refinery,Processing,Alumina,,1993,,,,,,China,CHN,CHN.12_1,NA,NA,NA,det_1274,
1428,COM01428.00,Zhunge’er Mines,Shenhua Zhunge’er Energy Co.,,,Mine,Coal,"Coal, Long flame coal",Open pit,,,,,,,China,CHN,CHN.19_1,CHN.19.7_1,CHN.19.7.5_1,,det_1376,
1429,COM01429.00,Zibulo,Zondagsfontein,,,Mine,Coal,Thermal coal,,,,,,,,South Africa,ZAF,ZAF.6_1,ZAF.6.3_1,ZAF.6.3.3_1,ZAF.6.3.3.24_1,det_1103,
1430,COM01430.00,Zijinshan,Fujian Zijinshan,,,Mine,Gold,"Gold, Copper, Copper cathodes, Silver",Open Pit,1980,,,,30,,China,CHN,CHN.4_1,CHN.4.2_1,CHN.4.2.4_1,,det_1315,
1431,COM01431.00,Zincor,,,,Refinery,Processing,Zinc,,,,,,,,South Africa,ZAF,ZAF.3_1,ZAF.3.3_1,ZAF.3.3.1_1,ZAF.3.3.1.76_1,det_1109,
1432,COM01432.00,Zinkgruvan,,,,Mine,Zinc,"Lead, Silver, Copper, Zinc",,1857,,,,,,Sweden,SWE,SWE.11_1,SWE.11.1_1,,,det_1075,
1433,COM01433.00,Zondernaam,,,,Mine,Other mine,PGM,,,,Project,2018,,,South Africa,ZAF,NA,NA,NA,NA,det_1092,
1434,COM01434.00,Zululand Anthracite Collieries,,,,Mine,Coal,Thermal coal,,,,,,,,South Africa,ZAF,ZAF.4_1,ZAF.4.11_1,ZAF.4.11.4_1,ZAF.4.11.4.7_1,det_1137,
1435,COM01435.00,Zunyi,"Zunyi Alumina, Zunyi Aluminum",,,"Mine, Refinery, Smelter",Aluminium,"Bauxite, Alumina, Aluminium","Open pit, Underground",,,active,2019,,,China,CHN,CHN.8_1,CHN.8.9_1,NA,NA,det_1274,
1436,COM00007.01,AGA Mineracao,,Cuiaba,,Mine,Gold,Gold,Underground,,,,,,,Brazil,BRA,,,,,det_1600,
1437,COM00007.02,AGA Mineracao,,Lamego,,Mine,Gold,Gold,Underground,,,,,,,Brazil,BRA,,,,,det_1600,
1438,COM00007.03,AGA Mineracao,,Corrego do Sitio 1,,Mine,Gold,Gold,"Open pit, Underground",1989,,,,,,Brazil,BRA,,,,,det_1600,
1439,COM00007.04,AGA Mineracao,,Corrego do Sitio 2,,Mine,Gold,Gold,"Open pit, Underground",1989,,,,,,Brazil,BRA,,,,,det_1600,
1440,COM00009.01,Ahafo,,Ahafo South,,Mine,Gold,Gold,"Open pit, Underground",,,,,,,Ghana,GHA,,,,,det_1595,
1441,COM00009.02,Ahafo,,Ahafo North,,Mine,Gold,Gold,,,,,,,,Ghana,GHA,,,,,det_1595,
1442,COM00010.01,AHMSA Monclova Steel Plant,,AHMSA Monclova Steel Plant 1,,"Smelter, Refinery",Processing,Crude Steel,,,,,,,,Mexico,MEX,,,,,det_1371,
1443,COM00010.02,AHMSA Monclova Steel Plant,,AHMSA Monclova Steel Plant 2,,"Smelter, Refinery",Processing,Crude Steel,,,,,,,,Mexico,MEX,,,,,det_1371,
1444,COM00024.01,Alpamarca,,Rio Pallanga,,Mine,Silver,,Underground,,,,,,,Peru,PER,,,,,det_1374,
1445,COM00024.02,Alpamarca,,Alpamarca,,Mine,Silver,,Open pit,,,,,,,Peru,PER,,,,,det_1374,
1446,COM00024.03,Alpamarca,,Romina-Puagjanca,,Mine,Silver,,,,,,,,,Peru,PER,,,,,det_1374,
1447,COM00038.01,Amurugol AO,,Erkovetskiy,,Mine,Coal,Coal,Open pit,,,,,,,Russian Federation,RUS,,,,,det_1572,
1448,COM00038.02,Amurugol AO,,Severo-Vostochniy,,Mine,Coal,Coal,Open pit,,,,,,,Russian Federation,RUS,,,,,det_1572,
1449,COM00049.01,Antapaccay,,Tintaya,,Mine,Copper,Copper,,,2012,,,,,Peru,PER,,,,,det_1621,
1450,COM00049.02,Antapaccay,,Coroccohuayco,,Mine,Copper,Copper,,,,,,,,Peru,PER,,,,,det_1621,
1451,COM00055.01,Anyuan,,Anyuan,,Mine,Coal,Thermal coal,,2004,,,,,,China,CHN,,,,,det_1490,
1452,COM00055.02,Anyuan,,Zhuanlongwan,,Mine,Coal,Thermal coal,,2016,,,,,,China,CHN,,,,,det_1490,
1453,COM00061.01,ArcelorMittal Gipuzkoa,,Olaberria,,"Smelter, Refinery",Processing,"Electric arc furnace, continuous casters, section rolling mill",,,,,,,,Spain,ESP,,,,,det_1221,
1454,COM00061.02,ArcelorMittal Gipuzkoa,,Bergara,,"Smelter, Refinery",Processing,"Electric arc furnace, continuous casters, rolling mill",,,,,,,,Spain,ESP,,,,,det_1221,
1455,COM00061.03,ArcelorMittal Gipuzkoa,,Zumarraga,,"Smelter, Refinery",Processing,"Electric arc furnace, continuous casters, wire rod rolling mill, bar rolling mill",,,,,,,,Spain,ESP,,,,,det_1221,
1456,COM00070.01,Arvida,,Arvida AP60,,Smelter,Processing,Aluminium high purity,,,,,,,,Canada,CAN,,,,,det_1065,Production started in 2013 at the Arvida AP60 Technology Center
1457,COM00070.02,Arvida,,Arvida,,Smelter,Processing,Aluminium,,,,,,,,Canada,CAN,,,,,det_1065,
1458,COM00086.01,Bakan,,Bakan,,Mine,Gold,Gold,Heap leaching plant,2013,,,,,,Indonesia,IDN,,,,,det_1532,
1459,COM00086.02,Bakan,,North Lanut,,Mine,Gold,Gold,Heap leaching plant,2004,,,,,,Indonesia,IDN,,,,,det_1532,
1460,COM00087.01,Balangan,,PT Semesta Centramas (SCM),,Mine,Coal,Coal,,,,,,,,Indonesia,IDN,,,,,det_1508,
1461,COM00087.02,Balangan,,PT Laskar Semesta Alam (LSA),,Mine,Coal,Coal,,,,,,,,Indonesia,IDN,,,,,det_1508,
1462,COM00087.03,Balangan,,PT Paramitha Cipta Sarana (PCS),,Mine,Coal,Coal,,,,,,,,Indonesia,IDN,,,,,det_1508,
1463,COM00095.01,Baotou Mines,,Shuiquan,Shuiquan Open-cut Mine,Mine,Coal,Coal,,,,,,,,China,CHN,,,,,det_1637,
1464,COM00095.02,Baotou Mines,,Adaohai,,Mine,Coal,Coal,,,,,,,,China,CHN,,,,,det_1637,
1465,COM00095.03,Baotou Mines,,Lijiahao,,Mine,Coal,Coal,,,,,,,,China,CHN,,,,,det_1637,
1466,COM00098.01,Barberton,,Fairview,,Mine,Gold,Gold,,,,,,,,South Africa,ZAF,,,,,det_1451,
1467,COM00098.02,Barberton,,Sheba,,Mine,Gold,Gold,,,,,,,,South Africa,ZAF,,,,,det_1451,
1468,COM00098.03,Barberton,,Consort,,Mine,Gold,Gold,,,,,,,,South Africa,ZAF,,,,,det_1451,
1469,COM00106.01,Bauxite Company of Guyana,,Linden,,Mine,Aluminium,Bauxite,,,,,,,,Guyana,GUY,,,,,det_1277,
1470,COM00106.02,Bauxite Company of Guyana,,Kwakwani,,Mine,Aluminium,Bauxite,,,,,,,,Guyana,GUY,,,,,det_1277,
1471,COM00106.03,Bauxite Company of Guyana,,Ituni,,Mine,Aluminium,Bauxite,,,,,,,,Guyana,GUY,,,,,det_1277,
1472,COM00125.01,Berezovskaya,,Pervomayskaya,,Mine,Coal,Metallurgical coal,,1975,,,,,,Russian Federation,RUS,,,,,det_1220,
1473,COM00129.01,Bharat Coking Coal Limited,,Barora,"Muraidih, Phularitand, Damod, Madhuband",Mine,Coal,Coal,"Open pit, Underground",,,,,,,India,IND,,,,,det_1654,located on the western end of Jharia Coalfield
1474,COM00129.02,Bharat Coking Coal Limited,,Block II,"Block 2, Nudkhurkee, Benedih, Jamunia,",Mine,Coal,"Coking coal, Steam coal",,,,,,,,India,IND,,,,,det_1655,
1475,COM00129.03,Bharat Coking Coal Limited,,Govindpur,"Katrasgarh, Maheshpur, Kharkhari, Nawagarh, Tundoo",Mine,Coal,Coal,,,,,,,,India,IND,,,,,det_1656,
1476,COM00129.04,Bharat Coking Coal Limited,,Katras,"Salanpur, Angarapathra – Ramkanali, West Mudidih-Keshalpur, Gaslitand Katras Chaitudih",Mine,Coal,Coal,"Open pit, Underground",,,,,,,India,IND,,,,,det_1657,
1477,COM00129.05,Bharat Coking Coal Limited,,Sijua,"Mudidih, Kankanee, Loyabad, Bansdeopur, Sendra Bansjora, Tetulmari, Nichitpur",Mine,Coal,Coal,,,,,,,,India,IND,,,,,det_1658,
1478,COM00129.06,Bharat Coking Coal Limited,,Kusunda,"East Bassuriya, Gondudih Khas Kusunda, New Godhar Kusunda Alkusa, Dhansar Industry, Ena",Mine,Coal,Coal,,,,,,,,India,IND,,,,,det_1659,
1479,COM00129.07,Bharat Coking Coal Limited,,PB Area,"Putkee Balihari Project, P.B.Project, KB.10/12, Bhagaband, Gopalichak, Kenduadia",Mine,Coal,Coal,,,,,,,,India,IND,,,,,det_1660,
1480,COM00129.08,Bharat Coking Coal Limited,,WJ Area,,Mine,Coal,Coal,,,,,,,,India,IND,,,,,det_1661,
1481,COM00129.09,Bharat Coking Coal Limited,,Bastacolla,,Mine,Coal,Coal,,,,,,,,India,IND,,,,,det_1662,
1482,COM00129.10,Bharat Coking Coal Limited,,Lodna,,Mine,Coal,Coal,,,,,,,,India,IND,,,,,det_1663,
1483,COM00129.11,Bharat Coking Coal Limited,,EJ Area,,Mine,Coal,Coal,,,,,,,,India,IND,,,,,det_1663,
1484,COM00129.12,Bharat Coking Coal Limited,,Canch/Victoria,,Mine,Coal,Coal,,,,,,,,India,IND,,,,,det_1663,
1485,COM00134.01,Binungan,,Site Binungan,,Mine,Coal,Coal,,,,,,,,Indonesia,IDN,,,,,det_1515,
1486,COM00134.02,Binungan,,Site Binungan 2,,Mine,Coal,Coal,,,,,,,,Indonesia,IDN,,,,,det_1515,
1487,COM00134.03,Binungan,,Binungan,,Mine,Coal,Coal,,,,,,,,Indonesia,IDN,,,,,det_1515,
1488,COM00139.01,Black Mountain,,Black Mountain,,Mine,Other (poly)-metallic,"Zinc, Copper, Lead, Silver",Underground,,,,,,,South Africa,ZAF,,,,,det_1307,
1489,COM00139.02,Black Mountain,,Gamsberg,,Mine,Other (poly)-metallic,"Zinc, Copper, Lead, Silver",Open pit,2019,,,,,,South Africa,ZAF,,,,,det_1307,
1490,COM00141.01,Black Thunder,,Black Thunder,,Mine,Coal,Thermal coal,,,,,,,,United States of America,USA,,,,,det_1409,
1491,COM00141.02,Black Thunder,,Jacobs Ranch,,Mine,Coal,Thermal coal,,,,,,,,United States of America,USA,,,,,det_1409,
1492,COM00148.01,Bluegrass,,Freedom,,Mine,Coal,Thermal coal,Underground,,,,,,,United States of America,USA,,,,,det_1642,
1493,COM00148.02,Bluegrass,,Patriot,,Mine,Coal,Thermal coal,Surface,,,,,,,United States of America,USA,,,,,det_1642,
1494,COM00181.01,Burbanks,,Coogee,,Mine,Gold,Gold,,,,,,,,Australia,AUS,,,,,det_1496,
1495,COM00181.02,Burbanks,,Wattle Dam,,Mine,Gold,Gold,Underground,,,,,,,Australia,AUS,,,,,det_1653,
1496,COM00188.01,Bystrinsky GOK,,Verkhneildikansky,,Mine,Copper,,Open pit,,,,,,,Russian Federation,RUS,,,,,det_1201,
1497,COM00188.02,Bystrinsky GOK,,Bystrinsky-2,,Mine,Copper,,Open pit,,,,,,,Russian Federation,RUS,,,,,det_1201,
1498,COM00190.01,Cadia,,Cadia Hill,,Mine,Gold,,,,,,,,,Australia,AUS,,,,,det_1603,
1499,COM00190.02,Cadia,,Ridgeway,,Mine,Gold,,,,,,,,,Australia,AUS,,,,,det_1603,
1500,COM00190.03,Cadia,,Cadia East,,Mine,Gold,,,,,,,,,Australia,AUS,,,,,det_1603,
1501,COM00190.04,Cadia,,Cadia Valley Operations,,Mine,Gold,,,,,,,,,Australia,AUS,,,,,det_1604,
1502,COM00191.01,Cadiz,,Sandy Ridge,,Mine,Coal,Coal,,,,,,,,United States of America,USA,,,,,det_1431,
1503,COM00191.02,Cadiz,,Harrison,"Harrison Resources, Harrison Mining Complex",Mine,Coal,Coal,,,,,,,,United States of America,USA,,,,,det_1431,
1504,COM00191.03,Cadiz,,Daron,,Mine,Coal,Coal,,,,,,,,United States of America,USA,,,,,det_1431,
1505,COM00191.04,Cadiz,,Harrah,,Mine,Coal,Coal,,,,,,,,United States of America,USA,,,,,det_1431,
1506,COM00197.01,Candelaria,,La Espanola,,Mine,Copper,Copper,,,,,,,,Chile,CHL,,,,,det_1168,
1507,COM00197.02,Candelaria,,Ojos del Salado,,Mine,Copper,Copper,Underground,1929,,,,,63.94102,Chile,CHL,,,,,det_1168,
1508,COM00201.01,Capcoal,,German Creek,,Mine,Coal,"Metallurgical coal, Thermal coal",,,,,,,,Australia,AUS,,,,,det_1115,
1509,COM00201.02,Capcoal,,Grasstree,,Mine,Coal,Metallurgical coal,,,,,,,,Australia,AUS,,,,,det_1115,
1510,COM00205.01,Carlin,,Gold Quarry,,Mine,Gold,Gold,Open pit,,,,,,,United States of America,USA,,,,,det_1007,
1511,COM00205.02,Carlin,,Emigrant,Rain,Mine,Gold,Gold,Open pit,,2018,,,,,United States of America,USA,,,,,det_1006,
1512,COM00205.03,Carlin,,Chukar,,Mine,Gold,Gold,Underground,,,,,,,United States of America,USA,,,,,det_1007,
1513,COM00205.04,Carlin,,Exodus,,Mine,Gold,Gold,Underground,,,,,,,United States of America,USA,,,,,det_1007,
1514,COM00205.05,Carlin,,Pete Bajo,,Mine,Gold,Gold,Underground,,,,,,,United States of America,USA,,,,,det_1007,
1515,COM00205.06,Carlin,,Leeville,,Mine,Gold,Gold,Underground,,,,,,,United States of America,USA,,,,,det_1007,
1516,COM00205.07,Carlin,,Carlin East,,Mine,Gold,Gold,Underground,,,,,,,United States of America,USA,,,,,det_1596,
1517,COM00205.08,Carlin,,Deep Post,,Mine,Gold,Gold,Underground,,,,,,,United States of America,USA,,,,,det_1597,
1518,COM00208.01,Carosue Dam,,Karari,,Mine,Gold,Gold,,,,,,,,Australia,AUS,,,,,det_1499,
1519,COM00208.02,Carosue Dam,,Dervish,,Mine,Gold,Gold,,,,,,,,Australia,AUS,,,,,det_1499,
1520,COM00210.01,Casa de Pedra,,Pires,,Concentrator,Iron,Iron,,,,,,,,Brazil,BRA,,,,,det_1222,
1521,COM00210.02,Casa de Pedra,,Engenho,,Mine,Iron,Iron,Open pit,1950,,,,,,Brazil,BRA,,,,,det_1222,
1522,COM00220.01,Centinela,,Esperanza,,Mine,Copper,Copper,,,,,,,,Chile,CHL,,,,,det_1172,
1523,COM00220.02,Centinela,,El Tesoro,,Mine,Copper,Copper,,,,,,,,Chile,CHL,,,,,det_1172,
1524,COM00221.01,Central Coalfields Limited,,Govindpur project,,Mine,Coal,Coal,,,,,,,,India,IND,,,,,det_1503,
1525,COM00221.02,Central Coalfields Limited,,Kathara,,Mine,Coal,Coal,,,,,,,,India,IND,,,,,det_1503,
1526,COM00221.03,Central Coalfields Limited,,Karma,,Mine,Coal,Coal,,,,,,,,India,IND,,,,,det_1503,
1527,COM00221.04,Central Coalfields Limited,,Kantaghar,,Mine,Coal,Coal,,,,,,,,India,IND,,,,,det_1503,
1528,COM00221.05,Central Coalfields Limited,,Religara,,Mine,Coal,Coal,,,,,,,,India,IND,,,,,det_1503,
1529,COM00221.06,Central Coalfields Limited,,Birsa,,Mine,Coal,Coal,,,,,,,,India,IND,,,,,det_1503,
1530,COM00221.07,Central Coalfields Limited,,Kedla,,Mine,Coal,Coal,Underground,,,,,,,India,IND,,,,,det_1503,
1531,COM00221.08,Central Coalfields Limited,,Kocp,,Mine,Coal,Coal,,,,,,,,India,IND,,,,,det_1503,
1532,COM00221.09,Central Coalfields Limited,,Tapin North,,Mine,Coal,Coal,,,,,,,,India,IND,,,,,det_1503,
1533,COM00221.10,Central Coalfields Limited,,BGR,,Mine,Coal,Coal,,,,,,,,India,IND,,,,,det_1503,
1534,COM00221.11,Central Coalfields Limited,,Rajrappa,,Mine,Coal,Coal,,,,,,,,India,IND,,,,,det_1503,
1535,COM00221.12,Central Coalfields Limited,,Piparwar,,Mine,Coal,Coal,,,,,,,,India,IND,,,,,det_1503,
1536,COM00221.13,Central Coalfields Limited,,Ashoka,,Mine,Coal,Coal,,,,,,,,India,IND,,,,,det_1503,
1537,COM00221.14,Central Coalfields Limited,,Amlo,,Mine,Coal,Coal,,,,,,,,India,IND,,,,,det_1503,
1538,COM00221.15,Central Coalfields Limited,,Tarmi,,Mine,Coal,Coal,,,,,,,,India,IND,,,,,det_1503,
1539,COM00221.16,Central Coalfields Limited,,Kargali,,Mine,Coal,Coal,,,,,,,,India,IND,,,,,det_1503,
1540,COM00221.17,Central Coalfields Limited,,Amrapali,,Mine,Coal,Coal,,,,,,,,India,IND,,,,,det_1503,
1541,COM00221.18,Central Coalfields Limited,,Magadh 1,,Mine,Coal,Coal,,,,,,,,India,IND,,,,,det_1503,
1542,COM00221.19,Central Coalfields Limited,,Magadh 2,,Mine,Coal,Coal,,,,,,,,India,IND,,,,,det_1503,
1543,COM00221.20,Central Coalfields Limited,,Giridih,,Mine,Coal,Coal,,,,,,,,India,IND,,,,,det_1503,
1544,COM00222.01,Central GOK,,Hleyevatskyi,,Mine,Iron,Iron,Open pit,,,,,,,Ukraine,UKR,,,,,det_1624,
1545,COM00222.02,Central GOK,,Petrovskyi,,Mine,Iron,Iron,Open pit,,,,,,,Ukraine,UKR,,,,,det_1624,
1546,COM00222.03,Central GOK,,Artyomovskyi,,Mine,Iron,Iron,Open pit,,,,,,,Ukraine,UKR,,,,,det_1624,
1547,COM00222.04,Central GOK,,Ordzhonikidze,,Mine,Iron,Iron,Open pit,,,,,,,Ukraine,UKR,,,,,det_1624,
1548,COM00223.01,Central Murchison Gold Project,,Meekatharra Gold Operations,,Mine,Gold,Gold,,,,,,,,Australia,AUS,,,,,det_1439,
1549,COM00223.02,Central Murchison Gold Project,,Cue Gold Operations,,Mine,Gold,Gold,,,,,,,,Australia,AUS,,,,,det_1439,
1550,COM00227.01,Cerro de Pasco,,Paragsha,,Mine,Zinc,,Underground,,,,,,,Peru,PER,,,,,det_1374,
1551,COM00227.02,Cerro de Pasco,,Raúl Rojas,Tajo Raúl Rojas,Mine,Zinc,,Open pit,,,,,,,Peru,PER,,,,,det_1374,
1552,COM00227.03,Cerro de Pasco,,Vinchos,,Mine,Zinc,,,,,,,,,Peru,PER,,,,,det_1374,
1553,COM00227.04,Cerro de Pasco,,San Sebastian,,Mine,Zinc,,,,,,,,,Peru,PER,,,,,det_1374,
1554,COM00230.01,Cerro Negro,,Euroka,,Mine,Gold,Gold,Underground,,,,,,,Argentina,ARG,,,,,det_1151,
1555,COM00230.02,Cerro Negro,,Mariana Central,,Mine,Gold,Gold,Underground,,,,,,,Argentina,ARG,,,,,det_1151,
1556,COM00230.03,Cerro Negro,,Mariana Norte,,Mine,Gold,Gold,Underground,,,,,,,Argentina,ARG,,,,,det_1151,
1557,COM00230.04,Cerro Negro,,Emilia,,Mine,Gold,Gold,Underground,,,,,,,Argentina,ARG,,,,,det_1151,
1558,COM00230.05,Cerro Negro,,San Marcos,,Mine,Gold,Gold,Underground,,,,,,,Argentina,ARG,,,,,det_1151,
1559,COM00242.01,Chanderiya Smelter,,Pyrometallurgical lead-zinc smelter,,Smelter,Processing,"Lead, Zinc",,,,,,,,India,IND,,,,,det_1307,
1560,COM00242.02,Chanderiya Smelter,,First hydrometallurgical zinc smelter,,Smelter,Processing,Zinc,,,,,,,,India,IND,,,,,det_1307,
1561,COM00242.03,Chanderiya Smelter,,Second hydrometallurgical zinc smelter,,Smelter,Processing,Zinc,,,,,,,,India,IND,,,,,det_1307,
1562,COM00242.04,Chanderiya Smelter,,Lead smelter,,Smelter,Processing,"Lead, Zinc",,,,,,,,India,IND,,,,,det_1307,
1563,COM00250.01,Chibuluma South,,Chifupu,,Mine,Copper,Copper,,,,,,,,Zambia,ZMB,,,,,det_1450,
1564,COM00250.02,Chibuluma South,,Chibuluma South,,Mine,Copper,Copper,,,,,,,,Zambia,ZMB,,,,,det_1450,
1565,COM00257.01,Chungar,,Animon,,Mine,Zinc,,Underground,,,,,,,Peru,PER,,,,,det_1374,
1566,COM00257.02,Chungar,,Islay,,Mine,Zinc,,Underground,,,,,,,Peru,PER,,,,,det_1374,
1567,COM00257.03,Chungar,,Islay mine processed at Cerro de Pasco,,Mine,Zinc,,Underground,,,,,,,Peru,PER,,,,,det_1374,Some of the ore from the Islay mine is processed at the Cerro de Pasco Unit.
1568,COM00263.01,Cliffs Logan County Coal,,Powellton,,Mine,Coal,Metallurgical coal,Underground,2008,,,,,,United States of America,USA,,,,,det_1237,
1569,COM00263.02,Cliffs Logan County Coal,,Lower War Eagle,,Mine,Coal,Metallurgical coal,Underground,2012,,,,,,United States of America,USA,,,,,det_1237,
1570,COM00263.03,Cliffs Logan County Coal,,The Toney Fork,,Mine,Coal,Thermal coal,Open pit,2005,,,,,,United States of America,USA,,,,,det_1237,
1571,COM00272.01,Codelco Norte,,Chuquicamata,División Chuquicamata,Mine,Copper,"Copper, Copper cathodes, Gold, Silver",Open pit,1997,,,,,,Chile,CHL,,,,,det_1171,
1572,COM00272.02,Codelco Norte,,Radomiro Tomic,División Radomiro Tomic,Mine,Copper,"Copper, Copper cathodes",Open pit,1915,,,,,,Chile,CHL,,,,,det_1171,
1573,COM00274.01,Coermotibo and Onverdacht,,Coermotibo,,Mine,Aluminium,Bauxite,Open pit,,,,,,,Suriname,SUR,,,,,det_1627,
1574,COM00274.02,Coermotibo and Onverdacht,,Onverdacht,,Mine,Aluminium,Bauxite,Open pit,,,,,,,Suriname,SUR,,,,,det_1627,
1575,COM00276.01,Collahuasi,,Rosario,,Mine,Copper,Copper,Open pit,,,,,,,Chile,CHL,,,,,det_1607,
1576,COM00276.02,Collahuasi,,Ujina,,Mine,Copper,Copper,Open pit,,,,,,,Chile,CHL,,,,,det_1607,
1577,COM00285.01,Cooke,,Cooke Shaft 1,,Mine,Gold,Gold,Underground,,,,,,,South Africa,ZAF,,,,,det_1092,
1578,COM00285.02,Cooke,,Cooke Shaft 2,,Mine,Gold,Gold,Underground,,,,,,,South Africa,ZAF,,,,,det_1092,
1579,COM00285.03,Cooke,,Cooke Shaft 3,,Mine,Gold,Gold,Underground,,,,,,,South Africa,ZAF,,,,,det_1092,
1580,COM00285.04,Cooke,,Cooke Shaft 4,,Mine,Gold,Gold,Underground,,,,,,,South Africa,ZAF,,,,,det_1092,
1581,COM00293.01,Corridor G,,Job 21,Hobet 21,Mine,Coal,Coal,,,,,,,,United States of America,USA,,,,,det_1397,
1582,COM00293.02,Corridor G,,Hill Fork,,Mine,Coal,Coal,,,,,,,,United States of America,USA,,,,,det_1641,
1583,COM00294.01,Cortez,,Pipeline,,Mine,Gold,Gold,Open pit,,,,,,,United States of America,USA,,,,,det_1024,
1584,COM00294.02,Cortez,,Cortez Hills,,Mine,Gold,Gold,"Open pit, Underground",,,,,,,United States of America,USA,,,,,det_1024,
1585,COM00312.01,Darby,,Darby Fork,,Mine,Coal,,,,,,,,,United States of America,USA,,,,,det_1405,
1586,COM00312.02,Darby,,Powell Mountain,,Mine,Coal,,,,,,,,,United States of America,USA,,,,,det_1405,
1587,COM00314.01,Darling Range Mines,,Huntly,,Mine,Aluminium,Bauxite,Open pit,,,,,,,Australia,AUS,,,,,det_1270,
1588,COM00314.02,Darling Range Mines,,Willowdale,,Mine,Aluminium,Bauxite,Open pit,,,,,,,Australia,AUS,,,,,det_1270,
1589,COM00317.01,Datong Coal Industry,,Xinzhou Kiln,,Mine,Coal,Coal,Underground,2006,,,,,,China,CHN,,,,,det_1583,
1590,COM00317.02,Datong Coal Industry,,Meiyukou,,Mine,Coal,Coal,Underground,,,,,,,China,CHN,,,,,det_1677,
1591,COM00317.03,Datong Coal Industry,,Yanzishan,,Mine,Coal,Coal,Underground,,,,,,,China,CHN,,,,,det_1677,
1592,COM00317.04,Datong Coal Industry,,Silaogou,,Mine,Coal,Coal,Underground,,,,,,,China,CHN,,,,,det_1677,
1593,COM00318.01,Datun,,Yaoqiao,,Mine,Coal,Coal,Underground,,,,,,,China,CHN,,,,,det_1579,
1594,COM00318.02,Datun,,Kongzhuang,,Mine,Coal,Coal,Underground,,,,,,,China,CHN,,,,,det_1579,
1595,COM00318.03,Datun,,Xuzhuang,,Mine,Coal,Coal,Underground,,,,,,,China,CHN,,,,,det_1579,
1596,COM00318.04,Datun,,Longdong,,Mine,Coal,Coal,Underground,,,,,,,China,CHN,,,,,det_1579,
1597,COM00327.01,DeGrussa,,DeGrussa,,Mine,Copper,"Copper, Gold",,,,,,,,Australia,AUS,,,,,det_1485,
1598,COM00327.02,DeGrussa,,Monty,,Mine,Copper,"Copper, Gold",,,,,,,,Australia,AUS,,,,,det_1485,
1599,COM00345.01,Drummond Cesar,,La Loma,,Mine,Coal,Coal,Open pit,,,,,,,Colombia,COL,,,,,det_1593,
1600,COM00345.02,Drummond Cesar,,El Descanso,,Mine,Coal,Coal,Open pit,,,,,,,Colombia,COL,,,,,det_1593,
1601,COM00345.03,Drummond Cesar,,Pribbenow,,Mine,Coal,Coal,Open pit,,,,,,,Colombia,COL,,,,,det_1593,
1602,COM00346.01,DTEK Dobropolyeugol,,Dobropilske,Dobropilska,Mine,Coal,Coal,Underground,,,,,,,Ukraine,UKR,,,,,det_1585,
1603,COM00346.02,DTEK Dobropolyeugol,,Bilozerske,Bilozerskaya,Mine,Coal,Coal,Underground,,,,,,,Ukraine,UKR,,,,,det_1585,
1604,COM00348.01,DTEK Pavlohradcoal,,Ternivske,,Mine,Coal,Coal,,,,,,,,Ukraine,UKR,,,,,det_1585,
1605,COM00348.02,DTEK Pavlohradcoal,,Pavlogradske,Pavlohradska,Mine,Coal,Coal,Underground,,,,,,,Ukraine,UKR,,,,,det_1585,
1606,COM00348.03,DTEK Pavlohradcoal,,Geroiv Kosmosu,Heroes of Space,Mine,Coal,Coal,Underground,,,,,,,Ukraine,UKR,,,,,det_1585,
1607,COM00348.04,DTEK Pavlohradcoal,,Dniprovske,Dniprovska,Mine,Coal,Coal,Underground,,,,,,,Ukraine,UKR,,,,,det_1585,
1608,COM00348.05,DTEK Pavlohradcoal,,Pershotravneve,,Mine,Coal,Coal,,,,,,,,Ukraine,UKR,,,,,det_1585,
1609,COM00349.01,DTEK Rovenkyanthracite,,V. V. Vakhrushev,,Mine,Coal,Coal,Underground,,,,,,,Ukraine,UKR,,,,,det_1586,
1610,COM00349.02,DTEK Rovenkyanthracite,,M. V. Frunze,,Mine,Coal,Coal,Underground,,,,,,,Ukraine,UKR,,,,,det_1586,
1611,COM00354.01,Duketon,,Garden Well,,Mine,Gold,Gold,,2012,,,,,,Australia,AUS,,,,,det_1498,
1612,COM00354.02,Duketon,,Rosemont,,Mine,Gold,Gold,,2013,,,,,,Australia,AUS,,,,,det_1498,
1613,COM00354.03,Duketon,,Moolart Well,,Mine,Gold,Gold,,2010,,,,,,Australia,AUS,,,,,det_1498,
1614,COM00361.01,Dynamic Energy,,Job 30,,Mine,Coal,Coal,Open pit,1997,,,,,,United States of America,USA,,,,,det_1563,
1615,COM00361.02,Dynamic Energy,,Ben’s Creek 1 (Frontier),,Mine,Coal,Coal,Underground,2007,,,,,,United States of America,USA,,,,,det_1563,
1616,COM00366.01,Eastern Coalfields Limited,,Raniganj,,Mine,Coal,Coal,,,,,,,,India,IND,,,,,det_1664,
1617,COM00366.02,Eastern Coalfields Limited,,Mugma/Salanpur,,Mine,Coal,Coal,,,,,,,,India,IND,,,,,det_1664,
1618,COM00366.03,Eastern Coalfields Limited,,Adra,,Mine,Coal,Coal,,,,,,,,India,IND,,,,,det_1664,
1619,COM00366.04,Eastern Coalfields Limited,,Pirpainti,,Mine,Coal,Coal,,,,,,,,India,IND,,,,,det_1664,
1620,COM00366.05,Eastern Coalfields Limited,,Rajmahal,Wharf Wall,Mine,Coal,Coal,,,,,,,,India,IND,,,,,det_1664,
1621,COM00366.06,Eastern Coalfields Limited,,Kalidaspur,,Mine,Coal,Coal,,,,,,,,India,IND,,,,,det_1664,
1622,COM00366.07,Eastern Coalfields Limited,,Parasea,,Mine,Coal,Coal,,,,,,,,India,IND,,,,,det_1664,
1623,COM00366.08,Eastern Coalfields Limited,,Patmohona,,Mine,Coal,Coal,,,,,,,,India,IND,,,,,det_1664,
1624,COM00366.09,Eastern Coalfields Limited,,Bonjemehari,,Mine,Coal,Coal,,,,,,,,India,IND,,,,,det_1664,
1625,COM00366.10,Eastern Coalfields Limited,,Mohanpur,,Mine,Coal,Coal,,,,,,,,India,IND,,,,,det_1664,
1626,COM00366.11,Eastern Coalfields Limited,,Sonepur Bazari,,Mine,Coal,Coal,,,,,,,,India,IND,,,,,det_1664,
1627,COM00366.12,Eastern Coalfields Limited,,Khottadih,,Mine,Coal,Coal,,,,,,,,India,IND,,,,,det_1664,
1628,COM00366.13,Eastern Coalfields Limited,,Pandaveswar,,Mine,Coal,Coal,,,,,,,,India,IND,,,,,det_1664,
1629,COM00366.14,Eastern Coalfields Limited,,Chitra,,Mine,Coal,Coal,,,,,,,,India,IND,,,,,det_1664,
1630,COM00369.01,Edna May,,Marda,,Mine,Gold,Gold,,,,,,,,Australia,AUS,,,,,det_1495,
1631,COM00369.02,Edna May,,Edna May,,Mine,Gold,Gold,,,,,,,,Australia,AUS,,,,,det_1495,
1632,COM00369.03,Edna May,,Tampia,,Mine,Gold,Gold,,,,,,,,Australia,AUS,,,,,det_1495,
1633,COM00373.01,El Algarrobo,,Algarrobo,,Mine,Iron,Iron ore,,,,,,,,Chile,CHL,,,,,det_1369,
1634,COM00373.02,El Algarrobo,,Cristales,,Mine,Iron,Iron ore,,,,,,,,Chile,CHL,,,,,det_1369,
1635,COM00380.01,El Segundo/Lee Ranch,,El Segundo,,Mine,Coal,Coal,,,,,,,,United States of America,USA,,,,,det_1390,
1636,COM00380.02,El Segundo/Lee Ranch,,Lee Ranch,,Mine,Coal,Coal,,,,,,,,United States of America,USA,,,,,det_1390,
1637,COM00395.01,Ernest Henry and Mount Isa,,Ernest Henry,,Mine,Copper,"Copper, Gold",Underground,,,,,,,Australia,AUS,,,,,det_1178,
1638,COM00395.02,Ernest Henry and Mount Isa,,Mount Isa,,"Mine, Smelter",Copper,"Copper, Copper anode, Lead, Zinc, Silver",Underground,,,,,,,Australia,AUS,,,,,det_1178,
1639,COM00395.03,Ernest Henry and Mount Isa,,Townsville,"CRL, Copper Refinery",Refinery,Copper,Copper cathode,,,,,,,,Australia,AUS,,,,,det_1178,
1640,COM00397.01,Escondida,,Escondia Norte,,Mine,Copper,Copper,Open pit,,,,,,,Chile,CHL,,,,,det_1608,
1641,COM00397.02,Escondida,,Escondida,,Mine,Copper,Copper,Open pit,,,,,,,Chile,CHL,,,,,det_1608,
1642,COM00399.01,Estevan,,Boundary Dam,,Mine,Coal,Coal,,,,,,,,Canada,CAN,,,,,det_1647,
1643,COM00399.02,Estevan,,Bienfait,,Mine,Coal,Coal,,,,,,,,Canada,CAN,,,,,det_1647,
1644,COM00401.01,EVRAZ VGOK,,Magnetitovaya,,Mine,Iron,Iron ore,,,,,,,,Russian Federation,RUS,,,,,det_1559,
1645,COM00401.02,EVRAZ VGOK,,Zapadny,,Mine,Iron,Iron ore,Open pit,,,,,,,Russian Federation,RUS,,,,,det_1559,
1646,COM00401.03,EVRAZ VGOK,,Estuninskaya,,Mine,Iron,Iron ore,,,,,,,,Russian Federation,RUS,,,,,det_1559,
1647,COM00401.04,EVRAZ VGOK,,Yuzhnaya iron ore,,Mine,Iron,Iron ore,,,,,,,,Russian Federation,RUS,,,,,det_1559,
1648,COM00402.01,Evrazruda,,Tashtagol,,Mine,Iron,Iron ore,Underground,,,,,,,Russian Federation,RUS,,,,,det_1558,
1649,COM00402.02,Evrazruda,,Gorno-Shorskaya,,Mine,Iron,Iron ore,Underground,,,,,,,Russian Federation,RUS,,,,,det_1558,
1650,COM00402.03,Evrazruda,,Kazskaya,,Mine,Iron,Iron ore,Underground,,,,,,,Russian Federation,RUS,,,,,det_1558,
1651,COM00404.01,Exxaro Coal Central,,Dorstfontein,"Dorstfontein East, Dorstfontein West",Mine,Coal,Thermal coal,,,,,,,,South Africa,ZAF,,,,,det_1549,
1652,COM00404.02,Exxaro Coal Central,,Forzando,"Forzando North, Forzando South",Mine,Coal,Thermal coal,,,,,,,,South Africa,ZAF,,,,,det_1549,
1653,COM00404.03,Exxaro Coal Central,,Tumelo,,Mine,Coal,Thermal coal,,,,,,,,South Africa,ZAF,,,,,det_1549,
1654,COM00413.01,Ferrexpo Poltava Mining,,Ferrexpo Poltava Mining,,Mine,Iron,Iron ore,Open pit,,,,,,,Ukraine,UKR,,,,,det_1635,
1655,COM00413.02,Ferrexpo Poltava Mining,,Ferrexpo Yeristovo Mining,"FYM, Yerystivske",Mine,Iron,Iron ore,Open pit,,,,,,,Ukraine,UKR,,,,,det_1635,
1656,COM00417.01,FNI Cagdianao,,CAGA 2,,Mine,Nickel,Nickel,,2014,,,,,,Philippines,PHL,,,,,det_1448,
1657,COM00417.02,FNI Cagdianao,,CAGA 4,,Mine,Nickel,Nickel,,2004,,,,,,Philippines,PHL,,,,,det_1448,
1658,COM00421.01,Fortescue Pilbara Region,,Cloudbreak,,Mine,Iron,Iron ore,,,,,,,,Australia,AUS,,,,,det_1355,
1659,COM00421.02,Fortescue Pilbara Region,,Christmas Creek,,Mine,Iron,Iron ore,,,,,,,,Australia,AUS,,,,,det_1355,
1660,COM00421.03,Fortescue Pilbara Region,,Firetail,,Mine,Iron,Iron ore,,,,,,,,Australia,AUS,,,,,det_1355,
1661,COM00421.04,Fortescue Pilbara Region,,Kings and Queens,,Mine,Iron,Iron ore,,,,,,,,Australia,AUS,,,,,det_1355,
1662,COM00421.05,Fortescue Pilbara Region,,Eliwana,,Mine,Iron,Iron ore,,,,,,,,Australia,AUS,,,,,det_1355,
1663,COM00422.01,Fortnum Gold Operations,,Starlight,,Mine,Gold,Gold,,,,,,,,Australia,AUS,,,,,det_1439,
1664,COM00422.02,Fortnum Gold Operations,,Yarlarweelor,,Mine,Gold,Gold,,,,,,,,Australia,AUS,,,,,det_1439,
1665,COM00422.03,Fortnum Gold Operations,,Horseshoe - Cassidy,,Mine,Gold,Gold,,,,,,,,Australia,AUS,,,,,det_1439,
1666,COM00422.04,Fortnum Gold Operations,,Peak Hill,,Mine,Gold,Gold,,,,,,,,Australia,AUS,,,,,det_1439,
1667,COM00480.01,Gibson Complex,,Gibson South,,Mine,Coal,Coal,Underground,2014,,,,,,United States of America,USA,,,,,det_1411,
1668,COM00480.02,Gibson Complex,,Gibson North,,Mine,Coal,Coal,Underground,2000,,,,,,United States of America,USA,,,,,det_1411,
1669,COM00488.01,Goldstrike,,Betze-Post,,Mine,Gold,Gold,Open pit,,,,,,,United States of America,USA,,,,,det_1024,
1670,COM00488.02,Goldstrike,,South Arturo JV,,Mine,Gold,Gold,Open pit,,,,,,,United States of America,USA,,,,,det_1024,
1671,COM00488.03,Goldstrike,,Meikle,,Mine,Gold,Gold,,,,,,,,United States of America,USA,,,,,det_1024,
1672,COM00488.04,Goldstrike,,Goldstrike Underground,,Mine,Gold,Gold,Underground,,,,,,,United States of America,USA,,,,,det_1599,
1673,COM00489.01,Goonyella Riverside,,Goonyella,,Mine,Coal,Thermal bituminous coal,Open pit,1971,,,,,,Australia,AUS,,,,,det_1608,
1674,COM00489.02,Goonyella Riverside,,Riverside,,Mine,Coal,Thermal bituminous coal,Open pit,,,,,,,Australia,AUS,,,,,det_1608,
1675,COM00502.01,Gregory,,Gregory,,Mine,Coal,Thermal bituminous coal,Open pit,,2012,,,,,Australia,AUS,,,,,det_1608,
1676,COM00502.02,Gregory,,Crinum,,Mine,Coal,Thermal bituminous coal,Underground,,2016,,,,,Australia,AUS,,,,,det_1608,
1677,COM00507.01,Guanaco and Amancaya,,Guanaco,,Mine,Gold,Gold,,2010,,,,,,Chile,CHL,,,,,det_1468,
1678,COM00507.02,Guanaco and Amancaya,,Amancaya,,Mine,Gold,Gold,"Open pit, Underground",2017,,,,,,Chile,CHL,,,,,det_1468,
1679,COM00509.01,Guizhou,,Guizhou No. 1,,Mine,Aluminium,Bauxite,,,,,,,,China,CHN,,,,,det_1274,"Located in Xiuwen, Guizhou"
1680,COM00509.02,Guizhou,,Guizhou No. 2,,Mine,Aluminium,Bauxite,,,,,,,,China,CHN,,,,,det_1274,"Located in Qingzhen, Guizhou"
1681,COM00509.03,Guizhou,,Baiyun Aluminium Refinery,,Refinery,Aluminium,"Alumina, Aluminium",,,,,,,,China,CHN,,,,,det_1274,
1682,COM00512.01,Gunnedah,,Tarrawonga,,Mine,Coal,Coal,,,,,,,,Australia,AUS,,,,,det_1541,
1683,COM00512.02,Gunnedah,,Rocglen,,Mine,Coal,Coal,,,,,,,,Australia,AUS,,,,,det_1541,
1684,COM00512.03,Gunnedah,,Sunnyside,,Mine,Coal,Coal,,,,,,,,Australia,AUS,,,,,det_1541,
1685,COM00512.04,Gunnedah,,Gunnedah CHPP,Gunnedah Coal Handling and Preparation Plant,Refinery,Coal,Coal,,,,,,,,Australia,AUS,,,,,det_1541,
1686,COM00512.05,Gunnedah,,Canyon,,Mine,Coal,Coal,,,2009,,,,,Australia,AUS,,,,,det_1675,
1687,COM00517.01,Halls Creek,,Nicolsons,,Mine,Gold,Gold,Underground,,,,,,,Australia,AUS,,,,,det_1494,
1688,COM00517.02,Halls Creek,,Wagtail,,Mine,Gold,Gold,Underground,,,,,,,Australia,AUS,,,,,det_1494,
1689,COM00520.01,Hamersley Mines,,Brockman 2,,Mine,Iron,Iron,Open pit,,,,,,,Australia,AUS,,,,,det_1067,
1690,COM00520.02,Hamersley Mines,,Brockman 4,,Mine,Iron,Iron,Open pit,,,,,,,Australia,AUS,,,,,det_1067,
1691,COM00520.03,Hamersley Mines,,Silvergrass,,Mine,Iron,Iron,Open pit,,,,,,,Australia,AUS,,,,,det_1067,
1692,COM00520.04,Hamersley Mines,,Marandoo,,Mine,Iron,Iron,Open pit,,,,,,,Australia,AUS,,,,,det_1067,
1693,COM00520.05,Hamersley Mines,,Mount Tom Price,,Mine,Iron,Iron,Open pit,,,,,,,Australia,AUS,,,,,det_1067,
1694,COM00520.06,Hamersley Mines,,Nammuldi,,Mine,Iron,Iron,Open pit,,,,,,,Australia,AUS,,,,,det_1067,
1695,COM00520.07,Hamersley Mines,,Paraburdoo,,Mine,Iron,Iron,Open pit,,,,,,,Australia,AUS,,,,,det_1067,
1696,COM00520.08,Hamersley Mines,,Western Turner Syncline,,Mine,Iron,Iron,Open pit,,,,,,,Australia,AUS,,,,,det_1067,
1697,COM00520.09,Hamersley Mines,,Yandicoogina,,Mine,Iron,Iron,Open pit,,,,,,,Australia,AUS,,,,,det_1067,
1698,COM00520.10,Hamersley Mines,,Koodaideri,,Mine,Iron,Iron,Open pit,,,,,,,Australia,AUS,,,,,det_1067,
1699,COM00520.11,Hamersley Mines,,Turee Central,,Mine,Iron,Iron,Open pit,,,,,,,Australia,AUS,,,,,det_1067,
1700,COM00544.01,Hope Downs,,Hope Downs 1,,Mine,Iron,Iron,Open pit,,,,,,,Australia,AUS,,,,,det_1067,
1701,COM00544.02,Hope Downs,,Hope Downs 4,,Mine,Iron,Iron,Open pit,,,,,,,Australia,AUS,,,,,det_1067,
1702,COM00546.01,Hotazel,,Wessels,,Mine,Other mine,Manganese,,,,,,,,South Africa,ZAF,,,,,det_1127,
1703,COM00546.02,Hotazel,,Mamatwan,,Mine,Other mine,Manganese,,,,,,,,South Africa,ZAF,,,,,det_1127,
1704,COM00552.01,Huolinhe Holingol,,Huolinhe No. 1 North,,Mine,Coal,Coal,Open pit,,,,,,,China,CHN,,,,,det_1589,
1705,COM00552.02,Huolinhe Holingol,,Huolinhe No. 1 South,,Mine,Coal,Coal,Open pit,,,,,,,China,CHN,,,,,det_1589,
1706,COM00552.03,Huolinhe Holingol,,Zhahazhuoer,"Zhaha Naoer, Zahannaoer",Mine,Coal,Coal,Open pit,,,,,,,China,CHN,,,,,det_1589,
1707,COM00554.01,Illawarra,,Bulli,,Mine,Coal,Metallurgical coal,Underground,,,,,,,Australia,AUS,,,,,det_1147,
1708,COM00554.02,Illawarra,,Wongawilli,,Mine,Coal,Coal,Underground,,,,,,,Australia,AUS,,,,,det_1147,
1709,COM00558.01,Iluka Western Australia,,Cataby,,Mine,Iron,"Zicron, Rutile, Ilmenite",,2019,,,,,,Australia,AUS,,,,,det_1472,
1710,COM00558.02,Iluka Western Australia,,Narngulu,,Refinery,Iron,"Refined Zircon, Refined Rutile",,,,,,,,Australia,AUS,,,,,det_1472,
1711,COM00558.03,Iluka Western Australia,,Eneabba,,Mine,Iron,"Monazite, Zircon",,,,,,,,Australia,AUS,,,,,det_1472,
1712,COM00558.04,Iluka Western Australia,,Capel,,Refinery,Iron,Synthetic Rutile,,,,,,,,Australia,AUS,,,,,det_1472,
1713,COM00558.05,Iluka Western Australia,,Mid West,,Mine,Iron,,,,,,,,,Australia,AUS,,,,,det_1476,
1714,COM00558.06,Iluka Western Australia,,South West,,Mine,Iron,,,,,,,,,Australia,AUS,,,,,det_1476,
1715,COM00560.01,IMMSA - Charcas,,San Bartolo,,Mine,Zinc,"Zinc, Lead, Copper",Underground,,,,,,,Mexico,MEX,,,,,det_1016,
1716,COM00560.02,IMMSA - Charcas,,Rey-Reina,,Mine,Zinc,"Zinc, Lead, Copper",Underground,,,,,,,Mexico,MEX,,,,,det_1016,
1717,COM00560.03,IMMSA - Charcas,,La Aurora,,Mine,Zinc,"Zinc, Lead, Copper",Underground,,,,,,,Mexico,MEX,,,,,det_1016,
1718,COM00562.01,IMMSA - Santa Barbara,,San Diego,,Mine,Zinc,"Zinc, Lead",Underground,,,,,,,Mexico,MEX,,,,,det_1018,
1719,COM00562.02,IMMSA - Santa Barbara,,Segovedad,,Mine,Zinc,"Zinc, Lead",Underground,,,,,,,Mexico,MEX,,,,,det_1018,
1720,COM00562.03,IMMSA - Santa Barbara,,Tecolotes,,Mine,Zinc,"Zinc, Lead",Underground,,,,,,,Mexico,MEX,,,,,det_1018,
1721,COM00564.01,IMMSA - Taxco,,San Antonio,,Mine,Zinc,"Zinc, Lead",Underground,,,,,,,Mexico,MEX,,,,,det_1015,
1722,COM00564.02,IMMSA - Taxco,,Guerrero,,Mine,Zinc,"Zinc, Lead",Underground,,,,,,,Mexico,MEX,,,,,det_1015,
1723,COM00564.03,IMMSA - Taxco,,Remedios,,Mine,Zinc,"Zinc, Lead",Underground,,,,,,,Mexico,MEX,,,,,det_1015,
1724,COM00583.01,Itabira,,Caue,,Mine,Gold,Iron,Open pit,1942,,,,,,Brazil,BRA,,,,,det_1616,
1725,COM00583.02,Itabira,,Conceicao,,Mine,Gold,Iron,Open pit,1957,,,,,,Brazil,BRA,,,,,det_1616,
1726,COM00584.01,Itatiaiucu,,MUSA Oeste,,Mine,Iron,Iron ore,Open pit,,,,,,,Brazil,BRA,,,,,det_1364,
1727,COM00584.02,Itatiaiucu,,MUSA Central,,Mine,Iron,Iron ore,Open pit,,,,,,,Brazil,BRA,,,,,det_1364,
1728,COM00584.03,Itatiaiucu,,MUSA Leste,,Mine,Iron,Iron ore,Open pit,,,,,,,Brazil,BRA,,,,,det_1364,
1729,COM00584.04,Itatiaiucu,,MUSA Pau de Vinho,,Mine,Iron,Iron ore,Open pit,,,,,,,Brazil,BRA,,,,,det_1364,
1730,COM00589.01,Jamalco,,Mount Oliphant plateau,,Mine,Aluminium,Bauxite,,,,,,,,Jamaica,JAM,,,,,det_1272,
1731,COM00589.02,Jamalco,,Harmons Valley,,Mine,Aluminium,Bauxite,,,,,,,,Jamaica,JAM,,,,,det_1272,
1732,COM00589.03,Jamalco,,Halse Hall,,Refinery,Aluminium,Alumina,,,,,,,,Jamaica,JAM,,,,,det_1272,
1733,COM00597.01,Jimblebar,,Wheelarra,,Mine,Iron,Iron,Open pit,,,,,,,Australia,AUS,,,,,det_1608,
1734,COM00597.02,Jimblebar,,Jimblebar,,Mine,Iron,Iron,Open pit,,,,,,,Australia,AUS,,,,,det_1608,
1735,COM00602.01,Jonquiere,,Jonquiere specialty plant,,Refinery,Processing,Alumina,,,,,,,,Canada,CAN,,,,,det_1065,
1736,COM00602.02,Jonquiere,,Jonquiere,,Refinery,Processing,Alumina,,,,,,,,Canada,CAN,,,,,det_1065,
1737,COM00608.01,Justice Energy,,Job 38,,Mine,Coal,Coal,Open pit,1982,,,,,,United States of America,USA,,,,,det_1563,
1738,COM00608.02,Justice Energy,,Justice Energy,,Mine,Coal,Coal,Open pit,,,,,,,United States of America,USA,,,,,det_1563,
1739,COM00610.01,Kachkanar GOK,,Glavny,,Mine,Iron,Iron ore,Open pit,1963,,,,,,Russian Federation,RUS,,,,,det_1554,
1740,COM00610.02,Kachkanar GOK,,Zapadny,,Mine,Iron,Iron ore,Open pit,1967,,,,,,Russian Federation,RUS,,,,,det_1554,
1741,COM00610.03,Kachkanar GOK,,Severny,,Mine,Iron,Iron ore,Open pit,1971,,,,,,Russian Federation,RUS,,,,,det_1554,
1742,COM00610.04,Kachkanar GOK,,Yuzhny,,Mine,Iron,Iron ore,Open pit,2015,,,,,,Russian Federation,RUS,,,,,det_1554,
1743,COM00611.01,Kalgoorlie,,Fimiston,,Mine,Gold,Gold,Open pit,,,,,,,Australia,AUS,,,,,det_1004,
1744,COM00611.02,Kalgoorlie,,Mt. Charlotte,,Mine,Gold,Gold,Underground,,,,,,,Australia,AUS,,,,,det_1004,
1745,COM00615.01,Kangala,,Wolvenfontein,,Mine,Coal,Thermal coal,,,,,,,,South Africa,ZAF,,,,,det_1546,
1746,COM00615.02,Kangala,,Middelbult,,Mine,Coal,Thermal coal,,,,,,,,South Africa,ZAF,,,,,det_1546,
1747,COM00619.01,Karaganda,,Kostenko,Stakhanovskaya,Mine,Coal,Coal,Underground,1998,,,,,,Kazakhstan,KAZ,,,,,det_1218,
1748,COM00619.02,Karaganda,,Kuzembaeva,50-letiya SSSR,Mine,Coal,Coal,Underground,1959,,,,,,Kazakhstan,KAZ,,,,,det_1218,
1749,COM00619.03,Karaganda,,Saranskaya,"Sokurskaya, Aktasskaya",Mine,Coal,Coal,Underground,1955,,,,,,Kazakhstan,KAZ,,,,,det_1218,
1750,COM00619.04,Karaganda,,Abayskaya,Kalinina,Mine,Coal,Coal,Underground,1961,,,,,,Kazakhstan,KAZ,,,,,det_1218,
1751,COM00619.05,Karaganda,,Kazakhstanskaya,,Mine,Coal,Coal,Underground,1969,,,,,,Kazakhstan,KAZ,,,,,det_1218,
1752,COM00619.06,Karaganda,,Lenina,Naklonnaya no. 1/2,Mine,Coal,Coal,Underground,1964,,,,,,Kazakhstan,KAZ,,,,,det_1218,
1753,COM00619.07,Karaganda,,Shakhtinskaya,,Mine,Coal,Coal,Underground,1973,,,,,,Kazakhstan,KAZ,,,,,det_1218,
1754,COM00619.08,Karaganda,,Tentekskaya,,Mine,Coal,Coal,Underground,1979,,,,,,Kazakhstan,KAZ,,,,,det_1218,
1755,COM00622.01,Karelsky Okatysh,,Kostomuksha,,Mine,Iron,Iron,,,,,,,,Russian Federation,RUS,,,,,det_1626,
1756,COM00622.02,Karelsky Okatysh,,Korpanga,,Mine,Iron,Iron,,,,,,,,Russian Federation,RUS,,,,,det_1626,
1757,COM00624.01,Katanga Mining Complex,,Kamoto,"Kamoto Copper Company SARL, KCC, KCC SARL","Mine, Refinery",Copper,"Copper, Cobalt","Underground, Leaching plant",1969,,,,,,DR Congo,COD,,,,,det_1622,
1758,COM00624.02,Katanga Mining Complex,,KOV,,Mine,Copper,"Copper, Cobalt",Open pit,1969,,,,,,DR Congo,COD,,,,,det_1623,
1759,COM00627.01,Kazzinc,,Altyntau Kokshetau,,Mine,Zinc,Gold,,2009,,,,,,Kazakhstan,KAZ,,,,,det_1178,
1760,COM00627.02,Kazzinc,,Zhairem,,Mine,Zinc,"Zinc, Lead, Manganese",,,,,,,,Kazakhstan,KAZ,,,,,det_1178,
1761,COM00627.03,Kazzinc,,Ust-Kamenogorsk,,Refinery,Zinc,"Refined Zinc, Refined Lead, Refined Copper, Refined Gold, Refined Silver, Sulphuric Acid","Zinc Refinery, Lead Plant, Copper Plant, Precious metal Plant, Sulphuric Acid Plant",,,,,,,Kazakhstan,KAZ,,,,,det_1178,
1762,COM00627.04,Kazzinc,,Tishinsky,,Mine,Zinc,"Copper, Zinc, Lead",,,,,,,,Kazakhstan,KAZ,,,,,det_1178,
1763,COM00627.05,Kazzinc,,Dolinny,,Mine,Zinc,,,2015,,,,,,Kazakhstan,KAZ,,,,,det_1178,
1764,COM00627.06,Kazzinc,,Ridder-Sokolny,,Mine,Zinc,"Gold, Copper, Zinc, Lead",,,,,,,,Kazakhstan,KAZ,,,,,det_1178,
1765,COM00627.07,Kazzinc,,Shubinsky,,Mine,Zinc,"Silver, Gold, Copper, Lead, Zinc",Underground,,,,,,,Kazakhstan,KAZ,,,,,det_1178,
1766,COM00627.08,Kazzinc,,Maleevsky,Altay concentrator,Mine,Zinc,"Copper, Zinc, Lead, Gold, Silver",Underground,2000,,,,,,Kazakhstan,KAZ,,,,,det_1178,
1767,COM00631.01,Kensington,,Kensington,,Mine,Gold,Gold,Underground,,,,,,,United States of America,USA,,,,,det_1477,
1768,COM00631.02,Kensington,,Jualin,,Mine,Gold,Gold,Underground,,,,,,,United States of America,USA,,,,,det_1477,
1769,COM00636.01,Keystone,,Mine 58,,Mine,Coal,Coal,Underground,1998,,,,,,United States of America,USA,,,,,det_1563,
1770,COM00636.02,Keystone,,Mine 65,,Mine,Coal,Coal,Underground,1998,,,,,,United States of America,USA,,,,,det_1563,
1771,COM00636.03,Keystone,,Pocahontas No. 11 Contour and Auger No. 2,,Mine,Coal,Coal,Open pit,2013,,,,,,United States of America,USA,,,,,det_1563,
1772,COM00640.01,Khwezela,,Kleinkopje,,Mine,Coal,Thermal coal,,,,,,,,South Africa,ZAF,,,,,det_1103,
1773,COM00640.02,Khwezela,,Landau,,Mine,Coal,Thermal coal,,,,,,,,South Africa,ZAF,,,,,det_1103,
1774,COM00644.01,Kideco,,Roto North,,Mine,Coal,Coal,,,,,,,,Indonesia,IDN,,,,,det_1514,
1775,COM00644.02,Kideco,,Roto South,Biu,Mine,Coal,Coal,,,,,,,,Indonesia,IDN,,,,,det_1514,
1776,COM00644.03,Kideco,,Roto Middle,,Mine,Coal,Coal,,,,,,,,Indonesia,IDN,,,,,det_1514,
1777,COM00644.04,Kideco,,Susubang,,Mine,Coal,Coal,,,,,,,,Indonesia,IDN,,,,,det_1514,
1778,COM00644.05,Kideco,,Samarangau,,Mine,Coal,Coal,,,,,,,,Indonesia,IDN,,,,,det_1514,
1779,COM00670.01,Korshunov,,Korshunovsky,,Mine,Iron,Iron ore,Open pit,1965,,,,,4.3,Russian Federation,RUS,,,,,det_1561,
1780,COM00670.02,Korshunov,,Rudnogorsky,,Mine,Iron,Iron ore,Open pit,1984,,,,,5.3,Russian Federation,RUS,,,,,det_1561,
1781,COM00670.03,Korshunov,,Tatyaninsky,,Mine,Iron,Iron ore,Open pit,1986,,,,,1.3,Russian Federation,RUS,,,,,det_1676,About 30 km north of the Korshunovsky concentration plant
1782,COM00672.01,Kostromovskaya,,Kostromovskaya,,Mine,Coal,Coking coal,Underground,2008,,,,,,Russian Federation,RUS,,,,,det_1568,
1783,COM00672.02,Kostromovskaya,,Chertinskaya-Koksovaya,,Mine,Coal,Coking coal,Underground,2018,,,,,,Russian Federation,RUS,,,,,det_1568,
1784,COM00675.01,Krasnodon Coal,,Molodogvardeysk,,Mine,Coal,Coking coal,Underground,,,,,,,Ukraine,UKR,,,,,det_1230,
1785,COM00675.02,Krasnodon Coal,,Samsonivska-Zakhidna,,Mine,Coal,Coking coal,Underground,,,,,,,Ukraine,UKR,,,,,det_1230,
1786,COM00675.03,Krasnodon Coal,,Duvanna,,Mine,Coal,Coking coal,Underground,,,,,,,Ukraine,UKR,,,,,det_1230,
1787,COM00678.01,Krasnoyarskkraiugol,,Sayano-Partizanskiy,,Mine,Coal,Coal,Open pit,1991,,,,,,Russian Federation,RUS,,,,,det_1572,
1788,COM00678.02,Krasnoyarskkraiugol,,Abanskiy,,Mine,Coal,Coal,Open pit,,,,,,,Russian Federation,RUS,,,,,det_1572,
1789,COM00678.03,Krasnoyarskkraiugol,,Pereyaslovskiy,,Mine,Coal,Coal,Open pit,,,,,,87,Russian Federation,RUS,,,,,det_1572,
1790,COM00684.01,Kupol,,Dvoinoye,,Mine,Gold,Gold,,,,,,,,Russian Federation,RUS,,,,,det_1613,
1791,COM00684.02,Kupol,,Kupol,,Mine,Gold,Gold,,,,,,,,Russian Federation,RUS,,,,,det_1613,
1792,COM00687.01,Kuzbassrazrezugol,,Kedrovsky,,Mine,Coal,Coking coal,Open pit,,,,,,,Russian Federation,RUS,,,,,det_1565,
1793,COM00687.02,Kuzbassrazrezugol,,Mokhovsky,,Mine,Coal,Coking coal,Open pit,,,,,,,Russian Federation,RUS,,,,,det_1565,
1794,COM00687.03,Kuzbassrazrezugol,,Bachatsky,,Mine,Coal,Coking coal,Open pit,,,,,,,Russian Federation,RUS,,,,,det_1565,
1795,COM00687.04,Kuzbassrazrezugol,,Krasnobrodsky,,Mine,Coal,Coking coal,Open pit,,,,,,,Russian Federation,RUS,,,,,det_1565,
1796,COM00687.05,Kuzbassrazrezugol,,Taldinsky,,Mine,Coal,Coking coal,Open pit,,,,,,,Russian Federation,RUS,,,,,det_1565,
1797,COM00687.06,Kuzbassrazrezugol,,Kaltansky,,Mine,Coal,Coking coal,Open pit,,,,,,,Russian Federation,RUS,,,,,det_1565,
1798,COM00687.07,Kuzbassrazrezugol,,Baykaimskaya,,Mine,Coal,Coking coal,Underground,,,,,,,Russian Federation,RUS,,,,,det_1565,
1799,COM00693.03,La Caridad,,La Caridad Copper Rod Plant,,Mine,Copper,"Copper, Molybdenum, Silver",Open pit,,,,,,,Mexico,MEX,,,,,det_1014,
1800,COM00693.04,La Caridad,,La Caridad Processing,,"Smelter, Refinery",Copper,,,,,,,,,Mexico,MEX,,,,,det_1014,
1801,COM00693.05,La Caridad,,La Caridad Mine,,Refinery,Copper,,,,,,,,,Mexico,MEX,,,,,det_1014,
1802,COM00701.01,Lalor,,PEN 2 Deposit,,Mine,Zinc,,,,,,,,,Canada,CAN,,,,,det_1612,
1803,COM00701.02,Lalor,,Lalor,,Mine,Zinc,,,,,,,,,Canada,CAN,,,,,det_1612,
1804,COM00707.01,LaRonde Complex,,LaRonde Mine,,Mine,Gold,Gold,,,,,,,,Canada,CAN,,,,,det_1632,
1805,COM00707.02,LaRonde Complex,,LaRonde Zone 5,"Bousquet Zone 5, LZ5",Mine,Gold,Gold,,2017,,,,,,Canada,CAN,,,,,det_1632,
1806,COM00708.01,Las Bambas,,Chalcobamba,,Mine,Copper,"AG, AU, MO",,,,,,,,Peru,PER,,,,,det_1606,
1807,COM00708.02,Las Bambas,,Sulfobamba,,Mine,Copper,"AG, AU, MO",,,,,,,,Peru,PER,,,,,det_1606,
1808,COM00708.03,Las Bambas,,Ferrobamba,,Mine,Copper,"AG, AU, MO",,,,,,,,Peru,PER,,,,,det_1606,
1809,COM00716.01,Leer South/Sentinel,,Sentinel,Philippi Development Division,Mine,Coal,Metallurgical coal,,,,,,,,United States of America,USA,,,,,det_1399,
1810,COM00716.02,Leer South/Sentinel,,Leer South,,Mine,Coal,Metallurgical coal,,,,,,,,United States of America,USA,,,,,det_1399,
1811,COM00721.01,Leonora,,King of the Hills,,Mine,Gold,Gold,Underground,2011,2016,,,,,Australia,AUS,,,,,det_1651,
1812,COM00721.02,Leonora,,Gwalia,,Mine,Gold,Gold,"Underground, Open pit",2008,,,,,,Australia,AUS,,,,,det_1651,
1813,COM00726.01,Liliu,,Shaqu No.1,,Mine,Coal,Coal,Underground,,,,,,,China,CHN,,,,,det_1579,
1814,COM00726.02,Liliu,,Shaqu No.2,,Mine,Coal,Coal,Underground,,,,,,,China,CHN,,,,,det_1579,
1815,COM00726.03,Liliu,,Liliu,,Mine,Coal,Coal,Underground,,,,,,,China,CHN,,,,,det_1579,
1816,COM00732.01,LKAB Southern Division,,Malmberget,,Mine,Iron,Iron,Underground,,,,,,,Sweden,SWE,,,,,det_1232,
1817,COM00732.02,LKAB Southern Division,,Svappavaara,"Leveäniemi, Gruvberget",Mine,Iron,Iron,Open pit,,,,,,,Sweden,SWE,,,,,det_1232,
1818,COM00744.01,Los Bronces,,Las Tortolas,,Concentrator,Copper,,,,,,,,,Chile,CHL,,,,,det_1106,
1819,COM00744.02,Los Bronces,,Confluencia,,Concentrator,Copper,,,,,,,,,Chile,CHL,,,,,det_1106,
1820,COM00744.03,Los Bronces,,Los Bronces,,Mine,Copper,Copper,,,,,,,,Chile,CHL,,,,,det_1103,
1821,COM00745.01,Los Colorados,,Reject Plant,,Refinery,Iron,Iron ore pre-concentrate,Tailings processing plant,,,,,,,Chile,CHL,,,,,det_1369,
1822,COM00745.02,Los Colorados,,Los Colorados,,Mine,Iron,Iron ore,,,,,,,,Chile,CHL,,,,,det_1369,
1823,COM00746.01,Los Filos,,Los Filos,,Mine,Gold,Gold,"Open pit, underground",,,,,,,Mexico,MEX,,,,,det_1615,
1824,COM00746.02,Los Filos,,Bermejal,El Bermejal,Mine,Gold,Gold,Open pit,,,,,,,Mexico,MEX,,,,,det_1615,
1825,COM00748.01,Loulo - Gounkoto,,Yalea,,Mine,Other mine,Gold,Underground,,,,,,,Mali,MLI,,,,,det_1024,
1826,COM00748.02,Loulo - Gounkoto,,Gara,,Mine,Other mine,Gold,Underground,,,,,,,Mali,MLI,,,,,det_1024,
1827,COM00748.03,Loulo - Gounkoto,,Gounkoto,,Mine,Other mine,Gold,Open Pit,,,,,,,Mali,MLI,,,,,det_1024,
1828,COM00748.04,Loulo - Gounkoto,,Loulo,,Mine,Other mine,Gold,,,,,,,,Mali,MLI,,,,,det_1024,
1829,COM00755.01,Luoyang,,Jiagou,,Mine,Aluminium,Bauxite,Open pit,,,,,,,China,CHN,,,,,det_1628,
1830,COM00755.02,Luoyang,,Liangwa,,Mine,Aluminium,Bauxite,Underground,,,,,,,China,CHN,,,,,det_1628,
1831,COM00755.03,Luoyang,,Qingshigou,,Mine,Aluminium,Bauxite,Open pit,,,,,,,China,CHN,,,,,det_1628,
1832,COM00758.01,Macraes,,Macraes Coronation,,Mine,Gold,Gold,Open pit,,,,,,,New Zealand,NZL,,,,,det_1359,
1833,COM00758.02,Macraes,,Coronation North,,Mine,Gold,Gold,Open pit,,,,,,,New Zealand,NZL,,,,,det_1359,
1834,COM00758.03,Macraes,,Innes Mills,,Mine,Gold,Gold,Open pit,,,,,,,New Zealand,NZL,,,,,det_1359,
1835,COM00758.04,Macraes,,Frasers,,Mine,Gold,Gold,"Open pit, Underground",,,,,,,New Zealand,NZL,,,,,det_1359,
1836,COM00760.01,Mahanadi Coalfields Limited,,Jagannath,,Mine,Coal,Coal,,,,,,,,India,IND,,,,,det_1666,
1837,COM00760.02,Mahanadi Coalfields Limited,,Bharatpur,,Mine,Coal,Coal,,,,,,,,India,IND,,,,,det_1666,
1838,COM00760.03,Mahanadi Coalfields Limited,,Hingula,,Mine,Coal,Coal,,,,,,,,India,IND,,,,,det_1666,
1839,COM00760.04,Mahanadi Coalfields Limited,,Lingaraj,,Mine,Coal,Coal,,,,,,,,India,IND,,,,,det_1666,
1840,COM00760.05,Mahanadi Coalfields Limited,,Kaniha,,Mine,Coal,Coal,,,,,,,,India,IND,,,,,det_1666,
1841,COM00760.06,Mahanadi Coalfields Limited,,Talcher,,Mine,Coal,Coal,,,,,,,,India,IND,,,,,det_1666,
1842,COM00760.07,Mahanadi Coalfields Limited,,Lakhanpur,,Mine,Coal,Coal,,,,,,,,India,IND,,,,,det_1666,
1843,COM00760.08,Mahanadi Coalfields Limited,,IB Valley,,Mine,Coal,Coal,,,,,,,,India,IND,,,,,det_1666,
1844,COM00760.09,Mahanadi Coalfields Limited,,Basundhara-Garjanbahal,,Mine,Coal,Coal,,,,,,,,India,IND,,,,,det_1666,
1845,COM00760.10,Mahanadi Coalfields Limited,,Kulda-Garajanbahal,,Mine,Coal,Coal,,,,,,,,India,IND,,,,,det_1666,
1846,COM00760.11,Mahanadi Coalfields Limited,,Orient,,Mine,Coal,Coal,,,,,,,,India,IND,,,,,det_1666,
1847,COM00760.12,Mahanadi Coalfields Limited,,Lajkura,,Mine,Coal,Coal,,,,,,,,India,IND,,,,,det_1666,
1848,COM00760.13,Mahanadi Coalfields Limited,,Samaleswari,,Mine,Coal,Coal,,,,,,,,India,IND,,,,,det_1666,
1849,COM00774.01,Mariana,,Alegria,,Mine,Iron,Iron,Open pit,2000,,,,,,Brazil,BRA,,,,,det_1616,
1850,COM00774.02,Mariana,,Fabrica Nova,,Mine,Iron,Iron,Open pit,2005,,,,,,Brazil,BRA,,,,,det_1616,
1851,COM00774.03,Mariana,,Fazendao,,Mine,Iron,Iron,Open pit,1976,,,,,,Brazil,BRA,,,,,det_1616,
1852,COM00774.04,Mariana,,Timbopeba,,Mine,Iron,Iron,Open pit,1984,,,,,,Brazil,BRA,,,,,det_1617,
1853,COM00774.05,Mariana,,Capanema/Ouro Fino,,Mine,Iron,Iron,Open pit,1982,,,,,,Brazil,BRA,,,,,det_1618,
1854,COM00786.01,Meadowbank Complex,,Amaruq,,Mine,Gold,Gold,,,,,,,,Canada,CAN,,,,,det_1632,
1855,COM00786.02,Meadowbank Complex,,Meadowbank,,Mine,Gold,,,,,,,,,Canada,CAN,,,,,det_1632,
1856,COM00793.01,MetCoal,,Lahai,,Mine,Coal,Coal,,,2019,,,,,Indonesia,IDN,,,,,det_1508,
1857,COM00793.02,MetCoal,,Lampunut,,Mine,Coal,Coal,,2019,,,,,,Indonesia,IDN,,,,,det_1508,
1858,COM00793.03,MetCoal,,Haju,,Mine,Coal,Coal,,,,,,,,Indonesia,IDN,,,,,det_1673,
1859,COM00795.01,Mettiki Complex,,Mountain View,,Mine,Coal,Coal,Underground,2006,,,,,,United States of America,USA,,,,,det_1411,
1860,COM00795.02,Mettiki Complex,,Mettiki (MD),,Mine,Coal,Coal,,,,,,,,United States of America,USA,,,,,det_1411,
1861,COM00801.01,Mianchi,,Guangou,,Mine,Aluminium,Bauxite,Open pit,,,,,,,China,CHN,,,,,det_1628,
1862,COM00801.02,Mianchi,,Jiajiawaxi,,Mine,Aluminium,Bauxite,Underground,,,,,,,China,CHN,,,,,det_1628,
1863,COM00801.03,Mianchi,,Xiangcaiwa,,Mine,Aluminium,Bauxite,"Open pit, Underground",,,,,,,China,CHN,,,,,det_1628,
1864,COM00806.01,Middelburg/Wolvekrans,,Douglas,,Mine,Coal,Thermal bituminous coal,,,2008,,,,,South Africa,ZAF,,,,,det_1610,
1865,COM00806.02,Middelburg/Wolvekrans,,Middelburg/Wolvekrans,,Mine,Coal,,,,,,,,,South Africa,ZAF,,,,,det_1610,
1866,COM00807.01,Middleback Ranges,,Iron Knob,,Mine,Iron,Iron ore,,,,,,,,Australia,AUS,,,,,det_1469,
1867,COM00807.02,Middleback Ranges,,Ibma Scree,,Mine,Iron,Iron ore,,,,,,,,Australia,AUS,,,,,det_1469,
1868,COM00807.03,Middleback Ranges,,Iron Baron,,Mine,Iron,Iron ore,,,,,,,,Australia,AUS,,,,,det_1469,
1869,COM00807.04,Middleback Ranges,,Camel Hills,,Mine,Iron,Iron ore,,,,,,,,Australia,AUS,,,,,det_1469,
1870,COM00807.05,Middleback Ranges,,Iron Queen,,Mine,Iron,Iron ore,,,,,,,,Australia,AUS,,,,,det_1469,
1871,COM00807.06,Middleback Ranges,,North Middleback,,Mine,Iron,Iron ore,,,,,,,,Australia,AUS,,,,,det_1469,
1872,COM00807.07,Middleback Ranges,,Iron Warrior,,Mine,Iron,Iron ore,,,,,,,,Australia,AUS,,,,,det_1469,
1873,COM00807.08,Middleback Ranges,,Iron Chieftain,,Mine,Iron,Iron ore,,,,,,,,Australia,AUS,,,,,det_1469,
1874,COM00807.09,Middleback Ranges,,Iron Knight,,Mine,Iron,Iron ore,,,,,,,,Australia,AUS,,,,,det_1469,
1875,COM00807.10,Middleback Ranges,,Iron Duchess,,Mine,Iron,Iron ore,,,,,,,,Australia,AUS,,,,,det_1469,
1876,COM00807.11,Middleback Ranges,,Iron Duke,,Mine,Iron,Iron ore,,,,,,,,Australia,AUS,,,,,det_1469,
1877,COM00810.01,Miguel Burnier,,Miguel Burnier,,Mine,Iron,Iron ore,Open pit,,,,,,,Brazil,BRA,,,,,det_1367,
1878,COM00810.02,Miguel Burnier,,Varzea do Lopes,Várzea do Lopes Complex,Mine,Iron,Iron ore,Open pit,2009,,,,,,Brazil,BRA,,,,,det_1634,
1879,COM00818.01,Minas Centrais,,Agua Limpa,Agua Limpa/Cururu,Mine,Iron,Iron,Open pit,2000,,,,,,Brazil,BRA,,,,,det_1616,
1880,COM00818.02,Minas Centrais,,Gongo Soco,,Mine,Iron,Iron,Open pit,2000,,,,,,Brazil,BRA,,,,,det_1616,
1881,COM00818.03,Minas Centrais,,Brucutu,,Mine,Iron,Iron,Open pit,1994,,,,,,Brazil,BRA,,,,,det_1616,
1882,COM00818.04,Minas Centrais,,Corrego do Meio,,Mine,Iron,Iron,Open pit,2000,,,,,,Brazil,BRA,,,,,det_1617,
1883,COM00819.01,Minas Itabirito,,Segredo/Joao Pereira,,Mine,Iron,Iron,Open pit,,,,,,,Brazil,BRA,,,,,det_1162,
1884,COM00819.02,Minas Itabirito,,Sapecado/Galinheiro,,Mine,Iron,Iron,Open pit,,,,,,,Brazil,BRA,,,,,det_1162,
1885,COM00826.01,Minorca,,Laurentian,,Mine,Iron,Iron,Open pit,,,,,,,United States of America,USA,,,,,det_1218,
1886,COM00826.02,Minorca,,East Pits,,Mine,Iron,Iron,Open pit,,,,,,,United States of America,USA,,,,,det_1218,
1887,COM00828.01,Moa Project,,Moa Occidental,,Mine,Nickel,"Nickel, Cobalt",Surface,,,active,2019,,11.93,Cuba,CUB,,,,,det_1432,
1888,COM00828.02,Moa Project,,Moa Oriental,,Mine,Nickel,"Nickel, Cobalt",Surface,,,active,2019,,15.31,Cuba,CUB,,,,,det_1432,
1889,COM00828.03,Moa Project,,Yagrumaje Oeste,,Mine,Nickel,"Nickel, Cobalt",Surface,,,active,2019,,5.69,Cuba,CUB,,,,,det_1432,
1890,COM00828.04,Moa Project,,Limestone Mud,,Mine,Nickel,"Nickel, Cobalt",Surface,,,active,2019,,8.05,Cuba,CUB,,,,,det_1432,
1891,COM00828.05,Moa Project,,Camarioca Norte,,Mine,Nickel,"Nickel, Cobalt",Surface,,,active,2019,,20.07,Cuba,CUB,,,,,det_1432,
1892,COM00828.06,Moa Project,,Camarioca Sur,,Mine,Nickel,"Nickel, Cobalt",Surface,,,active,2019,,23.67,Cuba,CUB,,,,,det_1432,
1893,COM00828.07,Moa Project,,Playa la Vaca-Zona Septentrional II,,Mine,Nickel,"Nickel, Cobalt",Surface,,,exploration,2019,,7.54,Cuba,CUB,,,,,det_1432,
1894,COM00828.08,Moa Project,,La Delta,,Mine,Nickel,"Nickel, Cobalt",Surface,,,active,2019,,13,Cuba,CUB,,,,,det_1432,
1895,COM00828.09,Moa Project,,Cantarrana,,Mine,Nickel,"Nickel, Cobalt",Surface,,,active,2019,,8.71,Cuba,CUB,,,,,det_1432,
1896,COM00828.10,Moa Project,,Santa Teresita,,Mine,Nickel,"Nickel, Cobalt",Surface,,,exploration,2019,,9.25,Cuba,CUB,,,,,det_1432,
1897,COM00834.01,Mont Wright,,Fire Lake,,Mine,Iron,Iron,Open pit,,,,,,,Canada,CAN,,,,,det_1218,
1898,COM00834.02,Mont Wright,,Mont Wright,,Mine,Iron,Iron,Open pit,,,,,,,Canada,CAN,,,,,det_1218,
1899,COM00850.01,Mount Arthur,,Mount Arthur North,,Mine,Coal,Thermal bituminous coal,Open pit,,,,,,,Australia,AUS,,,,,det_1608,
1900,COM00850.02,Mount Arthur,,Mount Arthur South,,Mine,Coal,Thermal bituminous coal,Open pit,,,,,,,Australia,AUS,,,,,det_1608,
1901,COM00851.01,Mount Garnet,,Balcooma,,Mine,Copper,,,,,,,,,Australia,AUS,,,,,det_1458,
1902,COM00851.02,Mount Garnet,,Maitland,,Mine,Copper,,,,,,,,,Australia,AUS,,,,,det_1458,
1903,COM00851.03,Mount Garnet,,Mount Garnet,,Mine,Copper,,,,,,,,,Australia,AUS,,,,,det_1458,
1904,COM00851.04,Mount Garnet,,Bald Hill,,Mine,Copper,,,,,,,,,Australia,AUS,,,,,det_1458,
1905,COM00851.05,Mount Garnet,,Baal Gammon,,Mine,Copper,,,,,,,,,Australia,AUS,,,,,det_1458,
1906,COM00851.06,Mount Garnet,,Griffiths Hill,,Mine,Copper,,,,,,,,,Australia,AUS,,,,,det_1458,
1907,COM00851.07,Mount Garnet,,King Vol,,Mine,Copper,,,,,,,,,Australia,AUS,,,,,det_1458,
1908,COM00851.08,Mount Garnet,,Montevideo,,Mine,Copper,,,,,,,,,Australia,AUS,,,,,det_1458,
1909,COM00851.09,Mount Garnet,,Mungana,,Mine,Copper,,,,,,,,,Australia,AUS,,,,,det_1458,
1910,COM00851.10,Mount Garnet,,Red Cap Victoria,,Mine,Copper,,,,,,,,,Australia,AUS,,,,,det_1458,
1911,COM00851.11,Mount Garnet,,Vomacka,,Mine,Copper,,,,,,,,,Australia,AUS,,,,,det_1458,
1912,COM00851.12,Mount Garnet,,Copper plant,,Refinery,Copper,,,,,,,,,Australia,AUS,,,,,det_1458,
1913,COM00851.13,Mount Garnet,,Polymetallic plant,,Refinery,Copper,,,,,,,,,Australia,AUS,,,,,det_1458,
1914,COM00852.01,Mount Goldsworthy,,Yarrie,,Mine,Iron,Iron,Open pit,,,,,,,Australia,AUS,,,,,det_1608,
1915,COM00852.02,Mount Goldsworthy,,Nimingarra,,Mine,Iron,Iron,Open pit,,,,,,,Australia,AUS,,,,,det_1608,
1916,COM00852.03,Mount Goldsworthy,,Mining Area C,,Mine,Iron,Iron,Open pit,2003,,,,,,Australia,AUS,,,,,det_1609,
1917,COM00852.04,Mount Goldsworthy,,Mount Goldsworthy,,Mine,Iron,Iron,Open pit,,,,,,,Australia,AUS,,,,,det_1608,
1918,COM00855.01,Mount Monger,,Daisy,Daisy Complex,Mine,Gold,Gold,,,,,,,,Australia,AUS,,,,,det_1500,
1919,COM00855.02,Mount Monger,,Mount Belches,"Santa, Maxwells, CEB, Cock-eyed Bob",Mine,Gold,Gold,,,,,,,,Australia,AUS,,,,,det_1500,
1920,COM00855.03,Mount Monger,,Aldiss,"Karonie, Harry's Hill, French Kiss",Mine,Gold,Gold,,,,,,,,Australia,AUS,,,,,det_1500,
1921,COM00856.01,Mount Newman,,Mount Whaleback,,Mine,Iron,Iron,Open pit,,,,,,,Australia,AUS,,,,,det_1608,
1922,COM00856.02,Mount Newman,,Orebody 18,,Mine,Iron,Iron,Open pit,,,,,,,Australia,AUS,,,,,det_1608,
1923,COM00856.03,Mount Newman,,Orebody 24,,Mine,Iron,Iron,Open pit,,,,,,,Australia,AUS,,,,,det_1608,
1924,COM00856.04,Mount Newman,,Orebody 25,,Mine,Iron,Iron,Open pit,,,,,,,Australia,AUS,,,,,det_1608,
1925,COM00856.05,Mount Newman,,Orebody 29,,Mine,Iron,Iron,Open pit,,,,,,,Australia,AUS,,,,,det_1608,
1926,COM00856.06,Mount Newman,,Orebody 30,,Mine,Iron,Iron,Open pit,,,,,,,Australia,AUS,,,,,det_1608,
1927,COM00856.07,Mount Newman,,Orebody 31,,Mine,Iron,Iron,Open pit,,,,,,,Australia,AUS,,,,,det_1608,
1928,COM00856.08,Mount Newman,,Orebody 32,,Mine,Iron,Iron,Open pit,,,,,,,Australia,AUS,,,,,det_1608,
1929,COM00856.09,Mount Newman,,Orebody 35,,Mine,Iron,Iron,Open pit,,,,,,,Australia,AUS,,,,,det_1608,
1930,COM00857.01,Mount Thorley Warkworth,,Mount Thorley,,Mine,Coal,"Thermal coal, Soft coking coal",,,,,,,,Australia,AUS,,,,,det_1486,
1931,COM00857.02,Mount Thorley Warkworth,,Warkworth,,Mine,Coal,"Thermal coal, Soft coking coal",,,,,,,,Australia,AUS,,,,,det_1486,
1932,COM00864.01,Mt Magnet,,Vivien,,Mine,Gold,Gold,,,,,,,,Australia,AUS,,,,,det_1495,
1933,COM00864.02,Mt Magnet,,Mt Magnet,,Mine,Gold,Gold,,,,,,,,Australia,AUS,,,,,det_1495,
1934,COM00864.03,Mt Magnet,,Penny,,Mine,Gold,Gold,,,,,,,,Australia,AUS,,,,,det_1495,
1935,COM00864.04,Mt Magnet,,Kathleen Valley,,Mine,Gold,Gold,,2016,,,,,,Australia,AUS,,,,,det_1652,
1936,COM00890.01,New Clydesdale,,Roodekop,,Mine,Coal,Thermal coal,,,,,,,,South Africa,ZAF,,,,,det_1546,
1937,COM00890.02,New Clydesdale,,Diepspruit,,Mine,Coal,Thermal coal,,,,,,,,South Africa,ZAF,,,,,det_1546,
1938,COM00909.01,Nornickel Kola Peninsula,,Severny,Severny Gluboky,Mine,Nickel,,"Open pit, Underground",,,,,,,Russian Federation,RUS,,,,,det_1201,
1939,COM00909.02,Nornickel Kola Peninsula,,Kaula-Kotselvaara,,Mine,Nickel,,Underground,,,,,,,Russian Federation,RUS,,,,,det_1201,
1940,COM00910.01,Nornickel Taimyr Peninsula,,Oktyabrsky,,Mine,Nickel,"Copper, Nickel",Underground,,,,,,,Russian Federation,RUS,,,,,det_1201,
1941,COM00910.02,Nornickel Taimyr Peninsula,,Taimyrsky,,Mine,Nickel,"Copper, Nickel",Underground,,,,,,,Russian Federation,RUS,,,,,det_1201,
1942,COM00910.03,Nornickel Taimyr Peninsula,,Komsomolsky,,Mine,Nickel,"Copper, Nickel",Underground,,,,,,,Russian Federation,RUS,,,,,det_1201,
1943,COM00910.04,Nornickel Taimyr Peninsula,,Skalisty,,Mine,Nickel,"Copper, Nickel",Underground,,,,,,,Russian Federation,RUS,,,,,det_1201,
1944,COM00910.05,Nornickel Taimyr Peninsula,,Mayak,,Mine,Nickel,"Copper, Nickel",Underground,,,,,,,Russian Federation,RUS,,,,,det_1201,
1945,COM00910.06,Nornickel Taimyr Peninsula,,Zapolyarny,"Norilsk-1 deposit, Medvezhy Ruchey",Mine,Nickel,"Copper, Nickel","Open pit, Underground",,,,,,,Russian Federation,RUS,,,,,det_1201,
1946,COM00913.01,North Block Complex,,Glisa,,Mine,Coal,Thermal coal,,,,,,,,South Africa,ZAF,,,,,det_1546,
1947,COM00913.02,North Block Complex,,Eerstelingsfontein,,Mine,Coal,Thermal coal,,,,,,,,South Africa,ZAF,,,,,det_1546,
1948,COM00913.03,North Block Complex,,Paardeplaats,,Mine,Coal,Thermal coal,,,,,,,,South Africa,ZAF,,,,,det_1546,
1949,COM00914.01,North Eastern Coalfields,,Tikak,"Tikak East, Tikak West",Mine,Coal,Coal,"Open pit, Underground",1986,,,,,,India,IND,,,,,det_1668,
1950,COM00914.02,North Eastern Coalfields,,Tirap,,Mine,Coal,Coal,Open pit,1983,,,,,,India,IND,,,,,det_1670,
1951,COM00914.03,North Eastern Coalfields,,Tipong,,Mine,Coal,Coal,,,,,,,,India,IND,,,,,det_1671,
1952,COM00914.04,North Eastern Coalfields,,Baragolai,,Mine,Coal,Coal,,,,,,,,India,IND,,,,,det_1672,
1953,COM00914.05,North Eastern Coalfields,,Ledo,,Mine,Coal,Coal,,,,,,,,India,IND,,,,,det_1669,
1954,COM00918.01,Northern Coalfields Limited,,Amlohri,,Mine,Coal,Coal,,1987,,,,,,India,IND,,,,,det_1665,
1955,COM00918.02,Northern Coalfields Limited,,Bina,,Mine,Coal,Coal,,,,,,,,India,IND,,,,,det_1665,
1956,COM00918.03,Northern Coalfields Limited,,Block-B,,Mine,Coal,Coal,,,,,,,,India,IND,,,,,det_1665,
1957,COM00918.04,Northern Coalfields Limited,,Dudhichua,,Mine,Coal,Coal,,,,,,,,India,IND,,,,,det_1665,
1958,COM00918.05,Northern Coalfields Limited,,Jayant,,Mine,Coal,Coal,,,,,,,,India,IND,,,,,det_1665,
1959,COM00918.06,Northern Coalfields Limited,,Jhingurda,,Mine,Coal,Coal,,,,,,,,India,IND,,,,,det_1665,
1960,COM00918.07,Northern Coalfields Limited,,Kakri,,Mine,Coal,Coal,,,,,,,,India,IND,,,,,det_1665,
1961,COM00918.08,Northern Coalfields Limited,,Khadia,,Mine,Coal,Coal,,,,,,,,India,IND,,,,,det_1665,
1962,COM00918.09,Northern Coalfields Limited,,Krishnashila,,Mine,Coal,Coal,,,,,,,,India,IND,,,,,det_1665,
1963,COM00918.10,Northern Coalfields Limited,,Nigahi,,Mine,Coal,Coal,,,,,,,,India,IND,,,,,det_1665,
1964,COM00919.01,Northern GOK,,Annovskiy,,Mine,Iron,Iron,Open pit,,,,,,,Ukraine,UKR,,,,,det_1624,
1965,COM00919.02,Northern GOK,,Pervomayskiy,,Mine,Iron,Iron,Open pit,,,,,,,Ukraine,UKR,,,,,det_1624,
1966,COM00920.01,Northern Star Kalgoorlie Operations,,Kundana,,Mine,Gold,Gold,,,,,,,,Australia,AUS,,,,,det_1492,
1967,COM00920.02,Northern Star Kalgoorlie Operations,,Raleigh,,Mine,Gold,Gold,,,,,,,,Australia,AUS,,,,,det_1492,
1968,COM00927.01,NuevaUnion,,Relincho,,Mine,Other mine,,,,,,,,,Chile,CHL,,,,,det_1602,
1969,COM00927.02,NuevaUnion,,La Fortuna,,Mine,Other mine,,,,,,,,,Chile,CHL,,,,,det_1602,
1970,COM00949.01,Oyu Tolgoi,,Hugo Dummett North,,Mine,Copper,Copper,Underground,,,,,,,Mongolia,MNG,,,,,det_1065,
1971,COM00949.02,Oyu Tolgoi,,Hugo Dummett North Extension,,Mine,Copper,Copper,Underground,,,,,,,Mongolia,MNG,,,,,det_1065,
1972,COM00951.01,Paint Creek,,Samples,,Mine,Coal,Coal,,,,,,,,United States of America,USA,,,,,det_1642,
1973,COM00951.02,Paint Creek,,Paint Creek,,Mine,Coal,Coal,,,,,,,,United States of America,USA,,,,,det_1642,
1974,COM00954.01,Palmarejo,,Guadalupe,,Mine,Silver,"Gold, Silver",Underground,,,,,,,Mexico,MEX,,,,,det_1477,
1975,COM00954.02,Palmarejo,,Independencia,,Mine,Silver,"Gold, Silver",Underground,,,,,,,Mexico,MEX,,,,,det_1477,
1976,COM00954.03,Palmarejo,,La Nacion,,Mine,Silver,"Gold, Silver",Underground,,,,,,,Mexico,MEX,,,,,det_1477,
1977,COM00955.01,Pampa Norte,,Spence,,Mine,Copper,Copper,Open pit,2006,,,,,,Chile,CHL,,,,,det_1611,
1978,COM00955.02,Pampa Norte,,Cerro Colorado,,Mine,Copper,Copper,Open pit,,,,,,,Chile,CHL,,,,,det_1608,
1979,COM00962.01,Paraopeba,,Jangada,,Mine,Iron,Iron,Open pit,2001,,,,,,Brazil,BRA,,,,,det_1616,
1980,COM00962.02,Paraopeba,,Corrego do Feijao,,Mine,Iron,Iron,Open pit,2003,,,,,,Brazil,BRA,,,,,det_1616,
1981,COM00962.03,Paraopeba,,Capao Xavier,,Mine,Iron,Iron,Open pit,2004,,,,,,Brazil,BRA,,,,,det_1616,
1982,COM00962.04,Paraopeba,,Mar Azul,,Mine,Iron,Iron,Open pit,,,,,,,Brazil,BRA,,,,,det_1162,Acquired by Vale in 2006
1983,COM00971.01,Penasquito,,Penasco,,Mine,Gold,Gold,Open pit,,,,,,,Mexico,MEX,,,,,det_1151,
1984,COM00971.02,Penasquito,,Chile Colorado,,Mine,Gold,Gold,Open pit,,,,,,,Mexico,MEX,,,,,det_1151,
1985,COM00974.01,Pennsylvania Mining Complex,,Bailey Prep plant,,Mine,Coal,Metallurgical coal,Underground,1984,,,,,,United States of America,USA,,,,,det_1415,
1986,COM00974.02,Pennsylvania Mining Complex,,Bailey,,Mine,Coal,Metallurgical coal,Underground,,,,,,,United States of America,USA,,,,,det_1415,
1987,COM00974.03,Pennsylvania Mining Complex,,Enlow Fork,,Mine,Coal,Metallurgical coal,Underground,1989,,,,,,United States of America,USA,,,,,det_1415,
1988,COM00974.04,Pennsylvania Mining Complex,,Harvey,,Mine,Coal,Metallurgical coal,Underground,2013,,,,,,United States of America,USA,,,,,det_1415,
1989,COM00981.01,Phoenix,,Phoenix,,Mine,Copper,Gold,Open pit,,,,,,,United States of America,USA,,,,,det_1007,
1990,COM00981.02,Phoenix,,Lone Tree,Lone Tree Complex,Mine,Copper,Gold,Open pit,,2007,,,,,United States of America,USA,,,,,det_1006,
1991,COM00984.01,Pingdingshan,,Ruzhou,,Mine,Aluminium,Bauxite,,,,,,,,China,CHN,,,,,det_1630,
1992,COM00984.02,Pingdingshan,,Pingdingshan,,Mine,Aluminium,Bauxite,,,,,,,,China,CHN,,,,,det_1630,
1993,COM00985.01,Pingdingshan Tianan Coal,,Tianan No.1,,Mine,Coal,Coking coal,Underground,,,,,,,China,CHN,,,,,det_1379,
1994,COM00985.02,Pingdingshan Tianan Coal,,Tianan No.2,,Mine,Coal,Coking coal,Underground,,,,,,,China,CHN,,,,,det_1379,
1995,COM00985.03,Pingdingshan Tianan Coal,,Tianan No.3,,Mine,Coal,Coal,,,,,,,,China,CHN,,,,,det_1379,
1996,COM00985.04,Pingdingshan Tianan Coal,,Tianan No.4,,Mine,Coal,Coking coal,Underground,,,,,,,China,CHN,,,,,det_1379,
1997,COM00985.05,Pingdingshan Tianan Coal,,Tianan No.5,,Mine,Coal,Coking coal,Underground,,,,,,,China,CHN,,,,,det_1379,
1998,COM00985.06,Pingdingshan Tianan Coal,,Tianan No.6,,Mine,Coal,Coking coal,Underground,,,,,,,China,CHN,,,,,det_1379,
1999,COM00985.07,Pingdingshan Tianan Coal,,Tianan No.7,,Mine,Coal,Coal,,,,,,,,China,CHN,,,,,det_1379,
2000,COM00985.08,Pingdingshan Tianan Coal,,Tianan No.8,,Mine,Coal,Coking coal,Underground,,,,,,,China,CHN,,,,,det_1379,
2001,COM00985.09,Pingdingshan Tianan Coal,,Tianan No.9,,Mine,Coal,Coal,,,,,,,,China,CHN,,,,,det_1379,
2002,COM00985.10,Pingdingshan Tianan Coal,,Tianan No.10,,Mine,Coal,Coking coal,Underground,,,,,,,China,CHN,,,,,det_1379,
2003,COM00985.11,Pingdingshan Tianan Coal,,Tianan No.11,,Mine,Coal,Coking coal,Underground,,,,,,,China,CHN,,,,,det_1379,
2004,COM00985.12,Pingdingshan Tianan Coal,,Tianan No.12,,Mine,Coal,Coking coal,Underground,,,,,,,China,CHN,,,,,det_1379,
2005,COM00985.13,Pingdingshan Tianan Coal,,Tianan No.13,,Mine,Coal,Coking coal,Underground,,,,,,,China,CHN,,,,,det_1379,
2006,COM00985.14,Pingdingshan Tianan Coal,,Xiangshan,,Mine,Coal,Coal,,,,,,,,China,CHN,,,,,det_1379,
2007,COM00985.15,Pingdingshan Tianan Coal,,Wuzhai,"Pioneer-mine, Tianli",Mine,Coal,Coal,,,,,,,,China,CHN,,,,,det_1379,
2008,COM00985.16,Pingdingshan Tianan Coal,,Cheonan Chaochuan,,Mine,Coal,Coal,,,,,,,,China,CHN,,,,,det_1379,
2009,COM00985.17,Pingdingshan Tianan Coal,,Pingbao,Shoushan No.1 Coal Mine,Mine,Coal,Coking coal,Underground,,,,,,,China,CHN,,,,,det_1379,
2010,COM00986.01,Pingguo,,Pinggou East,Quanpo,Mine,Aluminium,Bauxite,,,,,,,,China,CHN,,,,,det_1273,
2011,COM00986.02,Pingguo,,Pinggou North,Burongcun,Mine,Aluminium,Bauxite,,,,,,,,China,CHN,,,,,det_1273,
2012,COM00986.03,Pingguo,,Dashan Aluminium Refinery,,Refinery,Aluminium,"Alumina, Aluminium",,,,,,,,China,CHN,,,,,det_1273,
2013,COM00987.01,Pingshuo,,Antaibao,,Mine,Coal,Coal,Open pit,,,,,,,China,CHN,,,,,det_1579,
2014,COM00987.02,Pingshuo,,Anjialing,"Anjialing No.1, Anjialing No.2",Mine,Coal,Coal,"Open pit, Underground",,,,,,,China,CHN,,,,,det_1579,
2015,COM00987.03,Pingshuo,,Jingdong,,Mine,Coal,Coal,,,,,,,,China,CHN,,,,,det_1579,
2016,COM00987.04,Pingshuo,,Pingshuo,,Mine,Coal,Coal,,,,,,,,China,CHN,,,,,det_1579,
2017,COM00989.01,Pinnacle Complex,,Pinnacle,,Mine,Coal,Metallurgical coal,Underground,,,,,,,United States of America,USA,,,,,det_1234,
2018,COM00989.02,Pinnacle Complex,,Green Ridge,,Mine,Coal,Metallurgical coal,Underground,2004,2012,,,,,United States of America,USA,,,,,det_1234,
2019,COM00990.01,Pinos Altos,,Creston Mascota,,Mine,Gold,Gold,Open pit,,,,,,,Mexico,MEX,,,,,det_1632,
2020,COM00990.02,Pinos Altos,,Pinos Altos,,Mine,Gold,Gold,Underground,,,,,,,Mexico,MEX,,,,,det_1632,
2021,COM01000.01,Polkowice-Sieroszowice,,Polkowice,,Mine,Copper,"Copper, Silver, Lead, Gold",Underground,,,,,,,Poland,POL,,,,,det_1196,
2022,COM01000.02,Polkowice-Sieroszowice,,Radwanice Wschód,,Mine,Copper,"Copper, Silver, Lead, Gold",Underground,,,,,,,Poland,POL,,,,,det_1196,
2023,COM01000.03,Polkowice-Sieroszowice,,Sieroszowice,,Mine,Copper,"Copper, Silver, Lead, Gold",Underground,,,,,,,Poland,POL,,,,,det_1196,
2024,COM01000.04,Polkowice-Sieroszowice,,Gaworzyce,,Mine,Copper,"Copper, Silver, Lead, Gold",Underground,,,,,,,Poland,POL,,,,,det_1196,
2025,COM01003.01,Pongkor and Cibaliung,,Pongkor,,Mine,Gold,Gold,,,,,,,,Indonesia,IDN,,,,,det_1312,
2026,COM01003.02,Pongkor and Cibaliung,,Cibaliung,,Mine,Gold,Gold,,,,,,,,Indonesia,IDN,,,,,det_1312,
2027,COM01007.01,Porcupine,,Hollinger,,Mine,Gold,Gold,Open pit,,,,,,,Canada,CAN,,,,,det_1151,
2028,COM01007.02,Porcupine,,Hoyle pond,,Mine,Gold,Gold,Underground,,,,,,,Canada,CAN,,,,,det_1151,
2029,COM01015.01,Prominent Hill,,Malu,,Mine,Copper,,"Open pit, Underground",,,,,,,Australia,AUS,,,,,det_1648,
2030,COM01015.02,Prominent Hill,,Ankata,,Mine,Copper,,Underground,,,,,,,Australia,AUS,,,,,det_1648,
2031,COM01016.01,PT Adaro Indonesia,,Paringin,,Mine,Coal,Coal,,,,,,,,Indonesia,IDN,,,,,det_1508,
2032,COM01016.02,PT Adaro Indonesia,,Tutupan,,Mine,Coal,Coal,,,,,,,,Indonesia,IDN,,,,,det_1508,
2033,COM01016.03,PT Adaro Indonesia,,Wara,,Mine,Coal,Coal,,,,,,,,Indonesia,IDN,,,,,det_1508,
2034,COM01016.04,PT Adaro Indonesia,,Angsana,,Mine,Coal,Coal,,,,,,,,Indonesia,IDN,,,,,det_1508,
2035,COM01019.01,PT Antang Gunung Meratus,,Block 1,,Mine,Coal,Coal,,,,,,,,Indonesia,IDN,,,,,det_1518,
2036,COM01019.02,PT Antang Gunung Meratus,,Block 2,,Mine,Coal,Coal,,,,,,,,Indonesia,IDN,,,,,det_1518,
2037,COM01019.03,PT Antang Gunung Meratus,,Block 3,,Mine,Coal,Coal,,,,,,,,Indonesia,IDN,,,,,det_1518,
2038,COM01019.04,PT Antang Gunung Meratus,,Block 4,,Mine,Coal,Coal,,,,,,,,Indonesia,IDN,,,,,det_1518,
2039,COM01019.05,PT Antang Gunung Meratus,,Block 5,,Mine,Coal,Coal,,,,,,,,Indonesia,IDN,,,,,det_1518,
2040,COM01019.06,PT Antang Gunung Meratus,,Block 6,,Mine,Coal,Coal,,,,,,,,Indonesia,IDN,,,,,det_1518,
2041,COM01020.01,PT Atlas Resources Tbk,,Mutara Hub,,Mine,Coal,Thermal coal,,,,,,,410,Indonesia,IDN,,,,,det_1516,
2042,COM01020.02,PT Atlas Resources Tbk,,Kukar Hub Borneo Minerals,,Mine,Coal,"Thermal coal, Metallurgical coal",,,,,,,9.33,Indonesia,IDN,,,,,det_1516,
2043,COM01020.03,PT Atlas Resources Tbk,,Kukar Hub Alhasanie,,Mine,Coal,"Thermal coal, Metallurgical coal",,,,,,,13.89,Indonesia,IDN,,,,,det_1516,
2044,COM01020.04,PT Atlas Resources Tbk,,Berau Hub,,Mine,Coal,Thermal coal,,,,,,,150,Indonesia,IDN,,,,,det_1516,
2045,COM01020.05,PT Atlas Resources Tbk,,Kubar Hub Diva Kencana Borneo,,Mine,Coal,Thermal coal,,,,,,,48.64,Indonesia,IDN,,,,,det_1516,
2046,COM01020.06,PT Atlas Resources Tbk,,Kubar Hub Karya Borneo Agung,,Mine,Coal,Thermal coal,,,,,,,100,Indonesia,IDN,,,,,det_1516,
2047,COM01020.07,PT Atlas Resources Tbk,,Oku Hub Hanson Energy Bataraja,,Mine,Coal,Coal,,,,,,,40,Indonesia,IDN,,,,,det_1516,
2048,COM01020.08,PT Atlas Resources Tbk,,Oku Hub Ogan Energy,,Mine,Coal,Coal,,,,,,,149.9,Indonesia,IDN,,,,,det_1516,
2049,COM01020.09,PT Atlas Resources Tbk,,Oku Hub Anugrah Energy,,Mine,Coal,Coal,,,,,,,48.5,Indonesia,IDN,,,,,det_1516,
2050,COM01020.10,PT Atlas Resources Tbk,,Papua Hub Karya Manunggal,,Mine,Coal,Coal,,,,,,,500,Indonesia,IDN,,,,,det_1516,
2051,COM01020.11,PT Atlas Resources Tbk,,Papua Inti Energi,,Mine,Coal,Coal,,,,,,,500,Indonesia,IDN,,,,,det_1516,
2052,COM01028.01,PT Central Omega Resources Tbk,,PT Mulia Pacifc Resources,MPR,Mine,Other (poly)-metallic,Nickel,,2011,,,,,47.8,Indonesia,IDN,,,,,det_1525,"located in Morowali Utara, Central Sulawesi"
2053,COM01028.02,PT Central Omega Resources Tbk,,PT Itamatra Nusantara,IMN,Mine,Other (poly)-metallic,Nickel,,2013,,,,,9.74,Indonesia,IDN,,,,,det_1525,"located in Morowali Utara, Central Sulawesi"
2054,COM01028.03,PT Central Omega Resources Tbk,,Bumi Konawe Abadi,BKA,Mine,Other (poly)-metallic,Nickel,,2011,,,,,4.386,Indonesia,IDN,,,,,det_1525,"located in Sawa, Konawe Utara Regency, South Sulawesi"
2055,COM01028.04,PT Central Omega Resources Tbk,,PT Mega Buana Resources,MBR,Mine,Other (poly)-metallic,Nickel,,,,,,,,Indonesia,IDN,,,,,det_1525,
2056,COM01029.01,PT Gunungbayan Pratamacoal,,Block 1,,Mine,Coal,"Bituminous coal, Semi-soft coking coal",,,2019,,,,,Indonesia,IDN,,,,,det_1519,
2057,COM01029.02,PT Gunungbayan Pratamacoal,,Block 2,,Mine,Coal,Bituminous coal,,,,,,,,Indonesia,IDN,,,,,det_1519,
2058,COM01030.01,PT Indominco Mandiri,,Block 1,,Mine,Coal,Coal,,,,,,,,Indonesia,IDN,,,,,det_1531,
2059,COM01030.02,PT Indominco Mandiri,,CPP4,,Mine,Coal,Coal,,,,,,,,Indonesia,IDN,,,,,det_1531,
2060,COM01032.01,PT Insani Baraperkasa,,Blok G Pinang,,Mine,Coal,Coal,,,,,,,9.445,Indonesia,IDN,,,,,det_1536,
2061,COM01032.02,PT Insani Baraperkasa,,PT Insani Baraperkasa,,Mine,Coal,Coal,,,,,,,,Indonesia,IDN,,,,,det_1536,
2062,COM01033.01,PT Internasional Prima Coal,,Bantuas,,Mine,Coal,Coal,,,,,,,,Indonesia,IDN,,,,,det_1514,
2063,COM01033.02,PT Internasional Prima Coal,,Tabalong,,Mine,Coal,Coal,,,,,,,,Indonesia,IDN,,,,,det_1514,
2064,COM01036.01,PT Kaltim Prima Coal,,Bengalon,,Mine,Coal,Bituminous coal,Open pit,,,,,,76.21,Indonesia,IDN,,,,,det_1510,
2065,COM01036.02,PT Kaltim Prima Coal,,Sangatta,,Mine,Coal,"Bituminous coal, Sub-bituminous coal",Open pit,,,,,,,Indonesia,IDN,,,,,det_1510,
2066,COM01038.01,PT Kitadin,,Tandung Mayang,,Mine,Coal,Coal,,,,,,,,Indonesia,IDN,,,,,det_1531,
2067,COM01038.02,PT Kitadin,,Embalut,,Mine,Coal,Coal,,,,,,,,Indonesia,IDN,,,,,det_1531,
2068,COM01040.01,PT Mitrabara Adiperdana Tbk,,PT Mitrabara Adiperdana Tbk,,Mine,Coal,Coal,,,,,,,,Indonesia,IDN,,,,,det_1534,
2069,COM01040.02,PT Mitrabara Adiperdana Tbk,,PT Baradinamika Mudasukses,,Mine,Coal,Coal,,,,,,,,Indonesia,IDN,,,,,det_1535,
2070,COM01048.01,PT Trubaindo Coal Mining,,Block 1,,Mine,Coal,Coal,,,,,,,,Indonesia,IDN,,,,,det_1531,
2071,COM01048.02,PT Trubaindo Coal Mining,,Blok 2 Barat Sim 3000,,Mine,Coal,Coal,,,,,,,,Indonesia,IDN,,,,,det_1531,
2072,COM01049.01,PT Tuah Turangga Agung,,PT Asmin Bara Bronang,"ABB, Asmin Bara Jaan, ABJ",Mine,Coal,Thermal coal,,2013,,,,,,Indonesia,IDN,,,,,det_1538,"Located in Kapuas dan Murung Raya, Kalimantan Tengah"
2073,COM01049.02,PT Tuah Turangga Agung,,PT Telen Orbit Prima,"TOP, PT Tuah Turangga Agung",Mine,Coal,Thermal coal,,2010,,,,,,Indonesia,IDN,,,,,det_1538,
2074,COM01049.03,PT Tuah Turangga Agung,,PT Kadya Caraka Mulia,KCM,Mine,Coal,Thermal coal,,2007,,,,,,Indonesia,IDN,,,,,det_1538,
2075,COM01049.04,PT Tuah Turangga Agung,,PT Suprabari Mapanindo Mineral,SMM,Mine,Coal,Coking coal,,2014,,,,,,Indonesia,IDN,,,,,det_1538,
2076,COM01049.05,PT Tuah Turangga Agung,,PT Prima Multi Mineral,PMM,Mine,Coal,Thermal coal,,2007,,,,,,Indonesia,IDN,,,,,det_1674,"Located in Rantau, South Kalimantan"
2077,COM01049.06,PT Tuah Turangga Agung,,PT Duta Nurcahya,"DN, Duta Sejahtera, DS",Mine,Coal,Thermal coal,,2013,,,,,,Indonesia,IDN,,,,,det_1674,"Located in Barito Utara, Kalimantan Tengah"
2078,COM01052.01,Pueblo Viejo,,Moore,,Mine,Gold,Gold,Open Pit,,,,,,,Dominican Republic,DOM,,,,,det_1024,
2079,COM01052.02,Pueblo Viejo,,Monte Negro,,Mine,Gold,Gold,Open Pit,,,,,,,Dominican Republic,DOM,,,,,det_1024,
2080,COM01053.01,Puna,,Pirquitas,,Mine,Silver,,,2009,,,,,,Argentina,ARG,,,,,det_1387,
2081,COM01053.02,Puna,,Chinchillas,,Mine,Silver,,Open pit,2018,,,,,,Argentina,ARG,,,,,det_1387,
2082,COM01061.01,Rajpura Dariba,,Sindesar Khurd,,Mine,Zinc,"Lead, Zinc",Underground,2006,,,,,,India,IND,,,,,det_1307,
2083,COM01061.02,Rajpura Dariba,,Rajpura Dariba,,Mine,Zinc,"Lead, Zinc",Underground,,,,,,,India,IND,,,,,det_1307,
2084,COM01064.01,Raspadskaya,,Raspadskaya,,Mine,Coal,Metallurgical coal,Underground,1973,,,,,,Russian Federation,RUS,,,,,det_1555,
2085,COM01064.02,Raspadskaya,,Razrez Raspadsky,Raspadsky,Mine,Coal,Metallurgical coal,Open pit,2004,,,,,,Russian Federation,RUS,,,,,det_1555,
2086,COM01064.03,Raspadskaya,,MUK-96,,Mine,Coal,Metallurgical coal,Underground,,2015,,,,,Russian Federation,RUS,,,,,det_1555,
2087,COM01064.04,Raspadskaya,,Raspadskaya-Koksovaya,,Mine,Coal,Metallurgical coal,Underground,2003,,,,,,Russian Federation,RUS,,,,,det_1555,
2088,COM01074.01,Red Lake,,Red Lake,,Mine,Gold,Gold,Underground,,,,,,,Canada,CAN,,,,,det_1153,
2089,COM01074.02,Red Lake,,Campbell,,Mine,Gold,Gold,Underground,,,,,,,Canada,CAN,,,,,det_1153,
2090,COM01074.03,Red Lake,,Cochenour,,Mine,Gold,Gold,Underground,2014,,,,,,Canada,CAN,,,,,det_1614,
2091,COM01077.01,Reefton,,Globe Progress,,Mine,Gold,Gold,Open pit,,,,,,,New Zealand,NZL,,,,,det_1633,
2092,COM01077.02,Reefton,,General Gordon,,Mine,Gold,Gold,Open pit,,,,,,,New Zealand,NZL,,,,,det_1633,
2093,COM01077.03,Reefton,,Souvenir,,Mine,Gold,Gold,Open pit,,,,,,,New Zealand,NZL,,,,,det_1633,
2094,COM01079.01,Remington,,Stockburg 2,,Mine,Coal,Coal,,,,,,,,United States of America,USA,,,,,det_1398,
2095,COM01079.02,Remington,,Deskins,,Mine,Coal,Coal,,,,,,,,United States of America,USA,,,,,det_1398,
2096,COM01081.01,Renison,,Renison,Renison Bell Mine,Mine,Other (poly)-metallic,Tin,Underground,,,,,,,Australia,AUS,,,,,det_1437,
2097,COM01081.02,Renison,,Mt Bischoff,,Mine,Other (poly)-metallic,Tin,Open pit,,,care and maintenance,2010,,,Australia,AUS,,,,,det_1437,
2098,COM01090.01,Robe River,,Robe Valley,"Pannawonica, Mesa J, Mesa H",Mine,Iron,Iron,Open pit,,,,,,,Australia,AUS,,,,,det_1067,
2099,COM01090.02,Robe River,,Robe Valley - Mesa A,,Mine,Iron,Iron,Open pit,,,,,,,Australia,AUS,,,,,det_1067,
2100,COM01090.03,Robe River,,West Angelas,,Mine,Iron,Iron,Open pit,,,,,,,Australia,AUS,,,,,det_1067,
2101,COM01094.01,Rocklick,,Rocklick,,Mine,Coal,,,,,,,,,United States of America,USA,,,,,det_1643,
2102,COM01094.02,Rocklick,,Harris,,Mine,Coal,,,,,,,,,United States of America,USA,,,,,det_1643,
2103,COM01105.01,Rustenburg,,Waterval,,Mine,Other (poly)-metallic,PGM,Underground,,,,,,,South Africa,ZAF,,,,,det_1601,
2104,COM01105.02,Rustenburg,,Khuseleka 1,,Mine,Other (poly)-metallic,PGM,Underground,,,,,,,South Africa,ZAF,,,,,det_1601,
2105,COM01105.03,Rustenburg,,Khuseleka 2,,Mine,Other (poly)-metallic,PGM,Underground,,,,,,,South Africa,ZAF,,,,,det_1601,
2106,COM01105.04,Rustenburg,,Thembelani,,Mine,Other (poly)-metallic,PGM,Underground,,,,,,,South Africa,ZAF,,,,,det_1601,
2107,COM01107.01,Safford,,Lone Star,,Mine,Copper,Copper,,,,,,,,United States of America,USA,,,,,det_1167,
2108,COM01107.02,Safford,,Safford,,Mine,Copper,Copper,,,,,,,,United States of America,USA,,,,,det_1167,
2109,COM01123.01,San Julian,,Veins,,Mine,Silver,"Silver, Gold",,,,,,,,Mexico,MEX,,,,,det_1125,
2110,COM01123.02,San Julian,,Disseminated,,Mine,Silver,"Silver, Gold, Lead, Zinc",,,,,,,,Mexico,MEX,,,,,det_1125,
2111,COM01124.01,San Luis Potosi Complex,,San Luis Potosi Smelter,,Smelter,Processing,,,1925,2010,,,,,Mexico,MEX,,,,,det_1598,
2112,COM01124.02,San Luis Potosi Complex,,San Luis Potosi Refinery,,Refinery,Processing,,,1982,,,,,,Mexico,MEX,,,,,det_1598,
2113,COM01136.01,Sasol Sigma,,Mooikraal,,Mine,Coal,Coal,Underground,,,,,,,South Africa,ZAF,,,,,det_1581,
2114,COM01136.02,Sasol Sigma,,Moholo,,Mine,Coal,Coal,,,,,,,,South Africa,ZAF,,,,,det_1581,
2115,COM01143.01,Seabee,,Seabee,,Mine,Gold,Gold,,,,,,,,Canada,CAN,,,,,det_1387,
2116,COM01143.02,Seabee,,Santoy,,Mine,Gold,Gold,,,,,,,,Canada,CAN,,,,,det_1387,
2117,COM01143.03,Seabee,,Porky,,Mine,Gold,Gold,,,,,,,,Canada,CAN,,,,,det_1387,
2118,COM01155.01,Serra Norte,,N4W,,Mine,Iron,Iron,Open pit,,,,,,,Brazil,BRA,,,,,det_1162,
2119,COM01155.02,Serra Norte,,N4E,,Mine,Iron,Iron,Open pit,,,,,,,Brazil,BRA,,,,,det_1162,
2120,COM01155.03,Serra Norte,,N5,,Mine,Iron,Iron,Open pit,,,,,,,Brazil,BRA,,,,,det_1162,
2121,COM01155.04,Serra Norte,,N5-W,,Mine,Iron,Iron,Open pit,,,,,,,Brazil,BRA,,,,,det_1617,
2122,COM01155.05,Serra Norte,,N5E,,Mine,Iron,Iron,Open pit,,,,,,,Brazil,BRA,,,,,det_1617,
2123,COM01155.06,Serra Norte,,N5E-N,,Mine,Iron,Iron,Open pit,,,,,,,Brazil,BRA,,,,,det_1617,
2124,COM01155.07,Serra Norte,,Carajas,,Mine,Iron,Iron,Open pit,,,,,,,Brazil,BRA,,,,,det_1619,
2125,COM01160.01,Shaanxi Binhuang Mining Area,,Binchang mining area,,Mine,Coal,Coal,,,,,,,,China,CHN,,,,,det_1378,
2126,COM01160.02,Shaanxi Binhuang Mining Area,,Huangling mining area,,Mine,Coal,Coal,,,,,,,,China,CHN,,,,,det_1378,
2127,COM01162.01,Shaanxi Weibei Mining Area,,Jiaoping,,Mine,Coal,Coal,,,,,,,,China,CHN,,,,,det_1378,
2128,COM01162.02,Shaanxi Weibei Mining Area,,Tongchuan,,Mine,Coal,Coal,,,,,,,,China,CHN,,,,,det_1378,
2129,COM01162.03,Shaanxi Weibei Mining Area,,Pubai,"Jianzhuang, Jianxin",Mine,Coal,Coal,,,,,,,,China,CHN,,,,,det_1378,
2130,COM01162.04,Shaanxi Weibei Mining Area,,Chenghe,,Mine,Coal,Coal,,,,,,,,China,CHN,,,,,det_1378,
2131,COM01162.05,Shaanxi Weibei Mining Area,,Han,,Mine,Coal,Coal,,,,,,,,China,CHN,,,,,det_1378,
2132,COM01168.01,Shanxi Lu'an Mines,,Wangzhuang,,Mine,Coal,Coal,Underground,,,,,,,China,CHN,,,,,det_1582,
2133,COM01168.02,Shanxi Lu'an Mines,,Changcun,,Mine,Coal,Coal,Underground,,,,,,,China,CHN,,,,,det_1582,
2134,COM01168.03,Shanxi Lu'an Mines,,Yuwu,,Mine,Coal,Coal,Underground,,,,,,,China,CHN,,,,,det_1582,
2135,COM01168.04,Shanxi Lu'an Mines,,Zhangcun,,Mine,Coal,Coal,Underground,,,,,,,China,CHN,,,,,det_1582,
2136,COM01168.05,Shanxi Lu'an Mines,,Wuyang,,Mine,Coal,Coal,Underground,,,,,,,China,CHN,,,,,det_1582,
2137,COM01168.06,Shanxi Lu'an Mines,,Luning,,Mine,Coal,Coal,Underground,,,,,,,China,CHN,,,,,det_1582,
2138,COM01168.07,Shanxi Lu'an Mines,,Licun,"Cilin, Cilin Mountain",Mine,Coal,Coal,Underground,,,,,,,China,CHN,,,,,det_1582,
2139,COM01174.01,Shendong Mines,,Bulianta,,Mine,Coal,Coal,,,,,,,,China,CHN,,,,,det_1637,
2140,COM01174.02,Shendong Mines,,Daliuta-Huojitu,,Mine,Coal,Coal,,,,,,,,China,CHN,,,,,det_1637,
2141,COM01174.03,Shendong Mines,,Yujialiang,,Mine,Coal,Coal,,,,,,,,China,CHN,,,,,det_1637,
2142,COM01174.04,Shendong Mines,,Shangwan,,Mine,Coal,Coal,,,,,,,,China,CHN,,,,,det_1637,
2143,COM01174.05,Shendong Mines,,Halagou,,Mine,Coal,Coal,,,,,,,,China,CHN,,,,,det_1637,
2144,COM01174.06,Shendong Mines,,Baode,Kangjiatan,Mine,Coal,Coal,,,,,,,,China,CHN,,,,,det_1637,
2145,COM01174.07,Shendong Mines,,Shigetai,,Mine,Coal,Coal,,,,,,,,China,CHN,,,,,det_1637,
2146,COM01174.08,Shendong Mines,,Wulanmulun,,Mine,Coal,Coal,,,,,,,,China,CHN,,,,,det_1637,
2147,COM01174.09,Shendong Mines,,Jinjie,,Mine,Coal,Coal,,,,,,,,China,CHN,,,,,det_1638,
2148,COM01174.10,Shendong Mines,,Bu’erta,Buertai,Mine,Coal,Coal,,,,,,,,China,CHN,,,,,det_1637,
2149,COM01174.11,Shendong Mines,,Wanli,"Changhangou, Wanli No.1 Mine, Wanli Mines",Mine,Coal,Coal,Open pit,,,,,,,China,CHN,,,,,det_1377,
2150,COM01174.12,Shendong Mines,,Liuta,Liuta mine,Mine,Coal,Coal,,,,,,,,China,CHN,,,,,det_1637,
2151,COM01174.13,Shendong Mines,,Cuncaota No. 1,Cuncaota No. 1 mine,Mine,Coal,Coal,,,,,,,,China,CHN,,,,,det_1637,
2152,COM01174.14,Shendong Mines,,Cuncaota No. 2,Cuncaota No. 2 mine,Mine,Coal,Coal,,,,,,,,China,CHN,,,,,det_1637,
2153,COM01174.15,Shendong Mines,,Huangyuchuan,Huangyuchuan Mine,Mine,Coal,Coal,,,,,,,,China,CHN,,,,,det_1637,
2154,COM01174.16,Shendong Mines,,Tanggonggou,,Mine,Coal,Coal,,,,,,,,China,CHN,,,,,det_1639,
2155,COM01174.17,Shendong Mines,,Other Shendong Mines,,Mine,Coal,Coal,,,,,,,,China,CHN,,,,,det_1637,
2156,COM01178.01,Shila-Paula,,Shila,"Minera Shila, Minera Shila S.A.C.",Mine,Gold,,,,,,,,,Peru,PER,,,,,det_1343,
2157,COM01178.02,Shila-Paula,,Paula,Minera Paula,Mine,Gold,,,,,,,,,Peru,PER,,,,,det_1343,
2158,COM01195.01,Simberi,,Sorowar,,Mine,Gold,,,,,,,,,Papua New Guinea,PNG,,,,,det_1650,
2159,COM01195.02,Simberi,,Simberi,,Mine,Gold,,,,,,,,,Papua New Guinea,PNG,,,,,det_1650,
2160,COM01206.01,Somerville,,Somerville North,,Mine,Coal,Coal,,,,,,,,United States of America,USA,,,,,det_1390,
2161,COM01206.02,Somerville,,Somerville South,,Mine,Coal,Coal,,,,,,,,United States of America,USA,,,,,det_1390,
2162,COM01206.03,Somerville,,Somerville Central,,Mine,Coal,Coal,,,,,,,,United States of America,USA,,,,,det_1390,
2163,COM01210.01,South Eastern Coalfields Limited,,Chirimiri,,Mine,Coal,Coal,,,,,,,,India,IND,,,,,det_1667,
2164,COM01210.02,South Eastern Coalfields Limited,,Baikunthpur,,Mine,Coal,Coal,,,,,,,,India,IND,,,,,det_1667,
2165,COM01210.03,South Eastern Coalfields Limited,,Bisrampur,,Mine,Coal,Coal,,,,,,,,India,IND,,,,,det_1667,
2166,COM01210.04,South Eastern Coalfields Limited,,Hasdeo,,Mine,Coal,Coal,,,,,,,,India,IND,,,,,det_1667,
2167,COM01210.05,South Eastern Coalfields Limited,,Bhatgaon,,Mine,Coal,Coal,,,,,,,,India,IND,,,,,det_1667,
2168,COM01210.06,South Eastern Coalfields Limited,,Jamuna,,Mine,Coal,Coal,,,,,,,,India,IND,,,,,det_1667,
2169,COM01210.07,South Eastern Coalfields Limited,,Sohagpur,,Mine,Coal,Coal,,,,,,,,India,IND,,,,,det_1667,
2170,COM01210.08,South Eastern Coalfields Limited,,Johilla,,Mine,Coal,Coal,,,,,,,,India,IND,,,,,det_1667,
2171,COM01210.09,South Eastern Coalfields Limited,,Korba,,Mine,Coal,Coal,,,,,,,,India,IND,,,,,det_1667,
2172,COM01210.10,South Eastern Coalfields Limited,,Kusmunda,,Mine,Coal,Coal,,,,,,,,India,IND,,,,,det_1667,
2173,COM01210.11,South Eastern Coalfields Limited,,Dipka,,Mine,Coal,Coal,,,,,,,,India,IND,,,,,det_1667,
2174,COM01210.12,South Eastern Coalfields Limited,,Gevra,,Mine,Coal,Coal,,,,,,,,India,IND,,,,,det_1667,
2175,COM01210.13,South Eastern Coalfields Limited,,Raigarh,,Mine,Coal,Coal,,,,,,,,India,IND,,,,,det_1667,
2176,COM01210.14,South Eastern Coalfields Limited,,Korea,,Mine,Coal,Coal,,,,,,,,India,IND,,,,,det_1667,
2177,COM01210.15,South Eastern Coalfields Limited,,Driver,,Mine,Coal,Coal,,,,,,,,India,IND,,,,,det_1667,
2178,COM01210.16,South Eastern Coalfields Limited,,Kurasia,,Mine,Coal,Coal,,,,,,,,India,IND,,,,,det_1667,
2179,COM01210.17,South Eastern Coalfields Limited,,Amadand,,Mine,Coal,Coal,,,,,,,,India,IND,,,,,det_1667,
2180,COM01210.18,South Eastern Coalfields Limited,,Kurja,,Mine,Coal,Coal,,,,,,,,India,IND,,,,,det_1667,
2181,COM01210.19,South Eastern Coalfields Limited,,Bijuri,,Mine,Coal,Coal,,,,,,,,India,IND,,,,,det_1667,
2182,COM01210.20,South Eastern Coalfields Limited,,Baherabandh,,Mine,Coal,Coal,,,,,,,,India,IND,,,,,det_1667,
2183,COM01210.21,South Eastern Coalfields Limited,,Bhadra,,Mine,Coal,Coal,Underground,,,,,,,India,IND,,,,,det_1667,
2184,COM01210.22,South Eastern Coalfields Limited,,Kotma,,Mine,Coal,Coal,,,,,,,,India,IND,,,,,det_1667,
2185,COM01210.23,South Eastern Coalfields Limited,,Atul Bhardwaaj,,Mine,Coal,Coal,,,,,,,,India,IND,,,,,det_1667,
2186,COM01210.24,South Eastern Coalfields Limited,,Dhanpuri,,Mine,Coal,Coal,,,,,,,,India,IND,,,,,det_1667,
2187,COM01210.25,South Eastern Coalfields Limited,,Amlai,,Mine,Coal,Coal,,,,,,,,India,IND,,,,,det_1667,
2188,COM01215.01,Southern Cross,,Copperhead,,Mine,Gold,Gold,,,,,,,,Australia,AUS,,,,,det_1462,
2189,COM01215.02,Southern Cross,,Corinthian,,Mine,Gold,Gold,,,,,,,,Australia,AUS,,,,,det_1462,
2190,COM01215.03,Southern Cross,,Frasers South,,Mine,Gold,Gold,,,,,,,,Australia,AUS,,,,,det_1462,
2191,COM01215.04,Southern Cross,,Marvel Loch,,Mine,Gold,Gold,Underground,,,,,,,Australia,AUS,,,,,det_1462,
2192,COM01215.05,Southern Cross,,Nevoria,,Mine,Gold,Gold,,,,,,,,Australia,AUS,,,,,det_1462,
2193,COM01232.01,Sudbury Integrated Nickel Operations,,Fraser,,Mine,Nickel,Nickel,,,,,,,,Canada,CAN,,,,,det_1178,
2194,COM01232.02,Sudbury Integrated Nickel Operations,,Nickel Rim South,,Mine,Nickel,Nickel,,,,,,,,Canada,CAN,,,,,det_1178,
2195,COM01232.03,Sudbury Integrated Nickel Operations,,Raglan,,Mine,Nickel,Nickel,,,,,,,,Canada,CAN,,,,,det_1178,
2196,COM01233.01,SUEK Buryatia,,Nikolsky,,Mine,Coal,Hard coal,Open pit,,,,,,,Russian Federation,RUS,,,,,det_1553,
2197,COM01233.02,SUEK Buryatia,,Tugnuisky,,Mine,Coal,Hard coal,Open pit,,,,,,,Russian Federation,RUS,,,,,det_1553,
2198,COM01234.01,SUEK Kemerovo,,Kamyshansky,,Mine,Coal,Hard coal,Open pit,,,,,,,Russian Federation,RUS,,,,,det_1553,
2199,COM01234.02,SUEK Kemerovo,,Kirov,,Mine,Coal,Hard coal,Underground,,,,,,,Russian Federation,RUS,,,,,det_1553,
2200,COM01234.03,SUEK Kemerovo,,Komsomolets,,Mine,Coal,Hard coal,Underground,,,,,,,Russian Federation,RUS,,,,,det_1553,
2201,COM01234.04,SUEK Kemerovo,,Polysaevskaya,,Mine,Coal,Hard coal,Underground,,,,,,,Russian Federation,RUS,,,,,det_1553,
2202,COM01234.05,SUEK Kemerovo,,Ruban,,Mine,Coal,Hard coal,Underground,,,,,,,Russian Federation,RUS,,,,,det_1553,
2203,COM01234.06,SUEK Kemerovo,,Taldinskaya-Zapadnaya 1,,Mine,Coal,Hard coal,Underground,,,,,,,Russian Federation,RUS,,,,,det_1553,
2204,COM01234.07,SUEK Kemerovo,,Taldinskaya-Zapadnaya 2,,Mine,Coal,Hard coal,Underground,,,,,,,Russian Federation,RUS,,,,,det_1553,
2205,COM01234.08,SUEK Kemerovo,,Yalevsky,,Mine,Coal,Hard coal,Underground,,,,,,,Russian Federation,RUS,,,,,det_1553,
2206,COM01234.09,SUEK Kemerovo,,Zarechny,,Mine,Coal,Hard coal,Open pit,,,,,,,Russian Federation,RUS,,,,,det_1553,
2207,COM01235.01,SUEK Khabarovsk,,Bureinsky,,Mine,Coal,Hard coal,Open pit,,,,,,,Russian Federation,RUS,,,,,det_1553,
2208,COM01235.02,SUEK Khabarovsk,,Pravoberezhny,,Mine,Coal,Hard coal,Open pit,,,,,,,Russian Federation,RUS,,,,,det_1553,
2209,COM01235.03,SUEK Khabarovsk,,Severnaya,,Mine,Coal,Hard coal,Underground,,,,,,,Russian Federation,RUS,,,,,det_1553,
2210,COM01236.01,SUEK Khakassia,,Abakansky,,Mine,Coal,Hard coal,Open pit,,,,,,,Russian Federation,RUS,,,,,det_1553,
2211,COM01236.02,SUEK Khakassia,,Chernogorsky,,Mine,Coal,Hard coal,Open pit,,,,,,,Russian Federation,RUS,,,,,det_1553,
2212,COM01236.03,SUEK Khakassia,,Izykhsky,,Mine,Coal,Hard coal,Open pit,,,,,,,Russian Federation,RUS,,,,,det_1553,
2213,COM01236.04,SUEK Khakassia,,Vostochno-Beisky,,Mine,Coal,Hard coal,Open pit,,,,,,,Russian Federation,RUS,,,,,det_1553,
2214,COM01236.05,SUEK Khakassia,,Khakasskaya,,Mine,Coal,Hard coal,Underground,,2017,,,,,Russian Federation,RUS,,,,,det_1553,
2215,COM01237.01,SUEK Krasnoyarsk,,Berezovsky,,Mine,Coal,Brown coal,Open pit,,,,,,,Russian Federation,RUS,,,,,det_1553,
2216,COM01237.02,SUEK Krasnoyarsk,,Borodinsky,,Mine,Coal,Brown coal,Open pit,,,,,,,Russian Federation,RUS,,,,,det_1553,
2217,COM01237.03,SUEK Krasnoyarsk,,Nazarovsky,,Mine,Coal,Brown coal,Open pit,,,,,,,Russian Federation,RUS,,,,,det_1553,
2218,COM01238.01,SUEK Primorye,,Nekkovy,,Mine,Coal,Hard coal,Open pit,2017,,,,,,Russian Federation,RUS,,,,,det_1553,
2219,COM01238.02,SUEK Primorye,,Novoshakhtinskoye,,Mine,Coal,Brown coal,Open pit,,,,,,,Russian Federation,RUS,,,,,det_1553,
2220,COM01239.01,SUEK Zabaikalye,,Apsatsky,,Mine,Coal,Hard coal,Open pit,,,,,,,Russian Federation,RUS,,,,,det_1553,
2221,COM01239.02,SUEK Zabaikalye,,Kharanorsky,,Mine,Coal,Brown coal,Open pit,,,,,,,Russian Federation,RUS,,,,,det_1553,
2222,COM01239.03,SUEK Zabaikalye,,Vostochny,,Mine,Coal,Brown coal,Open pit,,,,,,,Russian Federation,RUS,,,,,det_1553,
2223,COM01242.01,Sukha Balka,,Yubileynaya,,Mine,Iron,Iron ore,Underground,,,,,,,Ukraine,UKR,,,,,det_1560,
2224,COM01242.02,Sukha Balka,,Frunze,,Mine,Iron,Iron ore,Underground,,,,,,,Ukraine,UKR,,,,,det_1560,
2225,COM01244.01,Sycamore and Imperial,,Sycamore No. 2,,Mine,Coal,Coal,,,,,,,,United States of America,USA,,,,,det_1405,
2226,COM01244.02,Sycamore and Imperial,,Imperial,,Mine,Coal,"Metallurgical coal, Thermal coal",,2006,2012,,,,,United States of America,USA,,,,,det_1644,
2227,COM01244.03,Sycamore and Imperial,,Sycamore No. 1,Fairfax No. 3,Mine,Coal,Coal,Underground,,2007,,,,,United States of America,USA,,,,,det_1645,
2228,COM01244.04,Sycamore and Imperial,,Sago,,Mine,Coal,Coal,Underground,1999,,,,,,United States of America,USA,,,,,det_1646,
2229,COM01246.01,Tabang Project,,Fajar Sakti Prima,"PT Fajar Sakti Prima, FSP",Mine,Coal,Sub-bituminous coal,,,,,,,37.75,Indonesia,IDN,,,,,det_1519,
2230,COM01246.02,Tabang Project,,Bara Tabang,"PT Bara Tabang, BT",Mine,Coal,Sub-bituminous coal,,,,,,,30.15,Indonesia,IDN,,,,,det_1519,
2231,COM01246.03,Tabang Project,,Brian Anjat Sentosa,"PT Brian Anjat Sentosa, BAS",Mine,Coal,Sub-bituminous coal,,,,,,,40.25,Indonesia,IDN,,,,,det_1519,
2232,COM01257.01,Tanjung Enim,,Air Laya,TAL,Mine,Coal,Coal,,,,,,,28.66,Indonesia,IDN,,,,,det_1512,
2233,COM01257.02,Tanjung Enim,,Muara Tiga Besar,MTB,Mine,Coal,Coal,,,,,,,,Indonesia,IDN,,,,,det_1512,
2234,COM01257.03,Tanjung Enim,,Banko Barat & Tengah,,Mine,Coal,Coal,,,,,,,,Indonesia,IDN,,,,,det_1512,
2235,COM01257.04,Tanjung Enim,,"Banjarsari, Kungkilan, Bunian, Arahan Utara, Arahan Selatan",,Mine,Coal,Coal,,,,,,,,Indonesia,IDN,,,,,det_1512,
2236,COM01269.01,Teguh Sinarabadi and Firman Ketaun Perkasa,,Teguh Sinarabadi,,Mine,Coal,Bituminous coal,,,,,,,35.05,Indonesia,IDN,,,,,det_1519,
2237,COM01269.02,Teguh Sinarabadi and Firman Ketaun Perkasa,,Firman Ketaun Perkasa,,Mine,Coal,Bituminous coal,,,,,,,127.1,Indonesia,IDN,,,,,det_1519,
2238,COM01275.01,Thalanga,,Far West,,Mine,Copper,,,,,,,,,Australia,AUS,,,,,det_1457,
2239,COM01275.02,Thalanga,,Liontown,,Mine,Copper,,,,,,,,,Australia,AUS,,,,,det_1457,
2240,COM01276.01,The Boliden Area,,Renström,,Mine,Zinc,"Zinc, Copper, Lead, Gold, Silver",,,,,,,,Sweden,SWE,,,,,det_1124,
2241,COM01276.02,The Boliden Area,,Kristineberg,,Mine,Zinc,"Zinc, Copper, Lead, Gold, Silver",,,,,,,,Sweden,SWE,,,,,det_1124,
2242,COM01276.03,The Boliden Area,,Kankberg,,Mine,Zinc,"Gold, Tellurium",,,,,,,,Sweden,SWE,,,,,det_1124,
2243,COM01276.04,The Boliden Area,,Maurliden,,Mine,Zinc,"Zinc, Copper, Lead, Gold, Silver",,,,,,,,Sweden,SWE,,,,,det_1124,
2244,COM01276.05,The Boliden Area,,Boliden,,Mine,Zinc,,,,,,,,,Sweden,SWE,,,,,det_1124,
2245,COM01278.01,Thunderbox,,Thunderbox,,Mine,Gold,Gold,,,,,,,,Australia,AUS,,,,,det_1499,
2246,COM01278.02,Thunderbox,,Rainbow,,Mine,Gold,Gold,,,,,,,,Australia,AUS,,,,,det_1499,
2247,COM01278.03,Thunderbox,,Otto Bore,,Mine,Gold,Gold,,,,,,,,Australia,AUS,,,,,det_1499,
2248,COM01278.04,Thunderbox,,Kailis,,Mine,Gold,Gold,,,,,,,,Australia,AUS,,,,,det_1499,
2249,COM01278.05,Thunderbox,,Bannockburn,,Mine,Gold,Gold,,,,,,,,Australia,AUS,,,,,det_1499,
2250,COM01278.06,Thunderbox,,Waterloo,,Mine,Gold,Gold,,,,,,,,Australia,AUS,,,,,det_1499,
2251,COM01284.01,Timmins West & Bell Creek,,Timmins West,,Mine,Gold,Gold,Underground,,2011,,,,,Canada,CAN,,,,,det_1382,
2252,COM01284.02,Timmins West & Bell Creek,,Bell Creek,,Mine,Gold,Gold,Underground,,2012,,,,,Canada,CAN,,,,,det_1382,
2253,COM01292.01,Touquoy,,Beaver Dam,,Mine,Gold,,,,,,,,,Canada,CAN,,,,,det_1649,
2254,COM01292.02,Touquoy,,Fifteen Mile Stream,,Mine,Gold,,,,,,,,,Canada,CAN,,,,,det_1649,
2255,COM01292.03,Touquoy,,Cochrane Hill,,Mine,Gold,,,,,,,,,Canada,CAN,,,,,det_1649,
2256,COM01295.01,Tritton,,Tritton,,Mine,Copper,Copper,Underground,2004,,,,,,Australia,AUS,,,,,det_1433,
2257,COM01295.02,Tritton,,Murrawombie,,Mine,Copper,Copper,"Open pit, Underground",2016,,,,,,Australia,AUS,,,,,det_1433,
2258,COM01295.03,Tritton,,Avoca Tank,,Mine,Copper,Copper,Underground,,,,,,,Australia,AUS,,,,,det_1433,
2259,COM01295.04,Tritton,,Girilambone,,Mine,Copper,Copper,,,2003,,,,,Australia,AUS,,,,,det_1435,
2260,COM01299.01,Tuhup,,Kohong,,Mine,Coal,Metallurgical coal,,,,,,,,Indonesia,IDN,,,,,det_1523,
2261,COM01299.02,Tuhup,,Telakon,,Mine,Coal,Metallurgical coal,,,,,,,,Indonesia,IDN,,,,,det_1523,
2262,COM01302.01,Tunnel Ridge Complex,,Prep plant,,Mine,Coal,Coal,,,,,,,,United States of America,USA,,,,,det_1411,
2263,COM01302.02,Tunnel Ridge Complex,,Portal 16,,Mine,Coal,Coal,,,,,,,,United States of America,USA,,,,,det_1411,
2264,COM01308.01,Twin Creeks Operation,,Twin Creeks Mine,,Mine,Gold,Gold,"Open Pit, Underground",,,,,,,United States of America,USA,,,,,det_1595,
2265,COM01308.02,Twin Creeks Operation,,Turquoise Ridge,,Mine,Gold,Gold,Underground,,,,,,,United States of America,USA,,,,,det_1024,
2266,COM01318.01,United Coal Company,,Wellmore Coal Company,,Mine,Coal,Coal,,,,,,,,United States of America,USA,,,,,det_1231,
2267,COM01318.02,United Coal Company,,Pocahontas Coal Company,,Mine,Coal,Coal,,,,,,,,United States of America,USA,,,,,det_1231,
2268,COM01318.03,United Coal Company,,Affinity Coal Complex,,Mine,Coal,Coal,,,,,,,,United States of America,USA,,,,,det_1231,
2269,COM01318.04,United Coal Company,,Carter Roag Coal Company,,Mine,Coal,Coal,,,,,,,,United States of America,USA,,,,,det_1231,
2270,COM01327.01,Vale Tubarao,,Tubarao 1 and 2,CVRD 1 and CVRD 2,Refinery,Processing,Iron ore pellets,,,,,,,,Brazil,BRA,,,,,det_1620,
2271,COM01327.02,Vale Tubarao,,Tubarao 3,Itabrasco,Refinery,Processing,Iron ore pellets,,,,,,,,Brazil,BRA,,,,,det_1620,
2272,COM01327.03,Vale Tubarao,,Tubarao 4,Hispanobras,Refinery,Processing,Iron ore pellets,,,,,,,,Brazil,BRA,,,,,det_1620,
2273,COM01327.04,Vale Tubarao,,Tubarao 5 and 6,Nibrasco,Refinery,Processing,Iron ore pellets,,,,,,,,Brazil,BRA,,,,,det_1620,
2274,COM01327.05,Vale Tubarao,,Tubarao 7,Kobrasco,Refinery,Processing,Iron ore pellets,,,,,,,,Brazil,BRA,,,,,det_1620,
2275,COM01327.06,Vale Tubarao,,Tubarao 8,,Refinery,Processing,Iron ore pellets,,,,,,,,Brazil,BRA,,,,,det_1620,
2276,COM01329.01,Vargem Grande,,Tamandua,,Mine,Iron,Iron,Open pit,1993,,,,,,Brazil,BRA,,,,,det_1616,
2277,COM01329.02,Vargem Grande,,Capitao do Mato,,Mine,Iron,Iron,Open pit,1997,,,,,,Brazil,BRA,,,,,det_1616,
2278,COM01329.03,Vargem Grande,,Aboboras,,Mine,Iron,Iron,Open pit,2004,,,,,,Brazil,BRA,,,,,det_1616,
2279,COM01330.01,Vedanta Goa mines,,Codli,,Mine,Iron,Iron ore,Open pit,,,,,,,India,IND,,,,,det_1309,
2280,COM01330.02,Vedanta Goa mines,,Sonshi,,Mine,Iron,Iron ore,Open pit,,,,,,,India,IND,,,,,det_1309,
2281,COM01330.03,Vedanta Goa mines,,Bicholim,,Mine,Iron,Iron ore,Open pit,,,,,,,India,IND,,,,,det_1309,
2282,COM01330.04,Vedanta Goa mines,,Surla,,Mine,Iron,Iron ore,Open pit,,,,,,,India,IND,,,,,det_1309,
2283,COM01334.01,Viking,,Corning,,Mine,Coal,Coal,,,,,,,,United States of America,USA,,,,,det_1640,
2284,COM01334.02,Viking,,Knot,Knox,Mine,Coal,Coal,,,,,,,,United States of America,USA,,,,,det_1393,
2285,COM01342.01,Vorkutaugol,,Vorkutinskoye,,Mine,Coal,Coal,,,,,,,,Russian Federation,RUS,,,,,det_1626,
2286,COM01342.02,Vorkutaugol,,Vorgashorskoye,,Mine,Coal,Coal,,,,,,,,Russian Federation,RUS,,,,,det_1626,
2287,COM01342.03,Vorkutaugol,,Yunyaginskoe,,Mine,Coal,Coal,,,,,,,,Russian Federation,RUS,,,,,det_1626,
2288,COM01346.01,Wafi-Golpu,,Golpu,,Mine,Other mine,"Copper, Gold",Underground,,,,,,,Papua New Guinea,PNG,,,,,det_1605,
2289,COM01346.02,Wafi-Golpu,,Wafi,,Mine,Other mine,"Copper, Gold",Open pit,,,,,,,Papua New Guinea,PNG,,,,,det_1605,
2290,COM01346.03,Wafi-Golpu,,Nambonga,,Mine,Other mine,"Copper, Gold",Underground,,,,,,,Papua New Guinea,PNG,,,,,det_1605,
2291,COM01350.01,Waihi,,Favona,,Mine,Gold,Gold,Underground,,,,,,,New Zealand,NZL,,,,,det_1359,
2292,COM01350.02,Waihi,,Trio,,Mine,Gold,Gold,Underground,,,,,,,New Zealand,NZL,,,,,det_1359,
2293,COM01350.03,Waihi,,Correnso,,Mine,Gold,Gold,Underground,,,,,,,New Zealand,NZL,,,,,det_1359,
2294,COM01350.04,Waihi,,Martha,,Mine,Gold,Gold,Open pit,,,,,,,New Zealand,NZL,,,,,det_1359,
2295,COM01354.01,Watagan,,Ashton,,Mine,Coal,Semi-soft coking coal,,,,,,,,Australia,AUS,,,,,det_1487,
2296,COM01354.02,Watagan,,Austar,,Mine,Coal,semi-hard coking coal,,2006,,,,,,Australia,AUS,,,,,det_1487,
2297,COM01354.03,Watagan,,Donaldson,Abel,Mine,Coal,Coal,,,,,,,,Australia,AUS,,,,,det_1487,
2298,COM01355.01,Weipa,,Amrun,,Mine,Aluminium,Aluminium,Open pit,,,,,,,Australia,AUS,,,,,det_1065,
2299,COM01355.02,Weipa,,East Weipa and Andoom,,Mine,Aluminium,Aluminium,Open pit,,,,,,,Australia,AUS,,,,,det_1065,
2300,COM01363.01,Western Coalfields Limited,,Damua,,Mine,Coal,Coal,,,,,,,,India,IND,,,,,det_1503,
2301,COM01363.02,Western Coalfields Limited,,Ghodawari,,Mine,Coal,Coal,,,,,,,,India,IND,,,,,det_1503,
2302,COM01363.03,Western Coalfields Limited,,Moari,,Mine,Coal,Coal,Underground,,,,,,,India,IND,,,,,det_1503,
2303,COM01363.04,Western Coalfields Limited,,Barkuhi,,Mine,Coal,Coal,,,,,,,,India,IND,,,,,det_1503,
2304,COM01363.05,Western Coalfields Limited,,Umreth,,Mine,Coal,Coal,,,,,,,,India,IND,,,,,det_1503,
2305,COM01363.06,Western Coalfields Limited,,Parasia,,Mine,Coal,Coal,,,,,,,,India,IND,,,,,det_1503,
2306,COM01363.07,Western Coalfields Limited,,Urdhan,,Mine,Coal,Coal,,,,,,,,India,IND,,,,,det_1503,
2307,COM01363.08,Western Coalfields Limited,,Thisgora,,Mine,Coal,Coal,,,,,,,,India,IND,,,,,det_1503,
2308,COM01363.09,Western Coalfields Limited,,Mandla South,,Mine,Coal,Coal,,,,,,,,India,IND,,,,,det_1503,
2309,COM01363.10,Western Coalfields Limited,,Kamptee,,Mine,Coal,Coal,,,,,,,,India,IND,,,,,det_1503,
2310,COM01363.11,Western Coalfields Limited,,Inder,,Mine,Coal,Coal,,,,,,,,India,IND,,,,,det_1503,
2311,COM01363.12,Western Coalfields Limited,,Gondegaon,,Mine,Coal,Coal,,,,,,,,India,IND,,,,,det_1503,
2312,COM01363.13,Western Coalfields Limited,,Bhanegaon,,Mine,Coal,Coal,,,,,,,,India,IND,,,,,det_1503,
2313,COM01363.14,Western Coalfields Limited,,Singhori,,Mine,Coal,Coal,,,,,,,,India,IND,,,,,det_1503,
2314,COM01363.15,Western Coalfields Limited,,Patansaongi,,Mine,Coal,Coal,,,,,,,,India,IND,,,,,det_1503,
2315,COM01363.16,Western Coalfields Limited,,Silwara,,Mine,Coal,Coal,,,,,,,,India,IND,,,,,det_1503,
2316,COM01363.17,Western Coalfields Limited,,MakaDhokda,,Mine,Coal,Coal,,,,,,,,India,IND,,,,,det_1503,
2317,COM01363.18,Western Coalfields Limited,,Majri,,Mine,Coal,Coal,,,,,,,,India,IND,,,,,det_1503,
2318,COM01363.19,Western Coalfields Limited,,Wani North,,Mine,Coal,Coal,,,,,,,,India,IND,,,,,det_1503,
2319,COM01363.20,Western Coalfields Limited,,Neeljai 2,,Mine,Coal,Coal,,,,,,,,India,IND,,,,,det_1503,
2320,COM01363.21,Western Coalfields Limited,,Ghughus,,Mine,Coal,Coal,,,,,,,,India,IND,,,,,det_1503,
2321,COM01363.22,Western Coalfields Limited,,Ghonsa,,Mine,Coal,Coal,,,,,,,,India,IND,,,,,det_1503,
2322,COM01363.23,Western Coalfields Limited,,Mungoli,,Mine,Coal,Coal,,,,,,,,India,IND,,,,,det_1503,
2323,COM01363.24,Western Coalfields Limited,,Penganga,,Mine,Coal,Coal,,,,,,,,India,IND,,,,,det_1503,
2324,COM01363.25,Western Coalfields Limited,,Sector 4,,Mine,Coal,Coal,,,,,,,,India,IND,,,,,det_1503,
2325,COM01363.26,Western Coalfields Limited,,Bhatadi,,Mine,Coal,Coal,,,,,,,,India,IND,,,,,det_1503,
2326,COM01363.27,Western Coalfields Limited,,Padmapur,,Mine,Coal,Coal,,,,,,,,India,IND,,,,,det_1503,
2327,COM01363.28,Western Coalfields Limited,,Mahakali,,Mine,Coal,Coal,Underground,,,,,,,India,IND,,,,,det_1503,
2328,COM01363.29,Western Coalfields Limited,,Nandgaon,,Mine,Coal,Coal,Underground,,,,,,,India,IND,,,,,det_1503,
2329,COM01363.30,Western Coalfields Limited,,Chandrapur,,Mine,Coal,Coal,,,,,,,,India,IND,,,,,det_1503,
2330,COM01363.31,Western Coalfields Limited,,Ballarpur,,Mine,Coal,Coal,,,,,,,,India,IND,,,,,det_1503,
2331,COM01363.32,Western Coalfields Limited,,Sasti,,Mine,Coal,Coal,,,,,,,,India,IND,,,,,det_1503,
2332,COM01363.33,Western Coalfields Limited,,Pauni,,Mine,Coal,Coal,,,,,,,,India,IND,,,,,det_1503,
2333,COM01363.34,Western Coalfields Limited,,Sakhari,,Mine,Coal,Coal,,,,,,,,India,IND,,,,,det_1503,
2334,COM01364.01,Western Range Project,,Mount Tokadeh,,Mine,Iron,Iron,Open pit,,,,,,,Liberia,LBR,,,,,det_1218,
2335,COM01364.02,Western Range Project,,Mount Gangra,,Mine,Iron,Iron,Open pit,,,,,,,Liberia,LBR,,,,,det_1218,
2336,COM01364.03,Western Range Project,,Mount Yuelliton,,Mine,Iron,Iron,Open pit,,,,,,,Liberia,LBR,,,,,det_1218,
2337,COM01368.01,Whim Creek,,Whim Creek,,Mine,Copper,Copper,Open pit,,,,,,,Australia,AUS,,,,,det_1435,
2338,COM01368.02,Whim Creek,,Mons Cupri,,Mine,Copper,Copper,Open pit,,,,,,,Australia,AUS,,,,,det_1435,
2339,COM01371.01,Wildcat Hills/Cottage Grove,,Wildcat Hills,,Mine,Coal,Coal,"Surface, Underground",,,,,,,United States of America,USA,,,,,det_1390,
2340,COM01371.02,Wildcat Hills/Cottage Grove,,Cottage Grove,,Mine,Coal,Coal,Surface,,,,,,,United States of America,USA,,,,,det_1390,
2341,COM01371.03,Wildcat Hills/Cottage Grove,,Willow Lake,,Mine,Coal,Coal,Underground,,,,,,,United States of America,USA,,,,,det_1390,
2342,COM01374.01,Wiluna,,Wiluna,,Mine,Gold,Gold,,,,,,,,Australia,AUS,,,,,det_1501,
2343,COM01374.02,Wiluna,,Regent,,Mine,Gold,Gold,,,,,,,,Australia,AUS,,,,,det_1501,
2344,COM01374.03,Wiluna,,Matilda,,Mine,Gold,Gold,,,,,,,,Australia,AUS,,,,,det_1501,
2345,COM01374.04,Wiluna,,Lake Way,,Mine,Gold,Gold,,,,,,,,Australia,AUS,,,,,det_1501,
2346,COM01374.05,Wiluna,,Galaxy,,Mine,Gold,Gold,,,,,,,,Australia,AUS,,,,,det_1501,
2347,COM01375.01,Windalco,,Ewarton,Ewarton Works,"Mine, Refinery",Aluminium,"Bauxite, Alumina, Alumina hydrate",Open pit,,,,,,,Jamaica,JAM,,,,,det_1280,
2348,COM01375.02,Windalco,,Kirkvine,Kirkvine Works,Mine,Aluminium,Bauxite,Open pit,,,,,,,Jamaica,JAM,,,,,det_1280,
2349,COM01380.01,Xiaoguan,,Xiaoguan,,Mine,Aluminium,Bauxite,,,,,,,,China,CHN,,,,,det_1276,
2350,COM01380.02,Xiaoguan,,Xinmi,,Mine,Aluminium,Bauxite,"Open pit, Underground",,,,,,,China,CHN,,,,,det_1629,
2351,COM01380.03,Xiaoguan,,Gongyi,,Mine,Aluminium,Bauxite,"Open pit, Underground",,,,,,,China,CHN,,,,,det_1276,
2352,COM01380.04,Xiaoguan,,Dengfeng,,Mine,Aluminium,Bauxite,"Open pit, Underground",,,,,,,China,CHN,,,,,det_1276,
2353,COM01383.01,Xinji Mining Area,,Xinji No.1,,Mine,Coal,Coal,Underground,,,,,,,China,CHN,,,,,det_1594,
2354,COM01383.02,Xinji Mining Area,,Xinji No.2,,Mine,Coal,Coal,Underground,,,,,,,China,CHN,,,,,det_1594,
2355,COM01383.03,Xinji Mining Area,,Liuzhuang,,Mine,Coal,Coal,Underground,,,,,,,China,CHN,,,,,det_1594,
2356,COM01383.04,Xinji Mining Area,,Kouzidong,Kouzi East,Mine,Coal,Coal,Underground,,,,,,,China,CHN,,,,,det_1594,
2357,COM01388.01,Yanacocha,,La Quinua,La Quinua Complex,Mine,Gold,Gold,"Open pit, Leach pads",,,,,,,Peru,PER,,,,,det_1631,
2358,COM01388.02,Yanacocha,,Yanacocha,Yanacocha Complex,Mine,Gold,Gold,"Open pit, Leach pads",,,,,,,Peru,PER,,,,,det_1631,
2359,COM01388.03,Yanacocha,,Carachugo,Carachugo Complex,Mine,Gold,Gold,"Open pit, Leach pads",,,,,,,Peru,PER,,,,,det_1631,
2360,COM01388.04,Yanacocha,,Maqui Maqui,,Mine,Gold,Gold,"Open pit, Leach pads",,,,,,,Peru,PER,,,,,det_1631,
2361,COM01389.01,Yancoal International,,Cameby Downs,,Mine,Coal,Thermal coal,Open pit,2010,,,,,,Australia,AUS,,,,,det_1490,
2362,COM01389.02,Yancoal International,,Premier,,Mine,Coal,Thermal coal,Open pit,1996,,,,,,Australia,AUS,,,,,det_1490,
2363,COM01394.01,Yanzhou Shandong Area,,Nantun,,Mine,Coal,Thermal coal,Underground,1973,,,,,,China,CHN,,,,,det_1490,
2364,COM01394.02,Yanzhou Shandong Area,,Xinglongzhuang,,Mine,Coal,Thermal coal,Underground,1981,,,,,,China,CHN,,,,,det_1490,
2365,COM01394.03,Yanzhou Shandong Area,,Baodian,,Mine,Coal,Thermal coal,Underground,1986,,,,,,China,CHN,,,,,det_1490,
2366,COM01394.04,Yanzhou Shandong Area,,Dongtan,,Mine,Coal,Thermal coal,Underground,1989,,,,,,China,CHN,,,,,det_1490,
2367,COM01394.05,Yanzhou Shandong Area,,Jining No. 2,,Mine,Coal,Thermal coal,Underground,1997,,,,,,China,CHN,,,,,det_1490,
2368,COM01394.06,Yanzhou Shandong Area,,Jining No. 3,,Mine,Coal,Thermal coal,Underground,2000,,,,,,China,CHN,,,,,det_1490,
2369,COM01398.01,Yauli,,San Cristobal,,Mine,Zinc,,Underground,,,,,,,Peru,PER,,,,,det_1374,
2370,COM01398.02,Yauli,,Carahuacra,,Mine,Zinc,,Underground,,,,,,,Peru,PER,,,,,det_1374,
2371,COM01398.03,Yauli,,Carahuacra Norte Pit,Gavilán Pit,Mine,Zinc,,,,,,,,,Peru,PER,,,,,det_1374,
2372,COM01398.04,Yauli,,Andaychagua,,Mine,Zinc,,Underground,,,,,,,Peru,PER,,,,,det_1374,
2373,COM01398.05,Yauli,,Ticlio,,Mine,Zinc,,Underground,,,,,,,Peru,PER,,,,,det_1374,
2374,COM01398.06,Yauli,,Toldorumi,,Mine,Zinc,,,,,,,,,Peru,PER,,,,,det_1636,
2375,COM01399.01,Yauricocha,,Mina Central,,Mine,Zinc,,,,,,,,,Peru,PER,,,,,det_1385,
2376,COM01399.02,Yauricocha,,Esperanza,,Mine,Zinc,,,,,,,,,Peru,PER,,,,,det_1385,
2377,COM01399.03,Yauricocha,,Cachi-Cachi,,Mine,Zinc,,,,,,,,,Peru,PER,,,,,det_1385,
2378,COM01399.04,Yauricocha,,Mascota,,Mine,Zinc,,,,,,,,,Peru,PER,,,,,det_1385,
2379,COM01399.05,Yauricocha,,Cuye,,Mine,Zinc,,,,,,,,,Peru,PER,,,,,det_1385,
2380,COM01399.06,Yauricocha,,Cuerpos Pequeños,,Mine,Zinc,,,,,,,,,Peru,PER,,,,,det_1385,
2381,COM01401.01,Yilgarn Project,,Carina,,Mine,Iron,Iron,Open pit,2011,2018,,,,,Australia,AUS,,,,,det_1625,
2382,COM01401.02,Yilgarn Project,,J4,Jackson 4,Mine,Iron,Iron,,,,,,,,Australia,AUS,,,,,det_1241,
2383,COM01401.03,Yilgarn Project,,J5,,Mine,Iron,Iron,,,,,,,,Australia,AUS,,,,,det_1241,
2384,COM01401.04,Yilgarn Project,,Bungalbin East,,Mine,Iron,Iron,,,,,,,,Australia,AUS,,,,,det_1241,
2385,COM01402.01,Yintai Inner Mongolia,,Suancigou,,Mine,Coal,Coal,Underground,2008,,,,,,China,CHN,,,,,det_1580,
2386,COM01402.02,Yintai Inner Mongolia,,Nalinmiao No. 2 Mine,,Mine,Coal,Coal,Underground,2006,,,,,,China,CHN,,,,,det_1580,
2387,COM01402.03,Yintai Inner Mongolia,,Nalinmiao No. 1 Mine,,Mine,Coal,Coal,Open pit,2008,,,,,,China,CHN,,,,,det_1580,
2388,COM01402.04,Yintai Inner Mongolia,,Hongjingta No. 1 Mine,,Mine,Coal,Coal,Underground,2007,,,,,,China,CHN,,,,,det_1580,
2389,COM01402.05,Yintai Inner Mongolia,,Kaida,,Mine,Coal,Coal,Underground,2008,,,,,,China,CHN,,,,,det_1580,
2390,COM01402.06,Yintai Inner Mongolia,,Dadijing,,Mine,Coal,Coal,Underground,2008,,,,,,China,CHN,,,,,det_1580,
2391,COM01402.07,Yintai Inner Mongolia,,Baoshan,,Mine,Coal,Coal,Underground,2007,,,,,,China,CHN,,,,,det_1580,
2392,COM01402.08,Yintai Inner Mongolia,,Tongda,Dingjiaqu,Mine,Coal,Coal,Underground,2008,,,,,,China,CHN,,,,,det_1580,
2393,COM01402.09,Yintai Inner Mongolia,,Chengyi,,Mine,Coal,Coal,,,,,,,,China,CHN,,,,,det_1580,
2394,COM01402.10,Yintai Inner Mongolia,,Talahao,,Mine,Coal,Coal,Underground,2016,,,,,,China,CHN,,,,,det_1580,
2395,COM01407.01,Yuzhkuzbassugol,,Alardinskaya,,Mine,Coal,Metallurgical coal,Underground,1957,,,,,,Russian Federation,RUS,,,,,det_1556,
2396,COM01407.02,Yuzhkuzbassugol,,Essaulskaya,Yesaulskaya,Mine,Coal,Metallurgical coal,Underground,1984,,,,,,Russian Federation,RUS,,,,,det_1556,
2397,COM01407.03,Yuzhkuzbassugol,,Osinnikovskaya,,Mine,Coal,Metallurgical coal,Underground,1933,,,,,,Russian Federation,RUS,,,,,det_1556,
2398,COM01407.04,Yuzhkuzbassugol,,Uskovskaya,,Mine,Coal,Metallurgical coal,Underground,2002,,,,,,Russian Federation,RUS,,,,,det_1556,
2399,COM01407.05,Yuzhkuzbassugol,,Yerunakovskaya-VIII,Yerunakovskaya-8,Mine,Coal,Metallurgical coal,Underground,2013,,,,,,Russian Federation,RUS,,,,,det_1556,
2400,COM01416.01,Zawar,,Mochia,,Mine,Zinc,"Lead, Zinc",Underground,,,,,,,India,IND,,,,,det_1307,
2401,COM01416.02,Zawar,,Balaria,,Mine,Zinc,"Lead, Zinc",Underground,,,,,,,India,IND,,,,,det_1307,
2402,COM01416.03,Zawar,,Zawar Mala,Zawarmala,Mine,Zinc,"Lead, Zinc",Underground,,,,,,,India,IND,,,,,det_1307,
2403,COM01416.04,Zawar,,Baroi,,Mine,Zinc,"Lead, Zinc",Underground,,,,,,,India,IND,,,,,det_1307,
2404,COM01418.01,Zeravshan,,Jilau,,Mine,Gold,,,,,,,,,Tajikistan,TJK,,,,,det_1313,
2405,COM01418.02,Zeravshan,,Taror,,Mine,Gold,,,,,,,,,Tajikistan,TJK,,,,,det_1313,
2406,COM01418.03,Zeravshan,,Khirskhona,,Mine,Gold,,,,,,,,,Tajikistan,TJK,,,,,det_1313,
2407,COM01418.04,Zeravshan,,Olympic mines,,Mine,Gold,,,,,,,,,Tajikistan,TJK,,,,,det_1313,
2408,COM01422.01,Zhezkazgan East and West,,Zhezkazgan West,,Mine,Copper,"Copper, Silver",,,,,,,,Kazakhstan,KAZ,,,,,det_1123,
2409,COM01422.02,Zhezkazgan East and West,,Zhezkazgan East,,Mine,Copper,"Copper, Silver",,,,,,,,Kazakhstan,KAZ,,,,,det_1123,
2410,COM01425.01,Zhezkazgan South and Stepnoy,,Zhezkazgan South,,Mine,Copper,"Copper, Silver",,,,,,,,Kazakhstan,KAZ,,,,,det_1123,
2411,COM01425.02,Zhezkazgan South and Stepnoy,,Zhezkazgan Stepnoy,,Mine,Copper,"Copper, Silver",,,,,,,,Kazakhstan,KAZ,,,,,det_1123,
2412,COM01428.01,Zhunge’er Mines,,Heidaigou,,Mine,Coal,Coal,Open pit,,,,,,,China,CHN,,,,,det_1637,
2413,COM01428.02,Zhunge’er Mines,,Ha’erwusu,Ha’erwusu Branch,Mine,Coal,Coal,Open pit,,,,,,,China,CHN,,,,,det_1637,
